-- MariaDB dump 10.19-11.3.2-MariaDB, for osx10.15 (x86_64)
--
-- Host: localhost    Database: airline
-- ------------------------------------------------------
-- Server version	11.3.2-MariaDB

/*!40101 SET @OLD_CHARACTER_SET_CLIENT=@@CHARACTER_SET_CLIENT */;
/*!40101 SET @OLD_CHARACTER_SET_RESULTS=@@CHARACTER_SET_RESULTS */;
/*!40101 SET @OLD_COLLATION_CONNECTION=@@COLLATION_CONNECTION */;
/*!40101 SET NAMES utf8mb4 */;
/*!40103 SET @OLD_TIME_ZONE=@@TIME_ZONE */;
/*!40103 SET TIME_ZONE='+00:00' */;
/*!40014 SET @OLD_UNIQUE_CHECKS=@@UNIQUE_CHECKS, UNIQUE_CHECKS=0 */;
/*!40014 SET @OLD_FOREIGN_KEY_CHECKS=@@FOREIGN_KEY_CHECKS, FOREIGN_KEY_CHECKS=0 */;
/*!40101 SET @OLD_SQL_MODE=@@SQL_MODE, SQL_MODE='NO_AUTO_VALUE_ON_ZERO' */;
/*!40111 SET @OLD_SQL_NOTES=@@SQL_NOTES, SQL_NOTES=0 */;

--
-- Table structure for table `Airline`
--

DROP TABLE IF EXISTS `Airline`;
/*!40101 SET @saved_cs_client     = @@character_set_client */;
/*!40101 SET character_set_client = utf8 */;
CREATE TABLE `Airline` (
  `airline_id` int(11) NOT NULL AUTO_INCREMENT,
  `name` varchar(255) NOT NULL,
  `star` int(11) DEFAULT NULL,
  PRIMARY KEY (`airline_id`)
) ENGINE=InnoDB AUTO_INCREMENT=3 DEFAULT CHARSET=utf8mb4 COLLATE=utf8mb4_general_ci;
/*!40101 SET character_set_client = @saved_cs_client */;

--
-- Dumping data for table `Airline`
--

LOCK TABLES `Airline` WRITE;
/*!40000 ALTER TABLE `Airline` DISABLE KEYS */;
INSERT INTO `Airline` VALUES
(1,'Garuda Indonesia',5),
(2,'Batik Air',3);
/*!40000 ALTER TABLE `Airline` ENABLE KEYS */;
UNLOCK TABLES;

--
-- Table structure for table `Airline_Staff`
--

DROP TABLE IF EXISTS `Airline_Staff`;
/*!40101 SET @saved_cs_client     = @@character_set_client */;
/*!40101 SET character_set_client = utf8 */;
CREATE TABLE `Airline_Staff` (
  `staff_id` int(11) NOT NULL AUTO_INCREMENT,
  `airline_id` int(11) DEFAULT NULL,
  `fullname` varchar(255) DEFAULT NULL,
  `email` varchar(255) DEFAULT NULL,
  `password` varchar(255) DEFAULT NULL,
  `position` varchar(255) DEFAULT NULL,
  PRIMARY KEY (`staff_id`),
  UNIQUE KEY `email` (`email`),
  KEY `airline_id` (`airline_id`),
  CONSTRAINT `airline_staff_ibfk_1` FOREIGN KEY (`airline_id`) REFERENCES `Airline` (`airline_id`)
) ENGINE=InnoDB DEFAULT CHARSET=utf8mb4 COLLATE=utf8mb4_general_ci;
/*!40101 SET character_set_client = @saved_cs_client */;

--
-- Dumping data for table `Airline_Staff`
--

LOCK TABLES `Airline_Staff` WRITE;
/*!40000 ALTER TABLE `Airline_Staff` DISABLE KEYS */;
/*!40000 ALTER TABLE `Airline_Staff` ENABLE KEYS */;
UNLOCK TABLES;

--
-- Table structure for table `Flight`
--

DROP TABLE IF EXISTS `Flight`;
/*!40101 SET @saved_cs_client     = @@character_set_client */;
/*!40101 SET character_set_client = utf8 */;
CREATE TABLE `Flight` (
  `flight_id` int(11) NOT NULL AUTO_INCREMENT,
  `airline_id` int(11) DEFAULT NULL,
  `route` varchar(255) DEFAULT NULL,
  `date` date DEFAULT NULL,
  `time` time DEFAULT NULL,
  `aircraft_type` varchar(255) DEFAULT NULL,
  PRIMARY KEY (`flight_id`),
  KEY `airline_id` (`airline_id`),
  CONSTRAINT `flight_ibfk_1` FOREIGN KEY (`airline_id`) REFERENCES `Airline` (`airline_id`)
) ENGINE=InnoDB AUTO_INCREMENT=784 DEFAULT CHARSET=utf8mb4 COLLATE=utf8mb4_general_ci;
/*!40101 SET character_set_client = @saved_cs_client */;

--
-- Dumping data for table `Flight`
--

LOCK TABLES `Flight` WRITE;
/*!40000 ALTER TABLE `Flight` DISABLE KEYS */;
INSERT INTO `Flight` VALUES
(1,1,'Amsterdam to Jakarta','2024-07-01',NULL,'Boeing 777-300-ER'),
(2,1,'Jakarta to Amsterdam','2024-06-01',NULL,'Boeing 777-300-ER'),
(3,1,'Jakarta to Sorong','2024-06-01',NULL,'Boeing 737-800'),
(4,1,'Jakarta to Amsterdam','2024-05-01',NULL,'Boeing 777-300-ER'),
(5,1,'Haneda to Jakarta','2024-05-01',NULL,'A330 Neo'),
(6,1,'Amsterdam to Jakarta','2024-05-01',NULL,'Boeing 777-300-ER'),
(7,1,'Jakarta to Sorong','2024-04-01',NULL,'A320'),
(8,1,'Ternate to Jakarta','2024-04-01',NULL,'Boeing 737-800'),
(9,1,'Jakarta to Hong Kong','2024-04-01',NULL,'A330-300'),
(10,1,'Amsterdam to Jakarta','2024-03-01',NULL,'Boeing 777-300-ER'),
(11,1,'Jakarta to Amsterdam','2024-03-01',NULL,'Boeing 777-300-ER'),
(12,1,'Jakarta to Sorong','2024-02-01',NULL,'Boeing 737-800 '),
(13,1,'Jakarta to Sydney','2024-02-01',NULL,'A300-300'),
(14,1,'Sorong to Jakarta','2024-02-01',NULL,'Boeing 737-800'),
(15,1,'Jakarta to Sorong','2024-02-01',NULL,'Boeing 737-800'),
(16,1,'Jakarta to Sydney ','2024-02-01',NULL,'A330-300'),
(17,1,'Denpasar, Bali to Jakarta','2024-02-01',NULL,'A330-300'),
(18,1,'Jakarta to Denpasar Bali','2024-02-01',NULL,'Boeing 777-300-ER'),
(19,1,'Tokyo Haneda to Jakarta','2024-01-01',NULL,'A330-300'),
(20,1,'Jakarta to Yogyakarta','2024-01-01',NULL,NULL),
(21,1,'Jakarta to Tokyo Haneda','2024-01-01',NULL,'A330-300'),
(22,1,'Amsterdam to Jakarta','2023-12-01',NULL,'Boeing 777-300-ER'),
(23,1,'Jakarta to Amsterdam','2023-12-01',NULL,'Boeing 777-300-ER '),
(24,1,'Sorong to Jakarta','2023-12-01',NULL,'Boeing 737-800'),
(25,1,'Melbourne to Jakarta','2023-12-01',NULL,NULL),
(26,1,'Jakarta to Sorong','2023-12-01',NULL,'Boeing 737-800'),
(27,1,'Melbourne to Denpasar','2023-11-01',NULL,'A300-330 / A330 neo'),
(28,1,'Denpasar, Bali to Jakarta','2023-11-01',NULL,'Boeing 777-300-ER'),
(29,1,'Jakarta to Denpasar, Bali','2023-11-01',NULL,'A330-900'),
(30,1,'Denpasar to Sydney','2023-10-01',NULL,'A330-300'),
(31,1,'Singapore to Jakarta','2023-10-01',NULL,'Boeing 737-800'),
(32,1,'Sorong to Jakarta','2023-10-01',NULL,'Boeing 737-800'),
(33,1,'Sydney to Denpasar','2023-10-01',NULL,'A330-300'),
(34,1,'Jakarta to Sorong','2023-10-01',NULL,'Boeing 737-800'),
(35,1,'Amsterdam to Jakarta','2023-10-01',NULL,'Boeing 777-300-ER'),
(36,1,'Jakarta to Amsterdam','2023-09-01',NULL,'Boeing 777-300-ER'),
(37,1,'Bali to Amsterdam via Jakarta','2023-09-01',NULL,'Boeing 777-300ER'),
(38,1,'Jakarta to Denpasar Bali','2023-09-01',NULL,'A330-900'),
(39,1,'Sorong to Jakarta','2023-08-01',NULL,'Boeing 737-800'),
(40,1,'Jakarta to Sorong','2023-08-01',NULL,'Boeing 737-800'),
(41,1,'Surabaya to Jakarta','2023-08-01',NULL,'Boeing 737-800 NG'),
(42,1,'Tokyo Narita to Denpasar ','2023-08-01',NULL,NULL),
(43,1,'Amsterdam to Jakarta','2023-08-01',NULL,'Boeing 777-300-ER'),
(44,1,'Jakarta to Amsterdam','2023-07-01',NULL,'Boeing 777-300-ER'),
(45,1,'Singapore to Jakarta','2023-07-01',NULL,'Boeing 737-800'),
(46,1,'Sorong to Jakarta','2023-07-01',NULL,'Boeing 737-800'),
(47,1,'Jakarta to Sorong','2023-07-01',NULL,'Boeing 737-800'),
(48,1,'Amsterdam to Jakarta','2023-07-01',NULL,'Boeing 777-300-ER'),
(49,1,'Jakarta to Amsterdam','2023-06-01',NULL,'Boeing 777-300-ER'),
(50,1,'Denpasar, Bali to Jakarta','2023-06-01',NULL,'A330-300'),
(51,1,'Jakarta to Denpasar Bali','2023-06-01',NULL,'A330-300'),
(52,1,'Sorong to Jakarta','2023-05-01',NULL,'Boeing 737-800'),
(53,1,'Jakarta to Sorong','2023-05-01',NULL,'Boeing 737-800'),
(54,1,'Amsterdam to Jakarta','2023-05-01',NULL,'Boeing 777-300-ER'),
(55,1,'Denpasar to Sydney','2023-04-01',NULL,'A330-300'),
(56,1,'Singapore to Jakarta','2023-04-01',NULL,'A330-20'),
(57,1,'Amsterdam to Jakarta','2023-04-01',NULL,'Boeing 777-300-ER'),
(58,1,'Jakarta to Singapore','2023-03-01',NULL,'Boeing 737-800'),
(59,1,'Jakarta to Singapore','2023-03-01',NULL,NULL),
(60,1,'Jakarta to Sorong','2023-03-01',NULL,'Boeing 737-800'),
(61,1,'Denpasar Bali to Jakarta','2023-02-01',NULL,'A330-300'),
(62,1,'Jakarta to Denpasar Bali','2023-02-01',NULL,'Boeing 777-300-ER'),
(63,1,'Amsterdam to Jakarta','2023-02-01',NULL,'Boeing 777-300-ER'),
(64,1,'Jakarta to Amsterdam','2023-02-01',NULL,'Boeinf777-300-ER'),
(65,1,'Sorong to Jakarta','2023-01-01',NULL,'Boeing 737-800'),
(66,1,'Amsterdam to Jakarta','2022-12-01',NULL,'Boeing 777-300-ER'),
(67,1,'Jakarta to Amsterdam','2022-12-01',NULL,NULL),
(68,1,'Denpasar, Bali to Jakarta','2022-11-01',NULL,'Boeing 777-300-ER'),
(69,1,'Jakarta to Bali','2022-11-01',NULL,'Boeing 777-300-ER'),
(70,1,'Denpasar Medan via Jakarta','2022-10-01',NULL,NULL),
(71,1,'Yogyakarta to Jakarta','2022-11-01',NULL,NULL),
(72,1,'Jakarta to Sorong','2022-10-01',NULL,'Boeing 737-800'),
(73,1,'Amsterdam to Jakarta','2022-10-01',NULL,'Boeing 777-300-ER'),
(74,1,'Jakarta to Amsterdam','2022-10-01',NULL,'Boeing 777-300-ER'),
(75,1,'Amsterdam to Jakarta','2022-08-01',NULL,'Boeing 777-300-ER'),
(76,1,'Jakarta to Amsterdam','2022-08-01',NULL,'Boeing 777-300-ER'),
(77,1,'Kuala Lumpur to Denpasar via Jakarta','2022-06-01',NULL,'Boeing 737-800'),
(78,1,'Denpasar to Jakarta','2022-07-01',NULL,'Boeing 777-300'),
(79,1,'Amsterdam to Jakarta','2022-06-01',NULL,'Boeing 777-300-ER'),
(80,1,'Jakarta to Amsterdam','2022-06-01',NULL,'Boeing 777-300-ER'),
(81,1,'Jakarta Soekarno-Hatta to Manado','2022-04-01',NULL,'Boeing 737-800'),
(82,1,'Bali to Jakarta','2021-08-01',NULL,'A330 900 neo'),
(83,1,'Perth to Jakarta','2020-07-01',NULL,NULL),
(84,1,'Denpasar to Amsterdam via Jakarta ','2021-05-01',NULL,'Boeing 777-300ER'),
(85,1,'Amsterdam to Jakarta','2021-03-01',NULL,'Boeing 777-300ER'),
(86,1,'Denpasar Bali to Bandung','2021-01-01',NULL,'Boeing 737-800'),
(87,1,'Jakarta to Denpasar Bali','2021-01-01',NULL,'Boeing 737-800'),
(88,1,'Denpasar to Auckland via Australia','2020-12-01',NULL,NULL),
(89,1,'Amsterdam to Surabaya via Jakrta','2019-11-01',NULL,NULL),
(90,1,'Melbourne to Denpasar','2020-07-01',NULL,NULL),
(91,1,'Denpasar to Amsterdam via Jakarta','2020-04-01',NULL,'Boeing 737 / 777-300ER'),
(92,1,'Jakarta to Amsterdam','2020-04-01',NULL,NULL),
(93,1,'Surabaya to Jakarta','2020-04-01',NULL,NULL),
(94,1,'Surabaya to Tokyo via Jakarta','2020-03-01',NULL,NULL),
(95,1,'Bangkok to Jakarta','2020-03-01',NULL,'Boeing 737-NG'),
(96,1,'Denpasar to Amsterdam via Jakarta','2020-03-01',NULL,'Boeing 777-300ER'),
(97,1,'Sorong to Jakarta','2020-03-01',NULL,NULL),
(98,1,'Yogyakarta to Jakarta','2020-02-01',NULL,'Boeing 737-800'),
(99,1,'Jakarta to Sorong','2020-02-01',NULL,'Boeing 737-800'),
(100,1,'Ball to Sydney','2020-01-01',NULL,NULL),
(101,1,'Beijing to Denpasar Bali','2020-01-01',NULL,'A330-300'),
(102,1,'Melbourne to Denpasar Bali','2019-12-01',NULL,'A330-300'),
(103,1,'Jakarta to Tokyo Haneda','2020-02-01',NULL,'Boeing 777-300-ER'),
(104,1,'Tanjung Pandan to Semarang via Jakarta','2020-02-01',NULL,'Boeing 737-800'),
(105,1,'Palembang to Jakarta','2020-01-01',NULL,'B737800'),
(106,1,'Amsterdam to Jakarta via Medan','2020-01-01',NULL,'Boeing 777-300 ER'),
(107,1,'Amsterdam to Denpasar via Medan','2019-12-01',NULL,'A330 900 neo'),
(108,1,'Denpasar to London via Medan','2020-01-01',NULL,'Boeing 777 300'),
(109,1,'Jakarta to Amsterdam via Medan','2020-01-01',NULL,'Boeing 777-300ER'),
(110,1,'Denpasar to Sydney','2020-01-01',NULL,'A330'),
(111,1,'London to Denpasar via Medan','2019-12-01',NULL,'A330 200'),
(112,1,'Denpasar to Sydney','2020-01-01',NULL,'A330-300'),
(113,1,'Bali to Perth','2020-01-01',NULL,NULL),
(114,1,'Denpasar to Beijing','2020-01-01',NULL,'A330'),
(115,1,'Jakarta to Sorong','2020-01-01',NULL,'Boeing 737-800 NG'),
(116,1,'Tokyo to Jakarta','2019-12-01',NULL,'Boeing 777-300 ER'),
(117,1,'Jakarta to Sydney','2019-07-01',NULL,NULL),
(118,1,'Jakarta to Tokyo Haneda','2019-12-01',NULL,'Boeing 777-300 ER'),
(119,1,'Jakarta to Singapore','2019-12-01',NULL,'Boeing 737-800NG'),
(120,1,'Denpasar to Amsterdam via Medan','2019-12-01',NULL,'A330-900neo'),
(121,1,'Amsterdam to Denpasar via Medan','2019-12-01',NULL,'A330-200'),
(122,1,'London to Bali via Medan','2019-12-01',NULL,NULL),
(123,1,'Singapore to Jakarta','2019-12-01',NULL,'Boeing 737-800'),
(124,1,'Jakarta to Bali','2019-02-01',NULL,'A330-300'),
(125,1,'Seoul to Jakarta','2019-12-01',NULL,NULL),
(126,1,'Osaka to Jakarta','2019-12-01',NULL,NULL),
(127,1,'Timika to Nabire','2019-11-01',NULL,NULL),
(128,1,'Jogjakarta to Sydney via Denpasar','2019-11-01',NULL,NULL),
(129,1,'Sorong to Jakarta','2019-11-01',NULL,'Boeing 737-800'),
(130,1,'Jakarta to Yogyakarta','2019-10-01',NULL,'Boeing 737-800'),
(131,1,'Singapore to Jakarta','2019-10-01',NULL,'Boeing 737-800'),
(132,1,'Bali to Melbourne','2019-10-01',NULL,'A330'),
(133,1,'Denpasar-Bali to Perth','2019-10-01',NULL,'Boeing 737-800'),
(134,1,'Singapore to Kupang via Jakarta','2019-06-01',NULL,'Boeing 737-800NG'),
(135,1,'Denpasar to Melbourne','2019-10-01',NULL,NULL),
(136,1,'Denpasar to Perth','2019-10-01',NULL,'Boeing 737'),
(137,1,'Denpasar to Amsterdam via Medan','2019-10-01',NULL,NULL),
(138,1,'Denpasar to Lombok','2019-10-01',NULL,'Boeing 737-800'),
(139,1,'Jakarta to Jogjakarta','2019-10-01',NULL,'Boeing 737'),
(140,1,'Perth to Amsterdam via Jakarta','2019-10-01',NULL,NULL),
(141,1,'Singapore to Jakarta','2019-10-01',NULL,'A330-200 / Boeing 737-800'),
(142,1,'Shanghai to Denpasar','2019-10-01',NULL,'A330'),
(143,1,'Denpasar to Jakarta','2019-10-01',NULL,'A330-200'),
(144,1,'Jakarta to Denpasar Bali','2019-10-01',NULL,'A330-200'),
(145,1,'Bali to Perth','2019-09-01',NULL,'Boeing 737-800'),
(146,1,'London to Sydney via Denpasar','2019-09-01',NULL,'Airbu'),
(147,1,'Tokyo to Denpasar Bali','2019-08-01',NULL,NULL),
(148,1,'Jakarta to Sorong','2019-09-01',NULL,'Boeing 737-800 NG'),
(149,1,'Palembang to Jakarta','2019-09-01',NULL,'Boeing 737-800'),
(150,1,'Jakarta to Tel Aviv via Amsterdam','2019-09-01',NULL,'Boeing 777-300ER'),
(151,1,'Tokyo Haneda to Jakarta','2019-09-01',NULL,'Boeing 777-300 ER'),
(152,1,'Jakarta to Tokyo via Denpasar','2019-09-01',NULL,'Boeing 777-300 ER'),
(153,1,'London to Denpasar via Medan','2019-09-01',NULL,'A330 200'),
(154,1,'Jakarta to Singapore','2019-09-01',NULL,'Boeing 737-800'),
(155,1,'Sorong to Jakarta','2019-09-01',NULL,'Boeing 737-800 NG'),
(156,1,'Bali to Melbourne','2019-08-01',NULL,NULL),
(157,1,'Jakarta to Denpasar','2019-08-01',NULL,'A330-300'),
(158,1,'Tanjung Pinang to Jakarta ','2019-08-01',NULL,'Boeing 737-800'),
(159,1,'London to Depasar','2019-08-01',NULL,NULL),
(160,1,'Jakarta to Sorong','2019-08-01',NULL,'Boeing 737-800-NG'),
(161,1,'Jayapura to Surabaya via Makassar','2019-08-01',NULL,NULL),
(162,1,'Perth to Denpasar','2019-08-01',NULL,NULL),
(163,1,'Denpasar-Bali to London via Medan','2019-08-01',NULL,NULL),
(164,1,'Sydney to Yogyakarta via Jakarta','2019-08-01',NULL,NULL),
(165,1,'Amsterdam to Jakarta','2019-08-01',NULL,'Boeing 777-300ER'),
(166,1,'Singapore to Jakarta','2019-08-01',NULL,'Boeing737-800 NG'),
(167,1,'Jakarta to London via Medan','2019-07-01',NULL,'Boeing 777-300ER'),
(168,1,'Sorong to Jakarta','2019-08-01',NULL,'Boeing 737-800'),
(169,1,'Jakarta to Makassar','2018-10-01',NULL,'B737-800'),
(170,1,'Singapore to Jakarta','2019-07-01',NULL,'Boeing 737-800NG'),
(171,1,'Singapore to Makassar via Jakarta','2019-03-01',NULL,NULL),
(172,1,'Denpasar to Xian','2019-05-01',NULL,NULL),
(173,1,'Jakarta to Pontianak','2019-06-01',NULL,'Boeing 737-800 NG'),
(174,1,'Surabaya to Jakarta','2019-07-01',NULL,'Boeing 737'),
(175,1,'Medan to Jakarta','2019-06-01',NULL,'Boeing 737-800'),
(176,1,'Amsterdam to Jakarta','2019-06-01',NULL,'Boeing 777-300'),
(177,1,'Jakarta to Singapore','2019-07-01',NULL,NULL),
(178,1,'Sydney to Jakarta','2019-06-01',NULL,'A330-200'),
(179,1,'Amsterdam to Jakarta','2019-07-01',NULL,'Boeing 777-300er'),
(180,1,'Jakarta to London','2019-07-01',NULL,'Boeing 777-300ER'),
(181,1,'Denpasar to Bandung','2019-07-01',NULL,'Boeing 737-800'),
(182,1,'Jakarta to London','2019-06-01',NULL,'Boeing 777-300'),
(183,1,'Sydney to Jakarta','2019-02-01',NULL,NULL),
(184,1,'Jakarta to Sorong','2019-06-01',NULL,'Boeing 737-800-NG'),
(185,1,'Jakarta to Yogyakarta','2019-05-01',NULL,'Boeing 737-800'),
(186,1,'Jakarta to Singapore','2019-05-01',NULL,'Boeing 737-800-NG'),
(187,1,'Sorong to Jakarta','2019-05-01',NULL,'Boeing 737-800-NG'),
(188,1,'Palembang to Jakarta','2019-05-01',NULL,'Boeing 737-800 NG'),
(189,1,'Jakarta to Sorong','2019-05-01',NULL,'Boeing 737-800-NG'),
(190,1,'London to Jakarta via Denpasar','2019-05-01',NULL,'Boeing 777-300-ER'),
(191,1,'Jakarta to Yogyakarta','2019-04-01',NULL,'Boeing 737-800NG'),
(192,1,'Jakarta to London','2019-04-01',NULL,'Boeing 777-300-ER'),
(193,1,'Sorong to Jakarta','2019-04-01',NULL,'Boeing 737-800'),
(194,1,'Yogyakarta to Jakarta','2019-04-01',NULL,'737-800'),
(195,1,'Jakarta to Yogyakarta','2019-04-01',NULL,'Boeing 737-800'),
(196,1,'Tokyo to Jakarta','2019-04-01',NULL,'Boeing 777-300ER'),
(197,1,'Jakarta to Amsterdam','2019-03-01',NULL,'Boeing 777 300 ER'),
(198,1,'Singapore to Bali','2019-03-01',NULL,NULL),
(199,1,'Pontianak to Jakarta','2019-03-01',NULL,'Boeing 737-800NG'),
(200,1,'Jakarta to Sorong','2019-03-01',NULL,'Boeing 737-800-NG'),
(201,1,'Tokyo Haneda to Jakarta','2019-03-01',NULL,'Boeing 777-300-ER'),
(202,1,'Jakarta to Haneda, Tokyo','2019-03-01',NULL,'Boeing 777-300-ER'),
(203,1,'Singapore to Jakarta','2019-03-01',NULL,'Boeing 737-800NG'),
(204,1,'Melbourne to Jakarta','2019-03-01',NULL,NULL),
(205,1,'Jakarta to Amsterdam','2019-03-01',NULL,NULL),
(206,1,'Singapore to Jakarta','2019-02-01',NULL,NULL),
(207,1,'Jakarta to Melbourne','2019-02-01',NULL,'A330'),
(208,1,'Jakarta to London','2019-01-01',NULL,'Boeing 777'),
(209,1,'Jakarta to Sydney via Denpasar','2019-01-01',NULL,'A330'),
(210,1,'Jakarta to Sorong','2019-02-01',NULL,'Boeing 737-800NG'),
(211,1,'Melbourne to Jakarta','2019-01-01',NULL,NULL),
(212,1,'Bali to Melbourne','2019-01-01',NULL,'A330'),
(213,1,'Lombok to Sumbawa','2019-01-01',NULL,NULL),
(214,1,'Bali to Lombok','2019-01-01',NULL,NULL),
(215,1,'Melbourne to Bali','2019-01-01',NULL,'A330'),
(216,1,'London to Jakarta via Denpasar','2019-02-01',NULL,'Boeing 777-300-ER'),
(217,1,'Jakarta to London','2019-01-01',NULL,'Boeing 777-300-ER'),
(218,1,'Singapore to Bali','2019-01-01',NULL,'Boeing 737'),
(219,1,'Perth to Denpasar','2019-01-01',NULL,NULL),
(220,1,'Melbourne to Surabaya via Jakarta','2018-12-01',NULL,'A330-300 / Boeing 737-800NG'),
(221,1,'Sydney to Jakarta','2018-12-01',NULL,'A330-300'),
(222,1,'Tokyo to Jakarta via Denpasar','2018-12-01',NULL,'Boeing 777-300-ER'),
(223,1,'Jakarta to Amsterdam','2018-12-01',NULL,'Boeing 777-300ER'),
(224,1,'Jakarta to Tokyo via Denpasar','2018-12-01',NULL,'Boeing 777-300ER'),
(225,1,'Jakarta to Sorong','2018-12-01',NULL,'Boeing 737-800NG'),
(226,1,'Jakarta to Singapore','2018-12-01',NULL,'A330-200'),
(227,1,'Amsterdam to Denpasar via Jakarta','2018-01-01',NULL,'Boeing 777-300er'),
(228,1,'Jakarta to Amsterdam','2018-12-01',NULL,'Boeing 777-300'),
(229,1,'Jakarta to Yogyakarta','2018-11-01',NULL,NULL),
(230,1,'Semarang to Surabaya','2018-11-01',NULL,'CRJ 1000'),
(231,1,'Perth to Denpasar','2018-11-01',NULL,'A330'),
(232,1,'Sorong to Jakarta','2018-11-01',NULL,'Boeing 737-800NG'),
(233,1,'Jakarta to Denpasar Bali','2018-11-01',NULL,'A330-200'),
(234,1,'Hong Kong to Jakarta','2018-11-01',NULL,'A330-200'),
(235,1,'London to Jakarta','2018-10-01',NULL,'Boeing 777-300-ER'),
(236,1,'Denpasar to Perth','2018-10-01',NULL,'A300-300'),
(237,1,'Palembang to Brussels via Jakarta / Amsterdam','2018-10-01',NULL,'Boeing 777'),
(238,1,'Jakarta to London','2018-10-01',NULL,'Boeing 777-300-ER'),
(239,1,'Singapore to Surabaya','2018-10-01',NULL,'Boeing 737-800'),
(240,1,'Jakarta to Haneda Tokyo','2018-07-01',NULL,'A330-300'),
(241,1,'Melbourne to Denpasar','2018-10-01',NULL,NULL),
(242,1,'London to Jakarta','2018-10-01',NULL,'Boeing 777-300'),
(243,1,'Singapore to Jakarta','2018-10-01',NULL,'Boeing 737-800'),
(244,1,'Amsterdam to Melbourne via Jakarta','2018-09-01',NULL,'Boeing 777-300ER'),
(245,1,'Jakarta to Singapore','2018-10-01',NULL,'A330-200'),
(246,1,'Hong Kong to Denpasar Bali','2018-09-01',NULL,'Boeing 737'),
(247,1,'Jakarta to London','2018-09-01',NULL,'Boeing 777-300ER'),
(248,1,'Singapore to Jakarta','2018-09-01',NULL,'Boeing 737-800NG'),
(249,1,'Jakarta to Singapore','2018-09-01',NULL,'Boeing 737-800NG'),
(250,1,'Makassar to Jakarta','2018-09-01',NULL,'Boeing 737-800NG'),
(251,1,'Denpasar to Jakarta','2018-08-01',NULL,'A330-300'),
(252,1,'London to Jakarta','2018-08-01',NULL,'Boeing 777-300ER'),
(253,1,'Jakarta to London Heathrow','2018-08-01',NULL,'Boeing 777-300ER'),
(254,1,'Jakarta to Denpasar','2018-07-01',NULL,NULL),
(255,1,'Singapore to Jakarta','2018-07-01',NULL,'Boeing 737-800'),
(256,1,'Bali to Palangkaraya','2018-05-01',NULL,NULL),
(257,1,'Jakarta to Singapore','2018-07-01',NULL,'Boeing 737-800'),
(258,1,'Medan Kuala Namu to Jakarta','2018-07-01',NULL,'Boeing 737-800'),
(259,1,'Sydney to Denpasar','2017-08-01',NULL,'A330'),
(260,1,'Melbourne to London Heathrow via Jakarta','2018-06-01',NULL,'A330 & Boeing 777-300'),
(261,1,'Singapore to Jakarta','2018-07-01',NULL,NULL),
(262,1,'Denpasar to Jakarta','2018-07-01',NULL,'A330 300'),
(263,1,'London to Jakarta','2018-07-01',NULL,'Boeing 777-300-ER'),
(264,1,'Jakarta to London','2018-06-01',NULL,'Boeing 777-300ER'),
(265,1,'Perth to Denpasar','2018-06-01',NULL,'A330-300'),
(266,1,'London to Jakarta','2018-06-01',NULL,'Boeing 777-300-ER'),
(267,1,'Jakarta to Bangkok','2018-05-01',NULL,'Boeing 737-800'),
(268,1,'Jakarta to Denpasar','2018-06-01',NULL,'A330-300'),
(269,1,'Surabaya to Jakatra','2018-06-01',NULL,'Boeing 737-800'),
(270,1,'Surabaya to Denpasar','2018-06-01',NULL,'Boeing 737-800'),
(271,1,'Jakarta to Denpasar','2018-06-01',NULL,'Boeing 737-800'),
(272,1,'Singapore to Jakarta','2018-06-01',NULL,'Boeing 737-800'),
(273,1,'Jakarta to Singapore','2018-06-01',NULL,'A330-300'),
(274,1,'Jakarta to Denpasar','2018-06-01',NULL,'Boeing 777-300'),
(275,1,'Manado to Denpasar via Jakarta','2018-05-01',NULL,'Boeing 737-800'),
(276,1,'Jakarta to Jeddah','2018-02-01',NULL,'Boeing 777-300ER'),
(277,1,'Jakarta to Singapore','2018-05-01',NULL,NULL),
(278,1,'Singapore to Jakarta','2018-04-01',NULL,NULL),
(279,1,'London to Sydney via Jakarta','2018-04-01',NULL,'Boeing 777-300'),
(280,1,'London Heathrow to Jakarta','2018-04-01',NULL,'Boeing 777-300ER'),
(281,1,'Denpasar to Melbourne','2018-04-01',NULL,'A330-300'),
(282,1,'Jakarta to London Heathrow','2018-04-01',NULL,'Boeing 777-300-ER'),
(283,1,'Singapore to Jakarta','2018-04-01',NULL,'Boeing 737-800'),
(284,1,'Melbourne to London Heathrow via Jakarta','2018-04-01',NULL,'Airbus and Boeing 777-300ER'),
(285,1,'Jakarta to Singapore','2018-04-01',NULL,'A330-200'),
(286,1,'Jakarta to London','2018-03-01',NULL,NULL),
(287,1,'Kupang to Singapore via Surabaya, Jakarta','2017-11-01',NULL,'Boeing 737-800NG / A330-200'),
(288,1,'Surabaya to Singapore','2018-01-01',NULL,'Boeing 737-800NG'),
(289,1,'London Heathrow to Sydney via Jakarta','2018-03-01',NULL,'Boeing 777 / A330-300'),
(290,1,'London Heathrow to Jakarta','2018-03-01',NULL,'Boeing 777-300-ER'),
(291,1,'Jakarta to London Heathrow','2018-03-01',NULL,'Boeing 777-300-ER'),
(292,1,'Ambon to Surabaya','2018-02-01',NULL,'CRJ-1000'),
(293,1,'Jakarta to Padang','2018-02-01',NULL,'Boeing 737-800'),
(294,1,'Makassar to Jakarta','2018-02-01',NULL,NULL),
(295,1,'London Heathrow to Jakarta','2018-02-01',NULL,'Boeing 777-300ER'),
(296,1,'Singapore to Shanghai via Jakarta','2018-02-01',NULL,NULL),
(297,1,'Jakarta to London','2018-01-01',NULL,'Boeing 777-300ER'),
(298,1,'Surabaya to Jakarta','2018-01-01',NULL,'A330-200'),
(299,1,'Jakarta to Surabaya','2018-01-01',NULL,'A 330-200'),
(300,1,'Singapore to Jakarta','2018-01-01',NULL,'Boeing 737-800'),
(301,1,'Jakarta to Singapore','2018-01-01',NULL,'Boeing 737-800'),
(302,1,'Medan to Jakarta','2018-01-01',NULL,'A330-200'),
(303,1,'Jakarta to Bali','2018-01-01',NULL,'Boeing 777-300(ER)'),
(304,1,'London to Jakarta','2017-12-01',NULL,'Boeing 777-300ER'),
(305,1,'Banyuwangi to Jakarta','2017-12-01',NULL,'CRJ1000'),
(306,1,'Jakarta to Hong Kong','2017-12-01',NULL,'A330'),
(307,1,'Jakarta to Banyuwangi','2017-12-01',NULL,NULL),
(308,1,'Sydney to Jakarta','2017-12-01',NULL,'A330-300'),
(309,1,'Tokyo to Yogayakrta via Denpasar','2017-12-01',NULL,'Boeing 777-300-ER'),
(310,1,'Denpasar to Tokyo Narita','2017-12-01',NULL,'Boeing 777-300ER'),
(311,1,'Bali to Jakarta','2017-12-01',NULL,NULL),
(312,1,'Jakarta to Amsterdam','2017-09-01',NULL,NULL),
(313,1,'Yogyakarta to Jakarta','2017-12-01',NULL,'Boeing 737'),
(314,1,'Jakarta to Melbourne','2017-12-01',NULL,NULL),
(315,1,'London Heathrow to Jakarta','2017-12-01',NULL,'Boeing 777-300-ER'),
(316,1,'Bangkok to Jakarta','2017-12-01',NULL,'Boeing 737-800'),
(317,1,'Jakarta to London','2017-11-01',NULL,'Boeing 777-300-ER'),
(318,1,'Singapore to Jakarta','2017-12-01',NULL,'A330-200'),
(319,1,'Jakarta to Bangkok','2017-10-01',NULL,'Boeing 737-800'),
(320,1,'Denpasar to Singapore','2017-11-01',NULL,NULL),
(321,1,'Surabaya to Jakarta','2017-08-01',NULL,'Boeing 737-800'),
(322,1,'Bandar Lampung to Denpasar via Jakarta','2017-11-01',NULL,'Boeing 737-800'),
(323,1,'Amsterdam to Jakarta','2017-10-01',NULL,'Boeing 777-300ER'),
(324,1,'Jakarta to Denpasar','2017-11-01',NULL,'A330-300'),
(325,1,'Tanjung to Balikpapan','2017-11-01',NULL,'Bombardier CRJ-1000'),
(326,1,'Jakarta to Denpasar','2017-11-01',NULL,'Boeing 737-800'),
(327,1,'Jakarta to Sydney','2017-11-01',NULL,'A330-300'),
(328,1,'Denpasar to Jakarta ','2017-11-01',NULL,'A333'),
(329,1,'Yogyakarta to Jakarta','2017-10-01',NULL,NULL),
(330,1,'Singapore to Jakarta','2017-10-01',NULL,'Boeing 737-800'),
(331,1,'Jakarta to Amsterdam','2017-10-01',NULL,'Boeing 777-300ER'),
(332,1,'London to Jakarta','2017-10-01',NULL,'Boeing 777'),
(333,1,'Jakarta to Hong Kong','2017-10-01',NULL,'A330-200'),
(334,1,'Bali to London via Singapore','2017-10-01',NULL,'Boeing 777'),
(335,1,'Jakarta to Solo','2017-10-01',NULL,'Boeing 737-800'),
(336,1,'Amsterdam to Jakarta','2017-09-01',NULL,'Boeing 777-300ER'),
(337,1,'Jakarta to Amsterdam via Singapore','2017-09-01',NULL,'Boeing 777-300'),
(338,1,'Jakarta to Tokyo ','2017-07-01',NULL,'A330-300'),
(339,1,'PLM to CGK','2017-10-01',NULL,'Boeing 737-800'),
(340,1,'Jakarta to Amsterdam via Singapore','2017-09-01',NULL,'Boeing 777-300-ER'),
(341,1,'Jakarta (CGK) to Palembang (PLM)','2017-09-01',NULL,'Boeing 737-800'),
(342,1,'Jakarta to Surabaya','2017-09-01',NULL,NULL),
(343,1,'Singapore to Jakarta','2017-08-01',NULL,'Boeing 737-800'),
(344,1,'Manado to Jakarta','2017-09-01',NULL,NULL),
(345,1,'Haneda Tokyo to Jakarta','2017-09-01',NULL,'A330'),
(346,1,'Jakarta to Osaka Kansai ','2017-09-01',NULL,'A330'),
(347,1,'Denpasar to Jakarta','2017-09-01',NULL,NULL),
(348,1,'Jakarta to Amsterdam via Singapore','2017-08-01',NULL,'Boeing 777-300 ER'),
(349,1,'Jakarta to Sydney via Denpasar','2017-08-01',NULL,'A330'),
(350,1,'Perth to Jakarta','2017-03-01',NULL,'Boeing 737'),
(351,1,'Surabaya to Denpasar','2017-07-01',NULL,NULL),
(352,1,'London to Shanghai via Jakarta','2017-08-01',NULL,'Boeing 777-300 / A330-300'),
(353,1,'Denpasar to Melbourne','2017-08-01',NULL,NULL),
(354,1,'Jakarta to Amsterdam','2017-07-01',NULL,'Boeing 777-300ER'),
(355,1,'Jakarta to Bangkok','2017-07-01',NULL,NULL),
(356,1,'Denpasar to Jakarta','2017-07-01',NULL,'Boeing 737-800'),
(357,1,'Sydney to Denpasar','2017-07-01',NULL,'A330-300'),
(358,1,'Jakarta to Denpasar','2017-07-01',NULL,'A330-200'),
(359,1,'Pekanbaru to Tanjung Karang via Jakarta','2017-07-01',NULL,'Boeing 737-800NG'),
(360,1,'Kualanamu to Manado via Jakarta','2017-07-01',NULL,'A330-200'),
(361,1,'Singapore to Amsterdam','2017-07-01',NULL,'Boeing 777-300'),
(362,1,'Makassar to Jakarta','2017-06-01',NULL,'Boeing 737-800'),
(363,1,'Beijing to Jakarta via Bali','2017-07-01',NULL,'Boeing 777-300ER'),
(364,1,'Jakarta to Beijing','2017-07-01',NULL,'A330-300 / Boeing 777-300ER'),
(365,1,'Jakarta to Sydney','2017-06-01',NULL,'A330-300'),
(366,1,'Jakarta to Pontianak','2017-06-01',NULL,'Boeing 737-800NG'),
(367,1,'Surabaya to Bandung','2017-06-01',NULL,'Boeing 737-800'),
(368,1,'Jakarta to Bangkok','2017-06-01',NULL,'Boeing 737-800'),
(369,1,'Amsterdam to Jakarta','2017-06-01',NULL,NULL),
(370,1,'Jakarta to Singapore','2017-06-01',NULL,'Boeing 737-800 / A330-300'),
(371,1,'Denpasar to Sydney via Jakarta','2017-03-01',NULL,'A330-300'),
(372,1,'Melbourne to Amsterdam via Jakarta','2017-04-01',NULL,'A330 / Boeing 777'),
(373,1,'Jakarta to Surabaya','2017-05-01',NULL,NULL),
(374,1,'Singapore to Denpasar','2017-05-01',NULL,'Boeing 737-800'),
(375,1,'Jakarta to Semarang','2017-05-01',NULL,'Boeing 737-800'),
(376,1,'Jakarta to Sinagpore','2017-05-01',NULL,'Boeing 737-800'),
(377,1,'Jakarta to Pangkal Pinang','2017-05-01',NULL,'Boeing 737-800'),
(378,1,'Amsterdam to Jakarta','2017-05-01',NULL,'Boeing 777-300 ER'),
(379,1,'Jakarta to Kuala Lumpur','2017-05-01',NULL,'Boeing 737-800 NG'),
(380,1,'CGK to BWX via SUB','2016-12-01',NULL,'Boeing 737-800 / 747-400 / ATR72,'),
(381,1,'Jakarta to Osaka via Denpasar','2017-04-01',NULL,NULL),
(382,1,'Jakarta to Denpasar Bali','2017-04-01',NULL,'Boeing 737-800'),
(383,1,'Yogyakarta to Jakarta','2017-05-01',NULL,'Boeing 737-800'),
(384,1,'Denpasar to Jakarta','2017-03-01',NULL,NULL),
(385,1,'Osaka to Denpasar','2017-05-01',NULL,'A330'),
(386,1,'Singapore to Jakarta','2017-05-01',NULL,'Boeing 737-800'),
(387,1,'Jakarta to London via Singapore','2017-04-01',NULL,NULL),
(388,1,'Amsterdam to Jakarta','2017-03-01',NULL,'Boeing 777-300ER'),
(389,1,'Jakarta to London','2017-03-01',NULL,NULL),
(390,1,'Singapore to Denpasar','2017-03-01',NULL,NULL),
(391,1,'Jakarta to London Heathrow via SIN','2017-04-01',NULL,'Boeing 777-300ER'),
(392,1,'Jakarta to Seoul','2017-03-01',NULL,NULL),
(393,1,'Pontianak to Jakarta','2017-03-01',NULL,NULL),
(394,1,'Banda Aceh to Jakarta','2017-04-01',NULL,'Boeing 737-800'),
(395,1,'Hong Kong to Denpasar Bali','2017-03-01',NULL,NULL),
(396,1,'Hong Kong to Jakarta','2017-03-01',NULL,'A330-300'),
(397,1,'Denpasar to Tokyo Narita','2017-03-01',NULL,'Boeing 777-300ER'),
(398,1,'Jakarta to Amsterdam','2017-03-01',NULL,'Boeing 777-300ER'),
(399,1,'Singapore to London Heathrow','2017-03-01',NULL,'Boeing 777'),
(400,1,'Amsterdam to Melbourne via Jakarta','2017-01-01',NULL,'Boeing 777-300 / A330'),
(401,1,'Depasar to Sydney','2017-03-01',NULL,'A330'),
(402,1,'Batam to Jakarta','2017-02-01',NULL,'Boeing 737-800'),
(403,1,'Jakarta to Surabaya','2017-02-01',NULL,'A330-200'),
(404,1,'Jakarta to Palembang','2017-01-01',NULL,'Boeing 737-800'),
(405,1,'Medan to Jakarta via Palembang','2017-01-01',NULL,'CRJ1000 / Boeing 737-800'),
(406,1,'Amsterdam to Jakarta','2017-01-01',NULL,'Boeing 777-300ER'),
(407,1,'MEL to LHR','2017-02-01',NULL,NULL),
(408,1,'Denpasar Bali to Sydney','2017-01-01',NULL,'A330-300'),
(409,1,'SUB to KOE','2017-01-01',NULL,'Boeing 737-800NG'),
(410,1,'Jakarta to Bangkok','2017-01-01',NULL,NULL),
(411,1,'Jakarta to Amsterdam via Singapore','2017-01-01',NULL,'Boeing 777'),
(412,1,'KOE to CGK','2016-12-01',NULL,'Bombardier CRJ1000'),
(413,1,'CGK to KOE via SUB','2016-12-01',NULL,'B737-800NG'),
(414,1,'Sydney to Bali','2017-01-01',NULL,'A330-200'),
(415,1,'CGK to BKK','2017-01-01',NULL,'Boeing 737-800'),
(416,1,'Jakarta to Kuala Lumpur','2017-01-01',NULL,'Boeing 737-800'),
(417,1,'KOE to SIN via DPS / TMC','2016-12-01',NULL,'CRJ1000 / Boeing 737-800NG'),
(418,1,'KNO to SIN','2017-01-01',NULL,'Boeing 737-800'),
(419,1,'CGK to PKU','2016-12-01',NULL,'Boeing 737-800'),
(420,1,'CGK to KUL','2016-12-01',NULL,'Boeing 737-800'),
(421,1,'LHR to SIN via CGK','2016-12-01',NULL,NULL),
(422,1,'BDJ to CGK','2016-12-01',NULL,'Boeing 737-800'),
(423,1,'LHR to MEL via CGK','2016-12-01',NULL,'Boeing 777'),
(424,1,'LHR to DPS via CGK','2016-11-01',NULL,NULL),
(425,1,'LHR to CGK','2016-11-01',NULL,'Boeing 777-300ER'),
(426,1,'DPS to KOE','2016-11-01',NULL,'Boeing 737-800NG'),
(427,1,'CGK to DPS','2016-11-01',NULL,'Boeing 737-800'),
(428,1,'SUB to CGK','2016-11-01',NULL,'A330-200'),
(429,1,'DPS to HKG','2016-11-01',NULL,'A330'),
(430,1,'KNO to CGK','2016-11-01',NULL,'Boeing 737-800'),
(431,1,'CGK to JED','2016-07-01',NULL,'Boeing 777-300 ER'),
(432,1,'JOG to DPS','2016-10-01',NULL,'Boeing 737-800'),
(433,1,'CGK to DPS','2016-10-01',NULL,'Boeing 737-800'),
(434,1,'CGK to SIN','2016-09-01',NULL,'Boeing 777-300ER / A330-300'),
(435,1,'CGK to SUB','2016-10-01',NULL,'Boeing 737-800'),
(436,1,'CGK to SIN','2016-09-01',NULL,'Boeing 737-800'),
(437,1,'LHR to CGK','2016-09-01',NULL,'Boeing 777-300ER'),
(438,1,'SIN to LHR','2016-09-01',NULL,'Boeing 777-300ER'),
(439,1,'AMS to CGK via DPS','2016-10-01',NULL,'Boeing 777-300ER, Boeing 738'),
(440,1,'SIN to LHR','2016-10-01',NULL,'Boeing 777-300ER'),
(441,1,'LHR to SIN via CGK','2016-09-01',NULL,'Boeing 777-300ER'),
(442,1,'PNK to CGK','2016-09-01',NULL,'Boeing 737-800'),
(443,1,'DPS to SYD','2016-09-01',NULL,'A330-300'),
(444,1,'CGK to LHR via SIN','2016-09-01',NULL,'Boeing 777-300ER'),
(445,1,'LHR to DPS via CGK','2016-09-01',NULL,'Boeing 777-300ER'),
(446,1,'CGK to KUL','2016-09-01',NULL,NULL),
(447,1,'LHR to CGK','2016-09-01',NULL,'Boeing 777'),
(448,1,'DPS to BDO','2016-09-01',NULL,'Boeing 737-800'),
(449,1,'CGK to HND','2016-08-01',NULL,'A330-300'),
(450,1,'SIN to DPS','2016-09-01',NULL,'Boeing 737-800 NG'),
(451,1,'SYD to DPS','2016-09-01',NULL,'A330-300'),
(452,1,'DPS to CGK','2016-08-01',NULL,'A330-200'),
(453,1,'CGK to AMS via SIN','2016-08-01',NULL,'Boeing 777-300ER'),
(454,1,'BPN to CGK','2016-08-01',NULL,'Boeing 737-800'),
(455,1,'AMS to CGK','2016-08-01',NULL,'Boeing 777-300ER'),
(456,1,'CGK to BPN','2016-08-01',NULL,'Boeing 737-800'),
(457,1,'DPS to SIN','2016-08-01',NULL,'Boeing 737-800NG'),
(458,1,'LHR to CGK','2016-07-01',NULL,'Boeing 777'),
(459,1,'SUB to CGK','2016-08-01',NULL,NULL),
(460,1,'CGK to SIN','2016-08-01',NULL,NULL),
(461,1,'MDC to DPS','2016-08-01',NULL,'Boeing 737-800NG'),
(462,1,'CGK to MDC','2016-07-01',NULL,'Boeing 737-800NG'),
(463,1,'LHR to CGK','2016-07-01',NULL,'Boeing 777-300'),
(464,1,'PDG to CGK','2016-06-01',NULL,NULL),
(465,1,'CGK to AMS','2015-10-01',NULL,NULL),
(466,1,'BDO to DPS','2016-05-01',NULL,'Boeing 737-800'),
(467,1,'AMS to CGK','2016-07-01',NULL,'Boeing 777-300ER'),
(468,1,'MEL to DPS','2016-07-01',NULL,'A330-300'),
(469,1,'CGK to BKK','2016-07-01',NULL,'Boeing 737-800'),
(470,1,'SUB to CGK','2016-07-01',NULL,'Boeing 737-800'),
(471,1,'CGKto AMS','2016-07-01',NULL,'Boeing 777-300ER'),
(472,1,'SIN to CGK','2016-05-01',NULL,'A330-300'),
(473,1,'CGK to SIN','2016-05-01',NULL,'Boeing 737-800'),
(474,1,'SIN to SUB','2016-02-01',NULL,'Boeing 737-800'),
(475,1,'SUB to DPS','2016-06-01',NULL,'Boeing 737-800'),
(476,1,'KUL to CGK','2016-06-01',NULL,NULL),
(477,1,'BPN to CGK','2016-01-01',NULL,NULL),
(478,1,'LHR to DPS via CGK','2016-07-01',NULL,'Boeing 777 and A330'),
(479,1,'KOE to SIN via CGK','2016-06-01',NULL,'Boeing 737-800'),
(480,1,'SYD to DPS','2016-06-01',NULL,'A330'),
(481,1,'DPS to SYD','2016-06-01',NULL,'A330'),
(482,1,'LHR to CGK','2016-06-01',NULL,'Boeing 777-300ER'),
(483,1,'CGK to MDC','2016-06-01',NULL,'Boeing 737'),
(484,1,'CGK to AMS via SIN','2016-06-01',NULL,'Boeing 777'),
(485,1,'DPS to LOP','2016-05-01',NULL,'Boeing 737'),
(486,1,'KNO to CGK','2016-06-01',NULL,'A330-300'),
(487,1,'CGK to PDG','2015-11-01',NULL,'Boeing 737-800'),
(488,1,'LOP to CGL','2016-06-01',NULL,'Boeing 737-800NG'),
(489,1,'LHR to CGK','2016-05-01',NULL,'Boeing 777-300ER'),
(490,1,'SIN to SUB','2015-10-01',NULL,'Boeing 737-800'),
(491,1,'HKG to CGK','2016-05-01',NULL,'A330'),
(492,1,'SIN to KOE via CGK','2016-06-01',NULL,'Boeing 737-800'),
(493,1,'CGK to AMS via SIN','2016-05-01',NULL,'Boeing 777-300 ER'),
(494,1,'KUL to CGK','2016-05-01',NULL,'Boeing 737-800'),
(495,1,'LHR to CGK','2016-05-01',NULL,'Boeing 777'),
(496,1,'CGK to NRT via DPS','2016-04-01',NULL,'Boeing 777-300ER'),
(497,1,'BDO to DPS','2016-04-01',NULL,'Boeing 737-800'),
(498,1,'CGK to SYD','2016-02-01',NULL,'A330-200'),
(499,1,'CGK to DPS','2016-02-01',NULL,'A330-200'),
(500,1,'KNO to CGK','2016-04-01',NULL,'Boeing 737-800 NG'),
(501,1,'BTJ to CGK','2016-04-01',NULL,NULL),
(502,1,'MAS to CGK','2016-04-01',NULL,'Boeing 777-300 ER'),
(503,1,'SIN to DPS','2016-03-01',NULL,'Boeing 737-800'),
(504,1,'HND to CGK','2016-03-01',NULL,NULL),
(505,1,'Jakarta to Bali','2016-03-01',NULL,'Boeing 737-800NG / 777-300ER'),
(506,1,'SIN to CGK','2016-03-01',NULL,NULL),
(507,1,'CGK to SOQ via UPG','2016-02-01',NULL,NULL),
(508,1,'JOG to SYD via DPS','2016-02-01',NULL,NULL),
(509,1,'CGK to SUB','2016-02-01',NULL,'Boeing 737-800'),
(510,1,'SIN to MKQ via CGK','2016-02-01',NULL,'A330-200 / Boeing 737-800'),
(511,1,'CDK to AMS via SIN','2016-02-01',NULL,'Boeing 777-300 ER'),
(512,1,'HKG to DPS','2016-02-01',NULL,'Boeing 737-800NG'),
(513,1,'LGW to AMS','2016-01-01',NULL,'Boeing 777'),
(514,1,'HKG to CGK','2016-02-01',NULL,'A330-200'),
(515,1,'CGK to PMB','2016-02-01',NULL,'Boeing 737-800'),
(516,1,'JED to CGK','2016-02-01',NULL,'Boeing 777-300 ER'),
(517,1,'KNO to CGK','2016-02-01',NULL,'A330-200'),
(518,1,'CGK to PLM','2016-02-01',NULL,'Boeing 737-800'),
(519,1,'PKU to CGK','2016-02-01',NULL,'Boeing 737-800'),
(520,1,'MLG to PNK via CGK','2016-02-01',NULL,'Boeing 737-800'),
(521,1,'CGK to AMS via SIN','2016-01-01',NULL,'Boeing 777-300ER'),
(522,1,'CGK to SUB','2016-02-01',NULL,'A330-200'),
(523,1,'CGK to AMS','2016-01-01',NULL,'Boeing 777 300ER'),
(524,1,'JED to CGK','2016-01-01',NULL,'Boeing 777-300ER'),
(525,1,'CGK to KNO','2016-01-01',NULL,'Boeing 737-800'),
(526,1,'UPG to SOQ','2016-01-01',NULL,'CRJ1000'),
(527,1,'DPS to UPG','2016-01-01',NULL,'Boeing 737-800'),
(528,1,'CGK to AMS','2016-01-01',NULL,'Boeing 777'),
(529,1,'SIN to CGK','2016-01-01',NULL,'Boeing 737-800'),
(530,1,'PKY to PNK','2016-01-01',NULL,'ATR72-600'),
(531,1,'CGK to ITM','2016-01-01',NULL,'A330'),
(532,1,'DPS to SIN','2016-01-01',NULL,NULL),
(533,1,'KUL to CGK','2016-01-01',NULL,'Boeing 737-800'),
(534,1,'CGK to LOP','2015-12-01',NULL,'Boeing 737-800'),
(535,1,'PNK to SUB via CGK','2015-12-01',NULL,'Boeing 737-800'),
(536,1,'PER to DPS','2016-01-01',NULL,'A330-300'),
(537,1,'CGK to AMS','2015-12-01',NULL,'Boeing 777'),
(538,1,'LGW to CGK via AMS','2015-12-01',NULL,'Boeing 777'),
(539,1,'PER to DPS','2015-12-01',NULL,'A330'),
(540,1,'SUB to DPS','2015-12-01',NULL,'Boeing 737-800'),
(541,1,'CGK to BKK','2015-11-01',NULL,'Boeing 737-800'),
(542,1,'LBJ to CGK via DPS','2015-12-01',NULL,'ATR 72-600 / A330-200'),
(543,1,'CGK to LBJ via DPS','2015-12-01',NULL,'Boeing 737-800 / ATR 72'),
(544,1,'Jakarta to Singapore','2015-09-01',NULL,'Boeing 737-800'),
(545,1,'SIN to JOG via CGK','2015-12-01',NULL,'Boeing 737-800'),
(546,1,'Makassar to Surabaya','2015-07-01',NULL,'CRJ1000'),
(547,1,'AMS to SMG via CGK','2015-11-01',NULL,'Boeing 777-300ER'),
(548,1,'Jeddah to Jakarta','2015-12-01',NULL,NULL),
(549,1,'Jakarta to Kuala Lumpur','2015-12-01',NULL,'Boeing 737'),
(550,1,'Amsterdam to Jakarta','2015-12-01',NULL,'Boeing 777-300ER'),
(551,1,'SIN to NRT via CGK','2015-11-01',NULL,'A330'),
(552,1,'Singapore to Bali','2015-12-01',NULL,'Beoing 737-800NG'),
(553,1,'BKK to CGK','2015-11-01',NULL,'Boeing 737'),
(554,1,'Sydney to Bali','2015-04-01',NULL,NULL),
(555,1,'Amsterdam to Jakarta','2015-11-01',NULL,'Boeing 777'),
(556,1,'ICN to DPS','2014-12-01',NULL,'A330-200'),
(557,1,'JKT to SIN','2015-11-01',NULL,'Boeing 737'),
(558,1,'DPS to LGW via CGK','2015-11-01',NULL,'Boeing 777-300ER'),
(559,1,'Jakarta to Jeddah','2015-04-01',NULL,'Boeing 777-300ER'),
(560,1,'Gatwick to Amsterdam','2015-11-01',NULL,'Boeing 777-300'),
(561,1,'CGK to PKU','2015-11-01',NULL,'Boeing 737-800ER'),
(562,1,'London to Amsterdam','2015-10-01',NULL,'Boeing 777-300ER'),
(563,1,'Jakarta to Banjarmasin','2015-10-01',NULL,'Boeing 737-800'),
(564,1,'LGW to GGK via AMS','2015-10-01',NULL,'Boeing 777-300ER'),
(565,1,'DPS to CGK','2015-10-01',NULL,'A330-200'),
(566,1,'Amsterdam to Jakarta','2015-10-01',NULL,'Boeing 777'),
(567,1,'AMS to DPS via CGK','2015-09-01',NULL,'Boeing 777 / A330-200'),
(568,1,'SYD to AMS via CGK','2015-05-01',NULL,'Boeing 777'),
(569,1,'Amsterdam to Sydney','2015-10-01',NULL,'Boeing 777-300'),
(570,1,'Singapore to Jakarta','2015-09-01',NULL,'Boeing 737-800'),
(571,1,'Jakarta to Amsterdam','2015-09-01',NULL,'Boeing 777-300ER'),
(572,1,'LGW to AMS','2015-09-01',NULL,'Boeing 777-300ER'),
(573,1,'Perth to Seoul via Bali','2015-09-01',NULL,NULL),
(574,1,'Denpasar to Singapore','2015-09-01',NULL,NULL),
(575,1,'LGW to AMS','2015-09-01',NULL,'Boeing 777-300'),
(576,1,'Jakarta to London via AMS','2015-09-01',NULL,'Boeing 777-300ER'),
(577,1,'Jakarta to Surabaya','2015-02-01',NULL,NULL),
(578,1,'Denpasar-Bali to Jakarta','2015-09-01',NULL,NULL),
(579,1,'DPS to LOM','2015-08-01',NULL,'Boeing 737-800'),
(580,1,'DJB to CGK','2015-08-01',NULL,'Boeing 737-800'),
(581,1,'Sydney to Amsterdam via Jarkata','2015-08-01',NULL,'Boeing 777'),
(582,1,'CGK to DJB','2015-08-01',NULL,'Boeing 737-800'),
(583,1,'Melbourne to Denpasar','2015-08-01',NULL,NULL),
(584,1,'CGK to PNK','2015-08-01',NULL,'Boeing 737-800'),
(585,1,'Jakarta to Bangkok','2015-08-01',NULL,'Boeing 737-800'),
(586,1,'Singapore to Surabaya','2015-05-01',NULL,'Boeing 737-800'),
(587,1,'Surabaya to Singapore','2015-05-01',NULL,'Boeing 737-800'),
(588,1,'Bali to Jakarta','2015-08-01',NULL,'Boeing 777-300er'),
(589,1,'Batam to Jakarta','2015-06-01',NULL,'Boeing 737-800'),
(590,1,'Denpasar to Bandung','2015-07-01',NULL,'Boeing 737-800'),
(591,1,'Jakarta to Padang','2015-07-01',NULL,'Boeing 737-800'),
(592,1,'Denpasar to Surabaya ','2015-07-01',NULL,'Boeing 737-800'),
(593,1,'Melbourne to Denpasar','2015-08-01',NULL,'A330-300'),
(594,1,'Melbourne to Denpasar','2015-06-01',NULL,'A330-300'),
(595,1,'SUB to SYD via DPS','2015-07-01',NULL,'Boeing 737-800 and A330-300'),
(596,1,'Jakarta to Bali','2015-07-01',NULL,NULL),
(597,1,'London to Perth via Jakarta','2015-04-01',NULL,NULL),
(598,1,'Bandung to Denpasar','2015-07-01',NULL,'Boeing 737-800'),
(599,1,'KNO to CGK','2015-06-01',NULL,'A330-200'),
(600,1,'Denpasar to Jakarta','2015-07-01',NULL,'Boeing 737-800'),
(601,1,'Kupang to Surabaya','2015-06-01',NULL,'Boeing 737-800NG'),
(602,1,'CGK to DPS','2015-06-01',NULL,'B777-300ER'),
(603,1,'AMS to CGK','2015-03-01',NULL,NULL),
(604,1,'LGW to AMS','2015-03-01',NULL,NULL),
(605,1,'Jakarta to Denpasar','2015-06-01',NULL,'Boeing 777'),
(606,1,'London Gatwick to Amsterdam','2015-03-01',NULL,'Boeing 777-300ER'),
(607,1,'SYD to Denpasar',NULL,NULL,NULL),
(608,1,NULL,NULL,NULL,NULL),
(609,2,'Phuket to Bali via Kuala Lumpur','2024-06-01',NULL,'Boeing 737-800 '),
(610,2,'Denpasar to Brisbane','2024-07-01',NULL,NULL),
(611,2,'Kuala Lumpur to Perth','2024-07-01',NULL,NULL),
(612,2,'Jakarta to Surabaya','2024-07-01',NULL,'A320'),
(613,2,'Yogyakarta to Jakarta ','2024-06-01',NULL,'A320-200'),
(614,2,'Denpasar to Kuala Lumpur ','2024-06-01',NULL,NULL),
(615,2,'Denpesar to Brisbane','2024-06-01',NULL,'A330'),
(616,2,'Tashkent to Kuala Lumpur ','2024-05-01',NULL,'A340'),
(617,2,'Kuala Lumpur to Hanoi','2024-05-01',NULL,NULL),
(618,2,'Mumbai to Kuala Lumpur','2024-04-01',NULL,NULL),
(619,2,'Denpasar to Balikpapan ','2024-04-01',NULL,'Boeing 737'),
(620,2,'Kuala Lumpur to Jeddah','2024-03-01',NULL,'A330'),
(621,2,'Jakarta to Surabaya','2024-03-01',NULL,'A320'),
(622,2,'Bangkok to Bali','2024-03-01',NULL,'='),
(623,2,'Kuala Lumpur to Taipei','2024-03-01',NULL,'Boeing 737MAX8'),
(624,2,'Perth to Kuala Lumpur','2024-02-01',NULL,NULL),
(625,2,'Kota Kinabalu to Kota Bharu','2024-03-01',NULL,'-'),
(626,2,'Auckland to Kathmandu via Perth and Malaysia','2024-02-01',NULL,NULL),
(627,2,'Jakarta to Perth','2024-01-01',NULL,NULL),
(628,2,'Melbourne to Kathmandu via Kuala ','2024-01-01',NULL,NULL),
(629,2,'Perth to Auckland','2024-01-01',NULL,NULL),
(630,2,'Kuala Lumpur to Hanoi','2024-02-01',NULL,'Boeing 737 MAX 8'),
(631,2,'Sydney to Bali','2024-01-01',NULL,NULL),
(632,2,'Kuala Lumpur to Langkawi','2024-02-01',NULL,'Boeing 737-8'),
(633,2,'Melbourne to Colombo via Kuala Lumpur','2024-01-01',NULL,'Boeing 737'),
(634,2,'Melbourne to Denpasar','2024-01-01',NULL,'Boeing 737-8'),
(635,2,'Birmingham to Perth via Istanbul / Kuala Lumpur','2023-01-01',NULL,NULL),
(636,2,'Adelaide to Bangkok via Denpasar ','2023-12-01',NULL,NULL),
(637,2,'Jakarta to kuala lumpur','2023-12-01',NULL,'Boeing 737-800'),
(638,2,'Colombo to Auckland via Perth','2023-12-01',NULL,'Boeing 737'),
(639,2,'Perth to Mumbai via Kuala Lumpur','2023-11-01',NULL,NULL),
(640,2,'Auckland to Delhi','2023-11-01',NULL,NULL),
(641,2,'Melbourne to Bali','2023-11-01',NULL,NULL),
(642,2,'Kuala Lumpur to Taipei','2023-11-01',NULL,NULL),
(643,2,'Kuala Lumpur to Pertth','2023-11-01',NULL,'Boeing 737-800'),
(644,2,'Semarang to Jakarta','2023-11-01',NULL,NULL),
(645,2,'Melbourne to Bangkok via Denpasar','2023-11-01',NULL,NULL),
(646,2,NULL,'2022-12-01',NULL,NULL),
(647,2,'Chennai to Bali via Kuala Lumpur','2023-10-01',NULL,NULL),
(648,2,'Bangalore to Kuala Lumpur via Denpasar','2023-10-01',NULL,NULL),
(649,2,'Brisbane to Kuala Lumpur ','2023-10-01',NULL,'Boeing 737-800'),
(650,2,'Hong Kong to Colombo via Kuala Lumpur','2023-09-01',NULL,NULL),
(651,2,'Kuala Lumpur to Makassar','2023-09-01',NULL,NULL),
(652,2,'Singapore to Kuala lumpur','2023-09-01',NULL,NULL),
(653,2,'Bali to Sydney ','2023-09-01',NULL,NULL),
(654,2,'Danang to Kathmandu via Malaysia','2023-09-01',NULL,NULL),
(655,2,'Sydney to Denpasar','2023-09-01',NULL,'Boeing 737'),
(656,2,'Denpasar to Melbourne','2023-09-01',NULL,'Boeing 737-800'),
(657,2,'Bali to Maldives','2023-05-01',NULL,NULL),
(658,2,'Kuala Lumpur to Singapore','2023-09-01',NULL,'Boeing 737 Max'),
(659,2,'Bangalore to Auckland via Kuala Lumpur ','2023-08-01',NULL,NULL),
(660,2,'Sydney to Bali','2023-08-01',NULL,NULL),
(661,2,'Kuala Lumpur to Denpasar','2023-08-01',NULL,'Boeing 737 MAX'),
(662,2,'Jakarta to Melbourne via Denpasar','2023-07-01',NULL,'A320'),
(663,2,'Bali to Kuala Lumpur','2023-08-01',NULL,NULL),
(664,2,'Delhi to Bail via Kuala Lumpur','2023-07-01',NULL,NULL),
(665,2,'Delhi to Kuala Lumpur','2023-07-01',NULL,NULL),
(666,2,'Kuala Lumpur to Singapore ','2023-07-01',NULL,'Boeing 737'),
(667,2,'Singapore to Indonesia','2023-07-01',NULL,NULL),
(668,2,'Singapore to Jakarta','2023-07-01',NULL,NULL),
(669,2,'Perth to Kuala Lumpur','2023-06-01',NULL,NULL),
(670,2,'Kuala Lumpur to Penang','2023-06-01',NULL,NULL),
(671,2,'Kula Lumpur to Johor','2023-06-01',NULL,NULL),
(672,2,'Brisbane to Denpasar Bali','2023-06-01',NULL,NULL),
(673,2,'Perth to Kathmandu via Denpasar','2023-06-01',NULL,NULL),
(674,2,'Kuala Lumpur to Bali','2023-05-01',NULL,NULL),
(675,2,'Yogyakarta to Jakarta ','2023-04-01',NULL,'Boeing 737-800NG'),
(676,2,'Kota Kinabalu to Kuala Lumpur','2023-04-01',NULL,NULL),
(677,2,'Sydney to Bali','2023-04-01',NULL,'Boeing 737-800'),
(678,2,'Singapore to Yogyakarta','2023-04-01',NULL,'Boeing 737'),
(679,2,'Bali to Sydney','2023-04-01',NULL,NULL),
(680,2,'Kuala Lumpur to Tiruchirappalli ','2023-03-01',NULL,'Boeing 737-800'),
(681,2,'Brisbane to Bali','2022-07-01',NULL,NULL),
(682,2,'Kuala Lumpur to Singapore','2023-02-01',NULL,NULL),
(683,2,'Kuala Lumpur to Langkawi','2023-02-01',NULL,'Boeing 737'),
(684,2,'Bangalore to Denpasar via Kuala Lampur','2023-02-01',NULL,'Boeing 737'),
(685,2,'New Delhi to Denpasar Bali via Kuala Lumpur','2023-01-01',NULL,NULL),
(686,2,'Kuala Lumpur to Tokyo','2023-01-01',NULL,'Boeing 737-800'),
(687,2,'Denpasar to Melbourne','2023-01-01',NULL,NULL),
(688,2,'Bali to Perth','2023-01-01',NULL,'A320'),
(689,2,'Mumbai to Kuala Lumpur','2022-12-01',NULL,NULL),
(690,2,'Semarang to Jakarta','2022-12-01',NULL,NULL),
(691,2,'Lahore to Perth via Kuala Lumpur','2022-12-01',NULL,'Boeing 737'),
(692,2,'Denpasar to Labuan Bajo','2022-12-01',NULL,NULL),
(693,2,'Jakarta to Perth via Bali','2022-11-01',NULL,NULL),
(694,2,'Melbourne to Denpasar','2022-10-01',NULL,NULL),
(695,2,'Melbourne to Kathmandu via Denpasar / Kuala lampur','2022-11-01',NULL,NULL),
(696,2,'Jakarta to Kuala Lumpur','2022-10-01',NULL,NULL),
(697,2,'Brisbane to Denpasar','2022-10-01',NULL,'Boeing 737'),
(698,2,'Amritsar to Perth via Kuala Lumpur','2022-09-01',NULL,NULL),
(699,2,'Bali to Kuala Lumpur','2022-09-01',NULL,'Boeing 737'),
(700,2,'Solo to Jakarta','2022-09-01',NULL,NULL),
(701,2,'Bali to Kuala lumpur','2022-08-01',NULL,NULL),
(702,2,'Kuala Lumpur to Mumbai ','2022-09-01',NULL,NULL),
(703,2,'Bangkok to Kuala Lumpur','2022-07-01',NULL,'Boeing 737 - 800'),
(704,2,NULL,'2022-06-01',NULL,'737-800'),
(705,2,'Manado to Jakarta Soekarno-Hatta','2022-05-01',NULL,'Boeing 737-800'),
(706,2,'Denpasar to Jakarta','2022-05-01',NULL,NULL),
(707,2,'Denpasar to Jakarta','2022-03-01',NULL,NULL),
(708,2,'Bali to Komodo','2020-04-01',NULL,NULL),
(709,2,'Perth to Denpasar','2020-05-01',NULL,NULL),
(710,2,'Taipei to Jakarta','2020-03-01',NULL,NULL),
(711,2,'Makassar to Surabaya','2019-10-01',NULL,'A320-200'),
(712,2,'Denpasar to Jakarta','2020-02-01',NULL,'Boeing 737-900ER'),
(713,2,'Sorong to Jakarta','2020-02-01',NULL,NULL),
(714,2,'Bali to Perth','2020-01-01',NULL,'Boeing 737-900ER'),
(715,2,'Jakarta to Lombok','2019-12-01',NULL,'A320 / Boeing 737-900ER'),
(716,2,'Manokwari to Surabaya via Makassar','2019-12-01',NULL,NULL),
(717,2,'Jakarta to Denpasar','2019-12-01',NULL,'Boeing 737-900ER'),
(718,2,'Kupang to Jakarta','2019-09-01',NULL,'A320'),
(719,2,'Jakarta to Surabaya','2019-07-01',NULL,NULL),
(720,2,'Jakarta to Singapore ','2019-10-01',NULL,'A320'),
(721,2,'Makassar to Jakarta','2018-10-01',NULL,NULL),
(722,2,'Surabaya to Makassar','2019-07-01',NULL,'A320-200'),
(723,2,'Jambi to Bali via Jakarta','2019-06-01',NULL,'Boeing 737'),
(724,2,'Jakarta to Denpasar','2019-05-01',NULL,NULL),
(725,2,'Perth to Denpasar','2019-05-01',NULL,'Boeing 737-900ER'),
(726,2,'Labuan Bajo to Jakarta','2019-04-01',NULL,NULL),
(727,2,'Lombok to Jakarta','2019-02-01',NULL,NULL),
(728,2,'Surabaya to Jakarta','2018-12-01',NULL,'A320-200'),
(729,2,'Yogyakarta to Jakarta','2019-01-01',NULL,'Boeing 738'),
(730,2,'Jakarta to Sorong','2019-01-01',NULL,NULL),
(731,2,'Jakarta to Jayapura','2018-11-01',NULL,NULL),
(732,2,'Makassar to Jakarta','2019-01-01',NULL,'A320'),
(733,2,'Pekanbaru to Jakarta','2018-12-01',NULL,'A320-200'),
(734,2,' Jakarta to Jayapura via Makassar','2018-11-01',NULL,NULL),
(735,2,'Jakarta to Surabaya','2018-10-01',NULL,'A320-200'),
(736,2,'Jakarta to Singapore','2018-10-01',NULL,'A320'),
(737,2,'Bali to Perth','2018-09-01',NULL,'Boeing 737 900'),
(738,2,'Manado to Jakarta','2018-08-01',NULL,'Boeing 737'),
(739,2,'Denpasar to Perth','2018-06-01',NULL,'Boeing 737'),
(740,2,'Perth to Denpasar','2018-05-01',NULL,'Boeing 737-900'),
(741,2,'Kota Kinabalu to Jakarta','2018-05-01',NULL,'A320-200'),
(742,2,'Jakarta to Kuala Lumpur','2018-04-01',NULL,'A320'),
(743,2,'Bali to Jakarta','2018-04-01',NULL,'Boeing 737'),
(744,2,'Kuala Lumpur to Jakarta','2018-03-01',NULL,NULL),
(745,2,'Surabaya to Ambo','2018-01-01',NULL,'A320'),
(746,2,'Denpasar to Jakarta','2018-01-01',NULL,NULL),
(747,2,'Jakarta to Jogyakarta','2018-01-01',NULL,NULL),
(748,2,'Banjarmasin to Jakarta','2017-10-01',NULL,'Boeing 737-800'),
(749,2,'Jakarta to Yogyakarta ','2018-02-01',NULL,'Boeing 737-800'),
(750,2,'Denpasar to Perth','2018-01-01',NULL,NULL),
(751,2,'Bali to Perth','2017-12-01',NULL,'Boeing 737-900'),
(752,2,'Jakarta to Singapore','2018-01-01',NULL,NULL),
(753,2,'Denpasar to Perth','2017-12-01',NULL,'Boeing 737-900ER'),
(754,2,'Jakarta to Surabaya','2017-09-01',NULL,'Boeing 737-800'),
(755,2,'Sorong to Jakarta','2017-11-01',NULL,'A320'),
(756,2,'Jakarta to Surabaya','2017-06-01',NULL,'Boeing 737-900'),
(757,2,'Jakarta to Batam ','2017-02-01',NULL,'A320'),
(758,2,'Jakarta to Semarang ','2017-10-01',NULL,'A320, Boeing 737-800'),
(759,2,'Semarang to Jakarta','2017-02-01',NULL,'A320'),
(760,2,'Jakarta to Manado','2017-08-01',NULL,NULL),
(761,2,'Denpasar to Kuala Lumpur','2017-08-01',NULL,NULL),
(762,2,'Jayapura to Jakarta via Makassar','2017-08-01',NULL,NULL),
(763,2,'Makassar to Merauke','2017-06-01',NULL,'A320'),
(764,2,'Jakarta to Bali','2017-06-01',NULL,'Boeing 737-800'),
(765,2,'Jakarta to Lombok','2017-05-01',NULL,NULL),
(766,2,'Surabaya to Jakarta','2017-05-01',NULL,NULL),
(767,2,'Jakarta to Padang','2017-05-01',NULL,'A320-200'),
(768,2,'Yogyakarta to Jakarta','2017-01-01',NULL,'Boeing 737'),
(769,2,'Jakarta to Yogyakarta','2016-12-01',NULL,'A320'),
(770,2,'HLP to SUB','2017-02-01',NULL,'A320'),
(771,2,'KOE to CGK','2017-01-01',NULL,'Boeing 737-800NG'),
(772,2,'Makassar to Ternate','2017-01-01',NULL,'A320-200'),
(773,2,'TTE to UPG','2017-01-01',NULL,'A320-200'),
(774,2,'CGK to KOE','2016-10-01',NULL,'Boeing 737-800NG'),
(775,2,'CGK to KNO','2016-12-01',NULL,'Boeing 737-800'),
(776,2,'CGK to DPS via SUB','2016-12-01',NULL,'Boeing 737-900ER'),
(777,2,'CGK to TTE via UPG','2016-09-01',NULL,'A320-200'),
(778,2,'SIN to CGK','2016-08-01',NULL,NULL),
(779,2,'CGK to PDG','2016-07-01',NULL,'A320'),
(780,2,'CGK to SUB','2015-12-01',NULL,'A320'),
(781,2,'KOE to CGK','2016-03-01',NULL,'A320'),
(782,2,'KOE to SIN via CGK','2015-12-01',NULL,'A320'),
(783,2,'HLP to LOP','2016-04-01',NULL,NULL);
/*!40000 ALTER TABLE `Flight` ENABLE KEYS */;
UNLOCK TABLES;

--
-- Table structure for table `Response`
--

DROP TABLE IF EXISTS `Response`;
/*!40101 SET @saved_cs_client     = @@character_set_client */;
/*!40101 SET character_set_client = utf8 */;
CREATE TABLE `Response` (
  `response_id` int(11) NOT NULL AUTO_INCREMENT,
  `staff_id` int(11) DEFAULT NULL,
  `response_content` text DEFAULT NULL,
  `response_date` date DEFAULT NULL,
  PRIMARY KEY (`response_id`),
  KEY `staff_id` (`staff_id`),
  CONSTRAINT `response_ibfk_1` FOREIGN KEY (`staff_id`) REFERENCES `Airline_Staff` (`staff_id`)
) ENGINE=InnoDB DEFAULT CHARSET=utf8mb4 COLLATE=utf8mb4_general_ci;
/*!40101 SET character_set_client = @saved_cs_client */;

--
-- Dumping data for table `Response`
--

LOCK TABLES `Response` WRITE;
/*!40000 ALTER TABLE `Response` DISABLE KEYS */;
/*!40000 ALTER TABLE `Response` ENABLE KEYS */;
UNLOCK TABLES;
/*!50003 SET @saved_cs_client      = @@character_set_client */ ;
/*!50003 SET @saved_cs_results     = @@character_set_results */ ;
/*!50003 SET @saved_col_connection = @@collation_connection */ ;
/*!50003 SET character_set_client  = utf8mb3 */ ;
/*!50003 SET character_set_results = utf8mb3 */ ;
/*!50003 SET collation_connection  = utf8mb3_general_ci */ ;
/*!50003 SET @saved_sql_mode       = @@sql_mode */ ;
/*!50003 SET sql_mode              = 'STRICT_TRANS_TABLES,ERROR_FOR_DIVISION_BY_ZERO,NO_AUTO_CREATE_USER,NO_ENGINE_SUBSTITUTION' */ ;
DELIMITER ;;
/*!50003 CREATE*/ /*!50017 DEFINER=`root`@`localhost`*/ /*!50003 TRIGGER check_response_date
            BEFORE INSERT ON Response
            FOR EACH ROW
            BEGIN
                DECLARE review_date DATE;
                SELECT r.review_date INTO review_date
                FROM Review r
                WHERE r.response_id = NEW.response_id;
                IF NEW.response_date < review_date THEN
                    SIGNAL SQLSTATE '45000' SET MESSAGE_TEXT = 'Response date cannot be earlier than the review date!';
                END IF;
            END */;;
DELIMITER ;
/*!50003 SET sql_mode              = @saved_sql_mode */ ;
/*!50003 SET character_set_client  = @saved_cs_client */ ;
/*!50003 SET character_set_results = @saved_cs_results */ ;
/*!50003 SET collation_connection  = @saved_col_connection */ ;

--
-- Table structure for table `Review`
--

DROP TABLE IF EXISTS `Review`;
/*!40101 SET @saved_cs_client     = @@character_set_client */;
/*!40101 SET character_set_client = utf8 */;
CREATE TABLE `Review` (
  `review_id` int(11) NOT NULL AUTO_INCREMENT,
  `reviewer_id` int(11) DEFAULT NULL,
  `flight_id` int(11) DEFAULT NULL,
  `response_id` int(11) DEFAULT NULL,
  `review_text` varchar(255) DEFAULT NULL,
  `review_date` date DEFAULT NULL,
  `overall_rating` int(11) DEFAULT NULL,
  `seat_comfort_rating` int(11) DEFAULT NULL,
  `cabin_staff_service_rating` int(11) DEFAULT NULL,
  `food_beverage_rating` int(11) DEFAULT NULL,
  `ground_service_rating` int(11) DEFAULT NULL,
  `inflight_entertainment_rating` int(11) DEFAULT NULL,
  `value_for_money_rating` int(11) DEFAULT NULL,
  `wifi_and_connectivity_rating` int(11) DEFAULT NULL,
  `is_recommended` tinyint(1) DEFAULT NULL,
  `traveller_type` varchar(255) DEFAULT NULL,
  `seat_type` varchar(255) DEFAULT NULL,
  `inserted_at` timestamp NULL DEFAULT current_timestamp(),
  PRIMARY KEY (`review_id`),
  KEY `reviewer_id` (`reviewer_id`),
  KEY `flight_id` (`flight_id`),
  KEY `response_id` (`response_id`),
  CONSTRAINT `review_ibfk_1` FOREIGN KEY (`reviewer_id`) REFERENCES `Reviewer` (`reviewer_id`),
  CONSTRAINT `review_ibfk_2` FOREIGN KEY (`flight_id`) REFERENCES `Flight` (`flight_id`),
  CONSTRAINT `review_ibfk_3` FOREIGN KEY (`response_id`) REFERENCES `Response` (`response_id`)
) ENGINE=InnoDB AUTO_INCREMENT=977 DEFAULT CHARSET=utf8mb4 COLLATE=utf8mb4_general_ci;
/*!40101 SET character_set_client = @saved_cs_client */;

--
-- Dumping data for table `Review`
--

LOCK TABLES `Review` WRITE;
/*!40000 ALTER TABLE `Review` DISABLE KEYS */;
INSERT INTO `Review` VALUES
(1,1,1,NULL,'an outstanding experience','2024-07-03',10,5,5,5,5,4,5,5,1,'Family Leisure','First Class','2024-07-23 13:07:46'),
(2,1,2,NULL,'an outstanding service','2024-06-22',10,5,5,5,5,4,5,0,1,'Family Leisure','First Class','2024-07-23 13:07:46'),
(3,1,3,NULL,'cabin crew very courteous and helpful','2024-06-05',10,5,5,5,5,0,5,0,1,'Business','Business Class','2024-07-23 13:07:46'),
(4,1,4,NULL,'appreciate the personal service onboard','2024-05-27',10,5,5,5,5,0,5,0,1,'Solo Leisure','First Class','2024-07-23 13:07:46'),
(5,2,5,NULL,'crew was warm and efficient','2024-05-26',8,5,5,2,5,2,5,1,1,'Solo Leisure','Business Class','2024-07-23 13:07:46'),
(6,1,6,NULL,'Door to door service is outstanding','2024-05-12',10,5,5,5,5,0,5,5,1,'Solo Leisure','First Class','2024-07-23 13:07:46'),
(7,3,7,NULL,'Efficient and courteous crew','2024-05-07',8,5,5,2,4,4,3,0,1,'Solo Leisure','Economy Class','2024-07-23 13:07:46'),
(8,3,8,NULL,'The flight was comfortable','2024-05-07',7,5,4,3,5,4,4,0,1,'Solo Leisure','Economy Class','2024-07-23 13:07:46'),
(9,1,4,NULL,'provided excellent service','2024-05-06',10,5,5,5,5,0,5,5,1,'Solo Leisure','First Class','2024-07-23 13:07:46'),
(10,1,9,NULL,'cabin crew were extremely friendly','2024-04-14',10,5,5,5,5,0,5,0,1,'Solo Leisure','Business Class','2024-07-23 13:07:46'),
(11,1,9,NULL,'Another wonderful flight','2024-04-10',10,5,5,0,5,0,5,0,1,'Solo Leisure','Business Class','2024-07-23 13:07:46'),
(12,1,10,NULL,'a seamless and wonderful experience','2024-03-20',10,5,5,5,5,5,5,5,1,'Solo Leisure','First Class','2024-07-23 13:07:46'),
(13,1,11,NULL,'This flight is another 10/10','2024-03-16',10,5,5,5,5,0,5,5,1,'Solo Leisure','First Class','2024-07-23 13:07:46'),
(14,1,12,NULL,'Another delightful flight','2024-02-25',10,5,5,5,5,0,5,0,1,'Solo Leisure','Economy Class','2024-07-23 13:07:46'),
(15,4,13,NULL,'ground experience is terrible','2024-02-25',1,1,1,2,1,2,2,2,0,'Business','Economy Class','2024-07-23 13:07:46'),
(16,1,14,NULL,'their truly welcoming smile','2024-02-18',10,5,5,4,5,0,5,0,1,'Solo Leisure','Economy Class','2024-07-23 13:07:46'),
(17,1,15,NULL,'Overall, not a bad flight','2024-02-14',8,5,5,4,5,0,5,0,1,'Solo Leisure','Economy Class','2024-07-23 13:07:46'),
(18,5,16,NULL,'was not a recent movie','2024-02-10',1,1,1,1,1,1,1,0,0,'Couple Leisure','Economy Class','2024-07-23 13:07:46'),
(19,1,17,NULL,'service was excellent','2024-02-05',10,5,5,5,5,0,5,0,1,'Solo Leisure','Business Class','2024-07-23 13:07:46'),
(20,1,18,NULL,'Another great flight','2024-02-03',10,5,5,5,5,0,5,0,1,'Solo Leisure','Business Class','2024-07-23 13:07:46'),
(21,1,19,NULL,'lack of lounge access in Tokyo Haneda','2024-01-20',7,4,5,5,4,0,5,0,1,'Solo Leisure','Business Class','2024-07-23 13:07:46'),
(22,6,20,NULL,'Poor communication with passengers','2024-01-15',2,3,2,1,1,2,2,1,0,'Family Leisure','Economy Class','2024-07-23 13:07:46'),
(23,1,21,NULL,'appreciate all the help\" ','2024-01-08',10,4,5,5,5,0,5,0,1,'Business','Business Class','2024-07-23 13:07:46'),
(24,1,22,NULL,'another excellent flight\" ','2024-01-01',10,5,5,5,5,0,5,5,1,'Solo Leisure','First Class','2024-07-23 13:07:46'),
(25,1,23,NULL,'onboard service was outstanding ','2023-12-23',10,5,5,5,5,0,5,0,1,'Solo Leisure','First Class','2024-07-23 13:07:46'),
(26,1,24,NULL,'an excellent service','2023-12-21',10,5,5,5,5,0,5,0,1,'Business','Business Class','2024-07-23 13:07:46'),
(27,1,24,NULL,'an excellent service','2023-12-17',10,4,5,5,5,0,5,0,1,'Solo Leisure','Business Class','2024-07-23 13:07:46'),
(28,7,25,NULL,'Very polite crew and friendly','2023-12-07',8,4,5,5,5,5,3,0,1,'Couple Leisure','Business Class','2024-07-23 13:07:46'),
(29,1,26,NULL,'Overall service was very good','2023-12-06',10,5,5,5,5,0,5,0,1,'Solo Leisure','Economy Class','2024-07-23 13:07:46'),
(30,8,27,NULL,'the crew friendly and efficient\" ','2023-11-12',6,4,5,4,4,2,4,0,1,'Solo Leisure','Economy Class','2024-07-23 13:07:46'),
(31,1,28,NULL,'Overall service was good','2023-11-07',7,5,4,0,4,0,5,0,1,'Solo Leisure','Business Class','2024-07-23 13:07:46'),
(32,1,29,NULL,'high level of excellent service\" ','2023-11-03',10,5,5,5,5,0,5,0,1,'Solo Leisure','Business Class','2024-07-23 13:07:46'),
(33,9,30,NULL,'memorable by the outstanding service','2023-10-29',9,5,5,4,5,3,5,0,1,'Business','Business Class','2024-07-23 13:07:46'),
(34,1,31,NULL,'consistent high level of service','2023-10-29',9,5,5,5,4,0,5,0,1,'Solo Leisure','Business Class','2024-07-23 13:07:46'),
(35,1,32,NULL,'baggage was delivered very quickly\" ','2023-10-16',10,5,5,5,5,0,5,0,1,'Solo Leisure','Business Class','2024-07-23 13:07:46'),
(36,10,33,NULL,'made the experience enjoyable','2023-10-14',8,5,5,3,5,4,5,0,1,'Business','Business Class','2024-07-23 13:07:46'),
(37,1,34,NULL,'flight itself was good\" ','2023-10-10',10,5,5,5,5,0,5,0,1,'Solo Leisure','Business Class','2024-07-23 13:07:46'),
(38,1,35,NULL,'outstanding service','2023-10-01',10,5,5,5,5,0,5,0,1,'Solo Leisure','First Class','2024-07-23 13:07:46'),
(39,1,36,NULL,'outstanding service','2023-09-26',10,5,5,5,5,0,5,0,1,'Solo Leisure','First Class','2024-07-23 13:07:46'),
(40,11,37,NULL,'no service of a working screen or wifi','2023-09-22',5,3,2,4,3,1,2,1,1,'Couple Leisure','Economy Class','2024-07-23 13:07:46'),
(41,1,38,NULL,'high and consistent level of service','2023-09-09',10,5,5,5,5,0,5,0,1,'Solo Leisure','Business Class','2024-07-23 13:07:46'),
(42,1,39,NULL,'Overall good flight and service','2023-09-01',10,4,5,4,5,0,5,0,1,'Solo Leisure','Economy Class','2024-07-23 13:07:46'),
(43,1,40,NULL,'cabin crew were most helpful','2023-08-26',10,5,5,5,5,0,5,0,1,'Solo Leisure','First Class','2024-07-23 13:07:46'),
(44,12,41,NULL,'Had a very pleasant experience','2023-08-17',9,5,5,4,5,2,4,0,1,'Solo Leisure','Economy Class','2024-07-23 13:07:46'),
(45,13,42,NULL,'changed our 5h direct flight\" ','2023-08-08',3,2,5,3,3,0,1,0,0,'Business','Economy Class','2024-07-23 13:07:46'),
(46,1,43,NULL,'I really appreciate the service','2023-08-07',10,5,5,5,5,0,5,0,1,'Solo Leisure','First Class','2024-07-23 13:07:46'),
(47,1,44,NULL,'very attentive through out the flight','2023-07-31',10,5,5,0,5,0,5,0,1,'Solo Leisure','First Class','2024-07-23 13:07:46'),
(48,1,45,NULL,'cabin crew were very welcoming','2023-07-30',10,5,5,5,5,0,5,0,1,'Solo Leisure','Business Class','2024-07-23 13:07:46'),
(49,1,46,NULL,'Overall, another good flight','2023-07-23',10,5,5,5,5,0,5,0,1,'Solo Leisure','Economy Class','2024-07-23 13:07:46'),
(50,14,47,NULL,'another good flight on Garuda-Indonesia','2023-07-09',10,4,5,5,5,0,5,0,1,'Solo Leisure','Economy Class','2024-07-23 13:07:46'),
(51,1,48,NULL,'very professional and very engaging','2023-07-04',10,5,5,5,5,5,5,0,1,'Family Leisure','First Class','2024-07-23 13:07:46'),
(52,1,49,NULL,'outstanding on our flight','2023-06-23',10,5,5,5,5,5,5,5,1,'Family Leisure','First Class','2024-07-23 13:07:46'),
(53,1,50,NULL,'the cabin crew were very attentive','2023-06-05',10,5,5,5,5,0,5,0,1,'Solo Leisure','Business Class','2024-07-23 13:07:46'),
(54,1,51,NULL,'flight itself was good','2023-06-02',10,5,5,0,5,0,5,0,1,'Solo Leisure','Business Class','2024-07-23 13:07:46'),
(55,1,52,NULL,'cabin crew were very helpful','2023-05-30',10,4,5,5,5,0,5,0,1,'Solo Leisure','Economy Class','2024-07-23 13:07:46'),
(56,1,53,NULL,'not a bad overnight flight\" ','2023-05-19',8,4,4,3,5,0,5,0,1,'Solo Leisure','Economy Class','2024-07-23 13:07:46'),
(57,1,54,NULL,'cabin crew were very attentive to me','2023-05-02',10,5,5,5,5,0,5,0,1,'Solo Leisure','First Class','2024-07-23 13:07:46'),
(58,15,55,NULL,'impressed with the level of service','2023-04-24',9,5,5,3,5,4,5,0,1,'Business','Economy Class','2024-07-23 13:07:46'),
(59,16,56,NULL,'crew hospitality was awesome','2023-04-21',10,5,5,5,5,5,5,0,1,'Solo Leisure','Economy Class','2024-07-23 13:07:46'),
(60,1,57,NULL,'Another great flight','2023-04-12',10,5,5,5,5,0,5,0,1,'Solo Leisure','First Class','2024-07-23 13:07:46'),
(61,1,58,NULL,'another excellent flight','2023-03-29',10,5,5,0,5,0,5,0,1,'Solo Leisure','Business Class','2024-07-23 13:07:46'),
(62,17,59,NULL,'without delay or any problems','2023-03-13',7,4,2,3,4,3,3,0,1,'Solo Leisure','Economy Class','2024-07-23 13:07:46'),
(63,1,60,NULL,'flight and service was good','2023-03-04',10,4,5,5,5,0,5,0,1,'Solo Leisure','Economy Class','2024-07-23 13:07:46'),
(64,1,61,NULL,'cabin crew were quite helpful','2023-02-26',9,5,5,3,5,0,5,0,1,'Solo Leisure','Business Class','2024-07-23 13:07:46'),
(65,18,62,NULL,'ground and cabin crew were very helpful','2023-02-23',10,5,5,5,5,0,5,0,1,'Solo Leisure','Business Class','2024-07-23 13:07:46'),
(66,1,63,NULL,'cabin crew were very pleasant','2023-02-13',10,5,5,5,5,0,5,5,1,'Solo Leisure','First Class','2024-07-23 13:07:46'),
(67,1,64,NULL,'noticed some improvements in the First Class','2023-02-03',10,5,5,5,5,0,5,5,1,'Solo Leisure','First Class','2024-07-23 13:07:46'),
(68,1,65,NULL,'I was impressed by the service provided','2023-01-28',10,5,5,5,5,0,5,0,1,'Solo Leisure','Economy Class','2024-07-23 13:07:46'),
(69,1,66,NULL,'success to Garuda Indonesia and their team','2023-01-01',10,5,5,5,5,0,5,0,1,'Solo Leisure','First Class','2024-07-23 13:07:46'),
(70,1,67,NULL,'another great flight','2022-12-23',10,5,5,5,5,0,5,5,1,'Solo Leisure','First Class','2024-07-23 13:07:46'),
(71,1,68,NULL,'an excellent service','2022-11-20',9,5,5,5,5,0,5,0,1,'Solo Leisure','First Class','2024-07-23 13:07:46'),
(72,1,69,NULL,'Thank you for providing a great service','2022-11-19',10,5,5,5,5,0,5,0,1,'Solo Leisure','First Class','2024-07-23 13:07:46'),
(73,19,70,NULL,'Two trips went smoothly','2022-11-16',10,5,5,3,5,3,3,0,1,'Business','Economy Class','2024-07-23 13:07:46'),
(74,20,71,NULL,'lack of a lounge in Yogyakarta','2022-11-12',3,3,3,0,1,0,1,0,0,'Business','Business Class','2024-07-23 13:07:46'),
(75,1,72,NULL,'The flight itself was good','2022-11-01',10,4,5,5,5,0,5,0,1,'Solo Leisure','Business Class','2024-07-23 13:07:46'),
(76,1,73,NULL,'very attentive and friendly','2022-10-16',10,5,5,5,5,0,5,0,1,'Solo Leisure','First Class','2024-07-23 13:07:46'),
(77,1,74,NULL,'I would like to thank the cabin staff','2022-10-07',10,5,5,5,5,0,5,0,1,'Solo Leisure','First Class','2024-07-23 13:07:46'),
(78,1,75,NULL,'rate the overall door to door service as excellent','2022-08-21',10,5,5,5,5,4,5,0,1,'Business','First Class','2024-07-23 13:07:46'),
(79,1,76,NULL,'rate the overall service as excellent','2022-08-13',10,5,5,5,5,0,5,5,1,'Business','First Class','2024-07-23 13:07:46'),
(80,21,77,NULL,'served only a sandwich and mineral water','2022-07-11',1,4,1,1,4,1,1,0,0,'Solo Leisure','Economy Class','2024-07-23 13:07:46'),
(81,22,78,NULL,'seem to always impress','2022-07-05',9,5,5,4,5,4,5,0,1,'Solo Leisure','Economy Class','2024-07-23 13:07:46'),
(82,1,79,NULL,'cabin crew were every attentive','2022-06-26',10,5,5,5,5,0,5,0,1,'Family Leisure','First Class','2024-07-23 13:07:46'),
(83,1,80,NULL,'Overall an outstanding service','2022-06-21',10,5,5,5,5,5,5,0,1,'Family Leisure','First Class','2024-07-23 13:07:46'),
(84,23,81,NULL,'the crews and the meal saved the day','2022-06-06',8,3,5,5,5,3,4,0,1,'Family Leisure','Economy Class','2024-07-23 13:07:46'),
(85,24,82,NULL,'been rescheduled 5 times','2021-08-27',3,4,3,0,4,0,2,0,0,'Couple Leisure','Economy Class','2024-07-23 13:07:46'),
(86,25,83,NULL,'cannot process me a refund or travel voucher','2021-06-14',1,0,0,0,0,0,1,0,0,'Business','Economy Class','2024-07-23 13:07:46'),
(87,26,84,NULL,'there were a few passengers moving around the cabin without having a mask on','2021-05-29',6,4,5,4,5,2,4,2,1,'Business','Business Class','2024-07-23 13:07:46'),
(88,26,85,NULL,'Helpful, sincere, friendly and attentive','2021-03-29',10,5,5,5,5,5,5,5,1,'Couple Leisure','Business Class','2024-07-23 13:07:46'),
(89,27,86,NULL,'enjoy their high level of service','2021-02-05',9,4,5,3,4,3,4,0,1,'Family Leisure','Economy Class','2024-07-23 13:07:46'),
(90,27,87,NULL,'flying Garuda Indonesia a great experience','2021-02-05',9,5,5,4,3,3,4,0,1,'Family Leisure','Economy Class','2024-07-23 13:07:46'),
(91,28,88,NULL,'they completely ignore me','2021-01-10',1,1,1,0,1,0,1,0,0,'Couple Leisure','Economy Class','2024-07-23 13:07:46'),
(92,29,89,NULL,'rejected to give my money back','2020-09-07',1,0,0,0,0,0,1,0,0,'Solo Leisure','Economy Class','2024-07-23 13:07:46'),
(93,30,90,NULL,'trying to get a refund since March','2020-07-14',1,0,0,0,0,0,1,0,0,'Family Leisure','Economy Class','2024-07-23 13:07:46'),
(94,26,91,NULL,'crew were very attentive','2020-04-25',10,5,5,5,5,5,4,0,1,'Couple Leisure','Business Class','2024-07-23 13:07:46'),
(95,31,92,NULL,'Crew lovely','2020-04-04',9,5,5,3,5,3,4,0,1,'Solo Leisure','Economy Class','2024-07-23 13:07:46'),
(96,31,93,NULL,'seats were comfortable','2020-04-04',9,5,4,2,5,5,4,0,1,'Solo Leisure','Economy Class','2024-07-23 13:07:46'),
(97,32,94,NULL,'they offered me a voucher','2020-03-27',1,0,0,0,0,0,1,0,0,'Solo Leisure','Economy Class','2024-07-23 13:07:46'),
(98,33,95,NULL,'legroom was great','2020-03-23',6,2,2,3,1,0,2,0,0,'Solo Leisure','Economy Class','2024-07-23 13:07:46'),
(99,34,96,NULL,'They offer very good service','2020-03-22',9,5,5,5,4,4,5,5,1,'Couple Leisure','Economy Class','2024-07-23 13:07:46'),
(100,1,97,NULL,'flight was excellent','2020-03-16',10,5,5,4,5,0,5,0,1,'Solo Leisure','Business Class','2024-07-23 13:07:46'),
(101,35,98,NULL,'the crew welcomed us warmly','2020-02-25',8,3,5,4,5,3,5,0,1,'Family Leisure','Economy Class','2024-07-23 13:07:46'),
(102,1,99,NULL,'the cabin crew gave a very warm welcome','2020-02-20',9,5,5,4,5,0,5,0,1,'Business','Business Class','2024-07-23 13:07:46'),
(103,36,100,NULL,'Food served to me was horrible','2020-02-18',3,4,5,1,4,3,3,0,0,'Family Leisure','Economy Class','2024-07-23 13:07:46'),
(104,37,101,NULL,'Disappointed by Garuda Indonesia','2020-02-14',5,3,4,5,3,0,4,0,0,'Solo Leisure','Economy Class','2024-07-23 13:07:46'),
(105,37,102,NULL,'a very pleasant experience','2020-02-14',8,5,5,4,3,3,4,4,1,'Solo Leisure','Economy Class','2024-07-23 13:07:46'),
(106,1,103,NULL,'another excellent flight','2020-02-12',10,5,5,5,5,0,5,5,1,'Solo Leisure','First Class','2024-07-23 13:07:46'),
(107,38,104,NULL,'genuine hospitality','2020-02-04',9,5,5,5,5,4,5,0,1,'Solo Leisure','Business Class','2024-07-23 13:07:46'),
(108,39,105,NULL,'friendly, kind, helpful','2020-02-02',9,3,5,4,4,3,4,0,1,'Solo Leisure','Economy Class','2024-07-23 13:07:46'),
(109,1,106,NULL,'service onboard was very good','2020-01-28',9,5,5,5,4,0,5,0,1,'Solo Leisure','Business Class','2024-07-23 13:07:46'),
(110,40,107,NULL,'never fly with them again','2020-01-27',1,2,1,1,3,1,1,1,0,'Solo Leisure','Business Class','2024-07-23 13:07:46'),
(111,41,108,NULL,'IFE still awful and nothing new','2020-01-20',8,4,5,4,5,1,4,0,1,'Couple Leisure','Business Class','2024-07-23 13:07:46'),
(112,1,109,NULL,'provided an excellent service','2020-01-19',10,5,5,5,5,0,5,5,1,'Business','Business Class','2024-07-23 13:07:46'),
(113,42,110,NULL,'allow one more bag with priority','2020-01-14',1,0,0,0,1,0,1,0,0,'Family Leisure','Economy Class','2024-07-23 13:07:46'),
(114,41,111,NULL,'choose a different airline ','2020-01-14',4,2,5,4,4,1,4,1,0,'Couple Leisure','Business Class','2024-07-23 13:07:46'),
(115,43,112,NULL,'service could have been much better','2020-01-13',5,2,2,4,2,2,5,2,1,'Solo Leisure','Business Class','2024-07-23 13:07:46'),
(116,44,113,NULL,'never fly with Garuda again','2020-01-12',1,1,1,1,2,3,1,0,0,'Couple Leisure','Economy Class','2024-07-23 13:07:46'),
(117,45,114,NULL,'Seat pitch was very small','2020-01-10',3,1,4,1,5,0,2,0,0,'Couple Leisure','Economy Class','2024-07-23 13:07:46'),
(118,1,115,NULL,'warm welcome and a smile','2020-01-10',9,5,5,4,4,0,5,0,1,'Business','Business Class','2024-07-23 13:07:46'),
(119,1,116,NULL,'Another outstanding service','2020-01-01',10,5,5,5,5,5,5,5,1,'Family Leisure','First Class','2024-07-23 13:07:46'),
(120,46,117,NULL,'Hopefully it was just a one-off','2019-12-31',6,4,2,4,4,4,4,0,1,'Solo Leisure','Business Class','2024-07-23 13:07:46'),
(121,1,118,NULL,'ground service team were so helpful','2019-12-23',10,5,5,5,5,0,5,5,1,'Family Leisure','First Class','2024-07-23 13:07:46'),
(122,47,119,NULL,'decline in their service','2019-12-21',7,4,2,2,4,4,4,0,1,'Family Leisure','Economy Class','2024-07-23 13:07:46'),
(123,48,120,NULL,'Very pleasant experience','2019-12-18',9,5,5,4,5,4,5,1,1,'Solo Leisure','Economy Class','2024-07-23 13:07:46'),
(124,48,121,NULL,'very pleasant flight','2019-12-18',9,5,5,4,5,3,5,0,1,'Solo Leisure','Economy Class','2024-07-23 13:07:46'),
(125,49,122,NULL,'cabin is comfortable','2019-12-14',9,5,5,5,5,3,5,1,1,'Solo Leisure','Business Class','2024-07-23 13:07:46'),
(126,1,123,NULL,'5 Star service from Garuda','2019-12-11',10,5,5,5,5,0,5,0,1,'Solo Leisure','Business Class','2024-07-23 13:07:46'),
(127,50,124,NULL,'a sharp decline','2019-12-08',6,3,4,2,2,3,3,0,0,'Family Leisure','Economy Class','2024-07-23 13:07:46'),
(128,51,125,NULL,'excel in their service','2019-12-07',10,5,5,3,5,4,3,0,1,'Family Leisure','Economy Class','2024-07-23 13:07:46'),
(129,52,126,NULL,'I\'m getting disappointed','2019-12-05',2,1,4,3,1,3,1,0,0,'Business','Economy Class','2024-07-23 13:07:46'),
(130,53,127,NULL,'meal was the one disappointment','2019-12-03',8,4,4,2,5,0,4,0,1,'Couple Leisure','Economy Class','2024-07-23 13:07:46'),
(131,54,128,NULL,'Warm and friendly staff','2019-12-01',8,5,5,5,5,4,5,0,1,'Family Leisure','Economy Class','2024-07-23 13:07:46'),
(132,1,129,NULL,'Overall good service','2019-11-26',9,4,5,4,4,0,5,0,1,'Solo Leisure','Business Class','2024-07-23 13:07:46'),
(133,55,130,NULL,'such a pleasant journey','2019-11-23',9,5,5,5,5,5,5,0,1,'Solo Leisure','Business Class','2024-07-23 13:07:46'),
(134,1,131,NULL,'Another great service by Garuda','2019-11-03',10,5,5,5,5,0,5,0,1,'Solo Leisure','Business Class','2024-07-23 13:07:46'),
(135,56,132,NULL,'staff, planes etc are very reliable','2019-11-01',7,3,4,3,4,1,3,0,1,'Couple Leisure','Economy Class','2024-07-23 13:07:46'),
(136,57,133,NULL,'seat width to be inadequate','2019-10-30',3,1,4,1,3,1,2,3,0,'Couple Leisure','Economy Class','2024-07-23 13:07:46'),
(137,58,134,NULL,'it was a pleasant journey','2019-10-27',8,4,4,3,5,3,4,0,1,'Solo Leisure','Economy Class','2024-07-23 13:07:46'),
(138,59,135,NULL,'definitely fly Garuda again','2019-10-26',8,5,5,5,5,4,4,3,1,'Couple Leisure','Economy Class','2024-07-23 13:07:46'),
(139,60,136,NULL,'I complained to Garuda','2019-10-23',1,1,1,1,1,0,1,0,0,'Solo Leisure','Economy Class','2024-07-23 13:07:46'),
(140,61,137,NULL,'food was unpalatable for me','2019-10-22',1,1,2,1,1,1,1,0,0,'Couple Leisure','Economy Class','2024-07-23 13:07:46'),
(141,62,138,NULL,'Now 48 is the last row','2019-10-20',5,1,4,3,4,0,4,0,0,'Solo Leisure','Economy Class','2024-07-23 13:07:46'),
(142,63,139,NULL,'Disappointed with the service','2019-10-19',1,1,3,1,1,4,1,0,0,'Business','Economy Class','2024-07-23 13:07:46'),
(143,64,140,NULL,'Never trust these guys','2019-10-17',1,1,1,0,1,0,1,0,0,'Family Leisure','Business Class','2024-07-23 13:07:46'),
(144,65,141,NULL,'devalued their loyalty program','2019-10-13',1,3,2,1,3,1,3,0,0,'Business','Economy Class','2024-07-23 13:07:46'),
(145,66,142,NULL,'security said Macbook Pro has a battery recall','2019-10-13',1,1,1,1,1,0,1,0,0,'Family Leisure','Business Class','2024-07-23 13:07:46'),
(146,1,143,NULL,'like to say a big thank you','2019-10-10',10,5,5,5,5,5,5,0,1,'Family Leisure','Business Class','2024-07-23 13:07:46'),
(147,1,144,NULL,'a pleasant surprise','2019-10-06',10,5,5,5,5,5,5,0,1,'Family Leisure','Business Class','2024-07-23 13:07:46'),
(148,67,145,NULL,'will take my business elsewhere','2019-10-05',1,3,1,1,3,1,1,0,0,'Couple Leisure','Economy Class','2024-07-23 13:07:46'),
(149,68,146,NULL,'changed without being notified','2019-10-04',2,2,2,2,3,0,2,0,0,'Couple Leisure','Business Class','2024-07-23 13:07:46'),
(150,69,147,NULL,'cabin crew was really nice','2019-09-29',10,5,5,5,5,5,5,0,1,'Solo Leisure','Economy Class','2024-07-23 13:07:46'),
(151,1,148,NULL,'overall a good flight','2019-09-28',9,3,5,4,5,0,5,0,1,'Business','Business Class','2024-07-23 13:07:46'),
(152,70,149,NULL,'I still recommend Garuda Indonesia','2019-09-24',7,4,4,3,4,4,3,0,1,'Solo Leisure','Economy Class','2024-07-23 13:07:46'),
(153,71,150,NULL,'one of the best airlines','2019-09-21',9,4,5,4,5,3,5,4,1,'Solo Leisure','Economy Class','2024-07-23 13:07:46'),
(154,1,151,NULL,'it was a excellent flight','2019-09-20',10,5,5,5,5,0,5,5,1,'Business','First Class','2024-07-23 13:07:46'),
(155,1,152,NULL,'outstanding service','2019-09-18',10,5,5,5,5,0,5,5,1,'Business','First Class','2024-07-23 13:07:46'),
(156,72,153,NULL,'on board staff amazing','2019-09-17',8,4,5,5,2,2,5,2,1,'Solo Leisure','Business Class','2024-07-23 13:07:46'),
(157,73,154,NULL,'competence and friendliness at its best','2019-09-11',10,5,5,5,5,5,5,0,1,'Family Leisure','Economy Class','2024-07-23 13:07:46'),
(158,1,155,NULL,'a warm welcome with genuine smiles','2019-09-10',9,4,5,4,5,0,4,0,1,'Business','Business Class','2024-07-23 13:07:46'),
(159,74,156,NULL,'service on board was amazing','2019-09-07',8,5,5,5,2,5,4,5,1,'Solo Leisure','Business Class','2024-07-23 13:07:46'),
(160,75,157,NULL,'a nice experience','2019-09-06',9,4,5,5,4,4,4,4,1,'Solo Leisure','Economy Class','2024-07-23 13:07:46'),
(161,76,158,NULL,'they served a small bun,','2019-09-03',1,3,3,1,2,1,1,0,0,'Solo Leisure','Economy Class','2024-07-23 13:07:46'),
(162,77,159,NULL,'Vegetarian meal was the same','2019-09-03',5,2,2,1,3,1,3,0,0,'Couple Leisure','Economy Class','2024-07-23 13:07:46'),
(163,1,160,NULL,'lack of snacks and drinks','2019-08-31',7,4,5,2,4,0,3,0,1,'Business','Business Class','2024-07-23 13:07:46'),
(164,78,161,NULL,'a real disappointment','2019-08-30',8,4,5,4,5,3,4,0,1,'Solo Leisure','Economy Class','2024-07-23 13:07:46'),
(165,79,162,NULL,'service has declined','2019-08-27',1,1,2,1,1,1,1,0,0,'Couple Leisure','Business Class','2024-07-23 13:07:46'),
(166,80,163,NULL,'quite happy to disappoint us','2019-08-20',3,3,2,0,3,0,3,0,0,'Couple Leisure','Economy Class','2024-07-23 13:07:46'),
(167,81,164,NULL,'zero chat assistants','2019-08-20',4,0,0,0,0,0,4,0,0,'Family Leisure','Economy Class','2024-07-23 13:07:46'),
(168,82,165,NULL,'Attentive service from the stewards','2019-08-20',8,4,5,4,4,4,5,4,1,'Family Leisure','Economy Class','2024-07-23 13:07:46'),
(169,1,166,NULL,'Great flight and service','2019-08-19',10,4,5,5,5,0,5,0,1,'Solo Leisure','Business Class','2024-07-23 13:07:46'),
(170,1,167,NULL,'looked after us very well','2019-08-04',10,5,5,5,5,0,5,5,1,'Family Leisure','First Class','2024-07-23 13:07:46'),
(171,83,168,NULL,'Awful ground services','2019-08-02',2,3,4,3,1,3,1,0,0,'Business','Economy Class','2024-07-23 13:07:46'),
(172,84,169,NULL,'Nice flight experience','2019-08-01',10,4,5,5,5,4,5,0,1,'Family Leisure','Economy Class','2024-07-23 13:07:46'),
(173,85,170,NULL,'Service was excellent','2019-08-01',9,5,5,5,4,5,4,0,1,'Business','Economy Class','2024-07-23 13:07:46'),
(174,86,171,NULL,'Great service, great staff','2019-07-31',9,4,5,4,5,4,4,0,1,'Family Leisure','Economy Class','2024-07-23 13:07:46'),
(175,87,172,NULL,'they can\'t do anything','2019-07-27',1,0,0,0,0,0,1,0,0,'Solo Leisure','Economy Class','2024-07-23 13:07:46'),
(176,88,173,NULL,'gives me a huge legroom','2019-07-19',3,5,4,1,3,2,1,0,0,'Business','Economy Class','2024-07-23 13:07:46'),
(177,89,174,NULL,'IFE isn\'t working on 80 mins flight','2019-07-19',3,3,2,2,2,0,2,0,0,'Business','Economy Class','2024-07-23 13:07:46'),
(178,90,175,NULL,'seat and window dirty','2019-07-17',1,3,4,1,3,1,1,0,0,'Couple Leisure','Economy Class','2024-07-23 13:07:46'),
(179,91,176,NULL,'meal provided quite bad','2019-07-17',5,3,5,2,3,2,1,2,1,'Business','Economy Class','2024-07-23 13:07:46'),
(180,92,177,NULL,'warm welcome from cabin crew','2019-07-17',6,2,5,3,2,3,2,1,0,'Family Leisure','Business Class','2024-07-23 13:07:46'),
(181,93,178,NULL,'My IFE was always restarting','2019-07-16',2,3,4,2,2,1,2,0,0,'Solo Leisure','Economy Class','2024-07-23 13:07:46'),
(182,94,179,NULL,'I found entertainment boring','2019-07-08',1,3,1,1,2,2,1,0,0,'Couple Leisure','Business Class','2024-07-23 13:07:46'),
(183,95,180,NULL,'dont get upgraded to Business','2019-07-05',6,4,2,2,1,2,3,0,1,'Business','Economy Class','2024-07-23 13:07:46'),
(184,96,181,NULL,'No in flight meal','2019-07-04',4,3,3,1,4,1,2,0,0,'Solo Leisure','Economy Class','2024-07-23 13:07:46'),
(185,97,182,NULL,'a very positive experience','2019-07-02',10,5,5,4,5,4,5,4,1,'Family Leisure','Economy Class','2024-07-23 13:07:46'),
(186,98,183,NULL,'not willing to compensate me','2019-06-29',1,4,4,5,1,4,1,0,0,'Business','Economy Class','2024-07-23 13:07:46'),
(187,1,184,NULL,'Garuda could do with a rethink','2019-06-26',9,4,5,4,5,0,5,0,1,'Business','Business Class','2024-07-23 13:07:46'),
(188,99,185,NULL,'Overall good service','2019-06-12',10,5,5,5,5,5,5,0,1,'Solo Leisure','Economy Class','2024-07-23 13:07:46'),
(189,38,185,NULL,'journey was pleasant and memorable','2019-06-11',9,5,5,4,5,4,5,0,1,'Solo Leisure','Business Class','2024-07-23 13:07:46'),
(190,1,186,NULL,'exceeded even my expectations','2019-06-06',10,5,5,0,5,0,5,0,1,'Solo Leisure','Business Class','2024-07-23 13:07:46'),
(191,1,187,NULL,'onboard service was very good','2019-06-04',10,5,5,0,5,0,5,0,1,'Business','Business Class','2024-07-23 13:07:46'),
(192,100,188,NULL,'cabin crew was so friendly','2019-05-29',8,2,5,5,3,4,4,0,1,'Solo Leisure','Business Class','2024-07-23 13:07:46'),
(193,1,189,NULL,'Overall good service','2019-05-23',9,5,5,5,5,0,5,0,1,'Business','Business Class','2024-07-23 13:07:46'),
(194,1,190,NULL,'experience was very good','2019-05-07',10,5,5,5,5,0,5,5,1,'Solo Leisure','Business Class','2024-07-23 13:07:46'),
(195,101,191,NULL,'very good flight experience!','2019-05-03',10,5,5,4,5,4,4,0,1,'Solo Leisure','Economy Class','2024-07-23 13:07:46'),
(196,1,192,NULL,'they really look after you','2019-04-29',10,5,5,5,5,0,5,5,1,'Solo Leisure','Business Class','2024-07-23 13:07:46'),
(197,1,193,NULL,'should be offering better service','2019-04-26',6,4,5,2,3,0,3,0,1,'Business','Business Class','2024-07-23 13:07:46'),
(198,102,194,NULL,'flight is very standard','2019-04-24',8,4,5,4,4,4,4,0,1,'Solo Leisure','Economy Class','2024-07-23 13:07:46'),
(199,102,195,NULL,'they served a full meal','2019-04-24',8,4,5,4,4,3,4,0,1,'Solo Leisure','Business Class','2024-07-23 13:07:46'),
(200,102,196,NULL,'I was totally impressed','2019-04-24',10,5,5,5,5,4,5,0,1,'Solo Leisure','Business Class','2024-07-23 13:07:46'),
(201,103,197,NULL,'crew with outstanding service','2019-04-19',9,5,5,5,4,4,4,4,1,'Solo Leisure','Business Class','2024-07-23 13:07:46'),
(202,104,198,NULL,'too late and tired to complain','2019-04-14',3,3,3,3,1,3,3,0,0,'Couple Leisure','Economy Class','2024-07-23 13:07:46'),
(203,105,199,NULL,'food  needs improvement','2019-04-08',5,3,5,2,2,0,1,0,1,'Solo Leisure','Business Class','2024-07-23 13:07:46'),
(204,1,200,NULL,'the service was good','2019-03-24',8,3,5,3,5,0,5,0,1,'Business','Economy Class','2024-07-23 13:07:46'),
(205,1,201,NULL,'Overall great trip','2019-03-21',10,5,5,5,5,0,5,5,1,'Solo Leisure','First Class','2024-07-23 13:07:46'),
(206,1,202,NULL,'First Class service at its best','2019-03-17',10,5,5,5,5,0,5,5,1,'Business','First Class','2024-07-23 13:07:46'),
(207,1,203,NULL,'overall service was excellent','2019-03-13',10,5,5,5,5,0,5,0,1,'Solo Leisure','Business Class','2024-07-23 13:07:46'),
(208,106,204,NULL,'very attentive cabin crew','2019-03-13',10,5,5,5,5,4,5,3,1,'Couple Leisure','Business Class','2024-07-23 13:07:46'),
(209,107,205,NULL,'comfortable sleeper beds','2019-03-13',9,5,5,4,5,3,5,3,1,'Couple Leisure','Business Class','2024-07-23 13:07:46'),
(210,106,206,NULL,'cabin crew were attentive','2019-03-13',6,1,4,4,5,2,5,2,1,'Couple Leisure','Business Class','2024-07-23 13:07:46'),
(211,106,207,NULL,'very comfortable flight','2019-03-13',9,5,5,4,5,3,5,3,1,'Couple Leisure','Business Class','2024-07-23 13:07:46'),
(212,108,208,NULL,'always friendly and attentive','2019-02-28',8,5,5,4,5,3,5,0,1,'Solo Leisure','Business Class','2024-07-23 13:07:46'),
(213,108,209,NULL,'a high standard throughout','2019-02-28',7,4,5,3,5,4,4,0,1,'Solo Leisure','Business Class','2024-07-23 13:07:46'),
(214,1,210,NULL,'no non-sugar soft drinks','2019-02-22',8,5,5,1,4,0,4,0,1,'Business','Business Class','2024-07-23 13:07:46'),
(215,109,211,NULL,'trying to change my flight','2019-02-21',4,4,5,4,2,3,2,0,0,'Solo Leisure','Economy Class','2024-07-23 13:07:46'),
(216,110,212,NULL,'drinks and breakfast were fine','2019-02-13',7,4,4,4,4,4,3,0,1,'Solo Leisure','Economy Class','2024-07-23 13:07:46'),
(217,110,213,NULL,'flight changed at last minute.','2019-02-12',4,3,4,3,3,0,2,0,0,'Solo Leisure','Economy Class','2024-07-23 13:07:46'),
(218,110,214,NULL,'the times kept on changing','2019-02-12',5,3,4,3,4,0,3,0,0,'Solo Leisure','Economy Class','2024-07-23 13:07:46'),
(219,110,215,NULL,'It was a pleasant flight','2019-02-12',7,4,5,4,4,4,3,0,1,'Solo Leisure','Economy Class','2024-07-23 13:07:46'),
(220,1,216,NULL,'cabin crew are very friendly','2019-02-11',10,5,5,5,5,0,5,5,1,'Solo Leisure','Business Class','2024-07-23 13:07:46'),
(221,1,217,NULL,'Overall excellent flight','2019-02-05',10,5,5,5,5,0,5,5,1,'Solo Leisure','Business Class','2024-07-23 13:07:46'),
(222,111,218,NULL,'Staff were attentive','2019-02-04',8,4,5,4,5,4,4,0,1,'Couple Leisure','Economy Class','2024-07-23 13:07:46'),
(223,112,219,NULL,'One of the best in the world','2019-01-30',9,4,5,5,5,5,5,4,1,'Family Leisure','Economy Class','2024-07-23 13:07:46'),
(224,113,220,NULL,'a really good flight','2019-01-30',10,5,5,5,5,4,5,0,1,'Solo Leisure','Economy Class','2024-07-23 13:07:46'),
(225,114,221,NULL,'the service was great','2019-01-10',6,3,4,3,3,2,3,3,1,'Solo Leisure','Economy Class','2024-07-23 13:07:46'),
(226,1,222,NULL,'service was very good','2019-01-07',9,5,5,5,5,0,5,5,1,'Family Leisure','First Class','2024-07-23 13:07:46'),
(227,115,223,NULL,'was a joy to stay','2019-01-07',10,5,5,5,4,4,5,0,1,'Business','Economy Class','2024-07-23 13:07:46'),
(228,1,224,NULL,'service was exceptional','2019-01-02',10,5,5,5,5,4,5,5,1,'Family Leisure','First Class','2024-07-23 13:07:46'),
(229,1,225,NULL,'Garuda trying to save money','2018-12-15',6,5,3,1,4,0,4,0,1,'Business','Business Class','2024-07-23 13:07:46'),
(230,1,226,NULL,'Excellent service','2018-12-15',10,5,5,5,5,0,5,0,1,'Solo Leisure','Business Class','2024-07-23 13:07:46'),
(231,116,227,NULL,'the crew is the best','2018-12-14',10,5,5,5,5,0,4,0,1,'Couple Leisure','Economy Class','2024-07-23 13:07:46'),
(232,117,228,NULL,'Many things went well','2018-12-11',8,3,4,3,5,5,5,1,1,'Business','Economy Class','2024-07-23 13:07:46'),
(233,118,229,NULL,'A short but pleasant flight','2018-12-11',9,5,5,5,5,0,3,0,1,'Solo Leisure','Economy Class','2024-07-23 13:07:46'),
(234,119,230,NULL,'Everything was great','2018-11-26',9,5,5,4,5,0,5,0,1,'Family Leisure','Business Class','2024-07-23 13:07:46'),
(235,120,231,NULL,'Fast comfortable flight','2018-11-24',8,4,4,4,4,3,5,0,1,'Business','Economy Class','2024-07-23 13:07:46'),
(236,1,232,NULL,'very good flight','2018-11-23',8,5,5,5,4,0,5,0,1,'Business','First Class','2024-07-23 13:07:46'),
(237,1,233,NULL,'Overall great flight','2018-11-23',9,5,5,5,5,3,5,0,1,'Family Leisure','Business Class','2024-07-23 13:07:46'),
(238,121,234,NULL,'friendly and professional','2018-11-13',8,4,5,4,4,3,4,0,1,'Solo Leisure','Business Class','2024-07-23 13:07:46'),
(239,1,235,NULL,'Garuda stop flying to London','2018-10-29',10,5,5,5,5,0,5,5,1,'Solo Leisure','First Class','2024-07-23 13:07:46'),
(240,67,236,NULL,'asked to give up my booked seat','2018-10-27',6,4,3,3,2,3,4,0,1,'Business','Economy Class','2024-07-23 13:07:46'),
(241,122,237,NULL,'seat is too short','2018-10-24',5,1,5,5,3,2,2,0,0,'Business','Business Class','2024-07-23 13:07:46'),
(242,1,238,NULL,'worthy of their 5 Star rating','2018-10-24',10,5,5,5,5,0,5,5,1,'Solo Leisure','First Class','2024-07-23 13:07:46'),
(243,123,239,NULL,'given Platinum Trial Experience','2018-10-21',2,3,3,2,1,4,2,0,0,'Solo Leisure','Economy Class','2024-07-23 13:07:46'),
(244,124,240,NULL,'a frequent traveller easily gets bored','2018-10-21',2,3,3,1,1,1,2,0,0,'Business','Business Class','2024-07-23 13:07:46'),
(245,125,241,NULL,'lost property in the cabin','2018-10-15',3,3,4,3,1,5,3,0,0,'Family Leisure','Economy Class','2024-07-23 13:07:46'),
(246,126,242,NULL,'it was an absolute joy','2018-10-11',8,5,4,4,3,3,4,4,1,'Business','First Class','2024-07-23 13:07:46'),
(247,1,243,NULL,'like to say a big thank you','2018-10-10',10,5,5,5,5,0,5,0,1,'Solo Leisure','Business Class','2024-07-23 13:07:46'),
(248,127,244,NULL,'Garuda offered excellent service','2018-10-10',9,5,5,5,5,4,5,4,1,'Couple Leisure','Business Class','2024-07-23 13:07:46'),
(249,1,245,NULL,'service was excellent','2018-10-06',10,5,5,5,5,0,5,5,1,'Solo Leisure','Business Class','2024-07-23 13:07:46'),
(250,128,246,NULL,'I am thoroughly impressed','2018-09-28',9,3,5,4,4,3,5,0,1,'Solo Leisure','Business Class','2024-07-23 13:07:46'),
(251,129,247,NULL,'not be using them again','2018-09-13',3,4,1,3,1,2,3,5,0,'Solo Leisure','Business Class','2024-07-23 13:07:46'),
(252,1,248,NULL,'Another great flight','2018-09-12',10,5,5,5,5,0,5,0,1,'Business','Business Class','2024-07-23 13:07:46'),
(253,1,249,NULL,'reasonable selection of breakfast meals','2018-09-09',10,5,5,5,5,0,5,0,1,'Business','Business Class','2024-07-23 13:07:46'),
(254,1,250,NULL,'look at boarding process','2018-09-07',8,5,5,5,3,0,5,0,1,'Business','Business Class','2024-07-23 13:07:46'),
(255,130,251,NULL,'very polite and kind','2018-08-26',10,5,5,4,5,5,5,0,1,'Couple Leisure','Economy Class','2024-07-23 13:07:46'),
(256,1,252,NULL,'cancelling this London service','2018-08-24',10,5,5,5,5,0,5,5,1,'Solo Leisure','First Class','2024-07-23 13:07:46'),
(257,1,253,NULL,'Another great experience','2018-08-18',10,5,5,5,5,0,5,4,1,'Solo Leisure','First Class','2024-07-23 13:07:46'),
(258,131,254,NULL,'legroom was adequate','2018-08-15',5,3,2,1,2,0,4,0,1,'Solo Leisure','Economy Class','2024-07-23 13:07:46'),
(259,1,255,NULL,'experience was very good','2018-07-31',9,5,5,5,4,0,5,0,1,'Business','Business Class','2024-07-23 13:07:46'),
(260,132,256,NULL,'no compensation for me','2018-07-29',2,3,3,0,1,0,1,0,0,'Solo Leisure','Economy Class','2024-07-23 13:07:46'),
(261,1,257,NULL,'excellent ground and cabin crew','2018-07-29',10,5,5,5,5,0,5,0,1,'Business','Business Class','2024-07-23 13:07:46'),
(262,133,258,NULL,'service of staff were great','2018-07-26',5,3,4,2,1,4,1,0,0,'Solo Leisure','Economy Class','2024-07-23 13:07:46'),
(263,134,259,NULL,'very happy with this flight','2018-07-20',8,4,4,5,5,5,5,1,1,'Couple Leisure','Economy Class','2024-07-23 13:07:46'),
(264,135,260,NULL,'Service was excellent','2018-07-20',10,4,5,4,4,3,4,2,1,'Solo Leisure','Business Class','2024-07-23 13:07:46'),
(265,136,261,NULL,'decent airline to fly with','2018-07-17',8,4,4,3,4,4,5,0,1,'Business','Economy Class','2024-07-23 13:07:46'),
(266,137,262,NULL,'meals tend to be the same items','2018-07-11',2,3,3,2,1,0,2,0,0,'Solo Leisure','Economy Class','2024-07-23 13:07:46'),
(267,1,263,NULL,'high level of service','2018-07-07',10,5,5,5,5,0,5,5,1,'Family Leisure','First Class','2024-07-23 13:07:46'),
(268,18,264,NULL,'on-board Garuda 5 Star service','2018-07-02',10,5,5,5,5,0,5,5,1,'Family Leisure','First Class','2024-07-23 13:07:46'),
(269,138,265,NULL,'Garuda is a class act','2018-06-30',9,5,5,5,5,3,4,0,1,'Couple Leisure','Business Class','2024-07-23 13:07:46'),
(270,1,266,NULL,'fast and professional service','2018-06-26',10,5,5,5,5,0,5,5,1,'Business','First Class','2024-07-23 13:07:46'),
(271,139,267,NULL,'no cheese course','2018-06-20',4,2,2,1,2,1,3,0,0,'Family Leisure','Business Class','2024-07-23 13:07:46'),
(272,140,268,NULL,'impressed with the cabin crew','2018-06-19',9,5,5,3,5,2,3,0,1,'Family Leisure','Economy Class','2024-07-23 13:07:46'),
(273,141,269,NULL,'food is not very exciting','2018-06-19',3,3,3,1,3,0,3,0,0,'Solo Leisure','Economy Class','2024-07-23 13:07:46'),
(274,1,264,NULL,'service is just outstanding','2018-06-18',10,5,5,5,5,0,5,5,1,'Business','First Class','2024-07-23 13:07:46'),
(275,142,270,NULL,'had at least 3 seats empty','2018-06-18',3,2,2,0,1,0,1,0,0,'Solo Leisure','Economy Class','2024-07-23 13:07:46'),
(276,14,271,NULL,'great ground and onboard service','2018-06-17',10,5,5,0,5,0,5,0,1,'Solo Leisure','Business Class','2024-07-23 13:07:46'),
(277,14,272,NULL,'check in not a pleasant experience','2018-06-11',6,5,5,0,3,0,5,0,1,'Solo Leisure','Business Class','2024-07-23 13:07:46'),
(278,1,273,NULL,'experience was very good','2018-06-11',10,5,5,0,5,0,5,0,1,'Solo Leisure','Business Class','2024-07-23 13:07:46'),
(279,143,274,NULL,'not worth a premium','2018-06-10',6,4,4,1,3,1,3,2,0,'Business','Economy Class','2024-07-23 13:07:46'),
(280,144,275,NULL,'direct flight had been cancelled','2018-05-23',1,1,3,3,1,1,1,0,0,'Couple Leisure','Economy Class','2024-07-23 13:07:46'),
(281,145,276,NULL,'pay attention to small details','2018-05-22',6,5,3,3,4,3,3,4,1,'Business','Business Class','2024-07-23 13:07:46'),
(282,146,277,NULL,'The flight was delayed\"\r\n','2018-05-07',5,3,3,3,2,3,2,0,0,'Couple Leisure','Economy Class','2024-07-23 13:07:46'),
(283,147,278,NULL,'delays and average service','2018-04-28',7,3,4,3,1,4,2,0,0,'Business','Economy Class','2024-07-23 13:07:46'),
(284,148,279,NULL,'on the ground it is bad','2018-04-27',2,3,4,4,1,2,3,0,0,'Business','Business Class','2024-07-23 13:07:46'),
(285,1,280,NULL,'flight was excellent','2018-04-23',10,5,5,5,5,0,5,5,1,'Solo Leisure','First Class','2024-07-23 13:07:46'),
(286,141,281,NULL,'The purser should set the standard','2018-04-22',4,3,3,2,3,2,3,0,1,'Solo Leisure','Business Class','2024-07-23 13:07:46'),
(287,1,282,NULL,'professional and dedicated team','2018-04-14',10,5,5,5,5,5,5,5,1,'Solo Leisure','First Class','2024-07-23 13:07:46'),
(288,1,283,NULL,'in-flight services very good','2018-04-10',9,5,5,5,5,0,5,0,1,'Solo Leisure','Business Class','2024-07-23 13:07:46'),
(289,149,284,NULL,'cabin crew are just wonderful','2018-04-09',9,4,5,5,5,3,5,0,1,'Couple Leisure','Business Class','2024-07-23 13:07:46'),
(290,1,285,NULL,'what I call a good service','2018-04-07',10,5,5,5,5,0,5,0,1,'Solo Leisure','Business Class','2024-07-23 13:07:46'),
(291,150,286,NULL,'not understand why I was annoyed','2018-03-28',2,2,1,1,1,1,2,0,0,'Solo Leisure','Economy Class','2024-07-23 13:07:46'),
(292,151,287,NULL,'it was a nice experience','2018-03-23',7,5,5,4,4,4,4,0,1,'Family Leisure','Economy Class','2024-07-23 13:07:46'),
(293,152,288,NULL,'staff were friendly and nice','2018-03-23',9,4,5,4,5,4,5,0,1,'Solo Leisure','Economy Class','2024-07-23 13:07:46'),
(294,153,289,NULL,'Garuda is amongst the best','2018-03-15',9,4,5,5,4,3,4,0,1,'Couple Leisure','Business Class','2024-07-23 13:07:46'),
(295,1,290,NULL,'cabin crew were very attentive','2018-03-12',10,4,5,5,5,0,5,5,1,'Business','First Class','2024-07-23 13:07:46'),
(296,1,291,NULL,'look after their premier customers','2018-03-10',10,4,5,5,5,0,5,5,1,'Business','First Class','2024-07-23 13:07:46'),
(297,154,292,NULL,'I enjoyed the flight','2018-02-20',7,4,4,4,4,0,4,0,0,'Solo Leisure','Economy Class','2024-07-23 13:07:46'),
(298,155,293,NULL,'no pilot and no cabin crew','2018-02-17',6,4,5,4,1,0,4,0,1,'Family Leisure','Economy Class','2024-07-23 13:07:46'),
(299,156,294,NULL,'no consideration of the customer','2018-02-16',1,4,3,0,1,0,1,0,0,'Business','Economy Class','2024-07-23 13:07:46'),
(300,1,295,NULL,'normal high 5 Star service\" ','2018-02-13',10,5,5,5,5,0,5,5,1,'Solo Leisure','First Class','2024-07-23 13:07:46'),
(301,157,296,NULL,'obligation to inform passengers ','2018-02-09',1,0,0,0,0,0,1,0,0,'Business','Economy Class','2024-07-23 13:07:46'),
(302,1,297,NULL,'cabin crew were most attentive','2018-01-30',10,4,5,5,5,0,5,5,1,'Business','First Class','2024-07-23 13:07:46'),
(303,158,298,NULL,'Everything was perfect!','2018-01-27',9,4,5,4,5,4,5,0,1,'Solo Leisure','Economy Class','2024-07-23 13:07:46'),
(304,158,299,NULL,'definitely will fly with them again','2018-01-27',9,5,5,4,4,4,5,0,1,'Solo Leisure','Economy Class','2024-07-23 13:07:46'),
(305,1,300,NULL,'good flight overall','2018-01-24',9,4,5,5,5,0,5,0,1,'Solo Leisure','Business Class','2024-07-23 13:07:46'),
(306,18,301,NULL,'flight itself was good','2018-01-23',10,4,5,5,5,0,5,0,1,'Solo Leisure','Business Class','2024-07-23 13:07:46'),
(307,159,302,NULL,'Plenty of legroom','2018-01-10',9,4,5,5,5,2,5,0,1,'Solo Leisure','Economy Class','2024-07-23 13:07:46'),
(308,160,303,NULL,'fly Garuda Indonesia again','2018-01-08',10,5,5,5,5,5,5,5,1,'Solo Leisure','Economy Class','2024-07-23 13:07:46'),
(309,161,304,NULL,'crew went above and beyond','2018-01-04',7,5,4,5,2,4,3,5,1,'Solo Leisure','First Class','2024-07-23 13:07:46'),
(310,162,305,NULL,'comfortable and pleasant flight','2018-01-04',9,5,5,3,4,0,5,0,1,'Solo Leisure','Economy Class','2024-07-23 13:07:46'),
(311,163,306,NULL,'nice and comfortable service','2018-01-03',8,4,5,4,4,3,4,0,1,'Family Leisure','Business Class','2024-07-23 13:07:46'),
(312,164,307,NULL,'fix your coordination in checkin','2017-12-29',5,3,4,3,1,0,3,0,1,'Solo Leisure','Economy Class','2024-07-23 13:07:46'),
(313,165,308,NULL,'I had a very good experience','2017-12-28',9,4,5,4,5,3,5,0,1,'Solo Leisure','Economy Class','2024-07-23 13:07:46'),
(314,1,309,NULL,'onboard cabin crew were outstanding','2017-12-27',10,4,5,5,5,0,5,5,1,'Family Leisure','First Class','2024-07-23 13:07:46'),
(315,1,310,NULL,'Overall a great service','2017-12-26',10,4,5,5,5,0,5,5,1,'Family Leisure','First Class','2024-07-23 13:07:46'),
(316,166,311,NULL,'worst experience','2017-12-21',1,3,1,3,1,2,1,0,0,'Family Leisure','Economy Class','2024-07-23 13:07:46'),
(317,167,312,NULL,'food was sub-standard','2017-12-18',1,2,1,1,3,0,1,0,0,'Solo Leisure','Business Class','2024-07-23 13:07:46'),
(318,168,313,NULL,'complete lack of understanding','2017-12-15',1,3,2,1,2,2,1,3,0,'Family Leisure','Economy Class','2024-07-23 13:07:46'),
(319,169,314,NULL,'The staff seemed distracted','2017-12-13',3,2,1,1,1,1,2,0,1,'Couple Leisure','Economy Class','2024-07-23 13:07:46'),
(320,1,315,NULL,'flight itself was excellent','2017-12-13',7,4,5,5,3,0,4,5,1,'Solo Leisure','First Class','2024-07-23 13:07:46'),
(321,170,316,NULL,'finally it was 90 mins late','2017-12-04',5,3,2,2,2,3,2,3,0,'Business','Economy Class','2024-07-23 13:07:46'),
(322,1,317,NULL,'cabin crew gave impeccable service','2017-12-04',10,4,5,5,5,0,5,5,1,'Business','First Class','2024-07-23 13:07:46'),
(323,171,318,NULL,'quality of service is good','2017-12-03',8,4,5,3,4,2,5,0,1,'Solo Leisure','Economy Class','2024-07-23 13:07:46'),
(324,172,319,NULL,'an excellent flight','2017-12-02',10,5,5,5,5,4,5,5,1,'Family Leisure','Economy Class','2024-07-23 13:07:46'),
(325,173,320,NULL,'My flight got cancelled ','2017-11-30',1,0,0,0,1,0,3,0,0,'Business','Economy Class','2024-07-23 13:07:46'),
(326,174,321,NULL,'love attentiveness of the FAs','2017-11-22',8,5,5,3,4,3,4,3,1,'Solo Leisure','Economy Class','2024-07-23 13:07:46'),
(327,175,322,NULL,'the crew were really nice','2017-11-22',10,5,5,5,5,0,5,0,1,'Solo Leisure','Economy Class','2024-07-23 13:07:46'),
(328,176,323,NULL,'the five star crew on flight','2017-11-19',9,5,5,4,5,4,5,5,1,'Business','First Class','2024-07-23 13:07:46'),
(329,177,324,NULL,'enlarge the meal portion a little bit','2017-11-15',8,4,4,4,4,4,3,2,1,'Business','Economy Class','2024-07-23 13:07:46'),
(330,178,325,NULL,'Flight attendant is attentive','2017-11-12',8,4,5,3,5,0,3,0,1,'Business','Economy Class','2024-07-23 13:07:46'),
(331,178,326,NULL,'staff is very attentive','2017-11-12',10,5,5,5,5,4,4,0,1,'Business','Business Class','2024-07-23 13:07:46'),
(332,179,327,NULL,'a really pleasant flight','2017-11-12',9,5,5,5,5,4,5,5,1,'Solo Leisure','Business Class','2024-07-23 13:07:46'),
(333,180,327,NULL,'crew gave impeccable service','2017-11-10',9,5,5,5,5,3,5,0,1,'Solo Leisure','Business Class','2024-07-23 13:07:46'),
(334,178,328,NULL,'cabin crew were attentive','2017-11-10',9,5,5,5,5,4,4,4,1,'Business','Business Class','2024-07-23 13:07:46'),
(335,181,329,NULL,'we took off 2.5 hours late','2017-10-27',1,3,1,0,2,0,1,0,0,'Couple Leisure','Economy Class','2024-07-23 13:07:46'),
(336,1,330,NULL,'The flight itself was good','2017-10-26',8,5,5,0,2,0,5,0,1,'Solo Leisure','Business Class','2024-07-23 13:07:46'),
(337,176,331,NULL,'world class cabin crew','2017-10-25',9,5,5,5,5,4,5,5,1,'Business','First Class','2024-07-23 13:07:46'),
(338,182,332,NULL,'cabin crew were fantastic','2017-10-19',9,4,5,5,4,4,5,3,1,'Couple Leisure','Economy Class','2024-07-23 13:07:46'),
(339,1,333,NULL,'a very good service','2017-10-17',9,5,5,4,5,0,5,0,1,'Family Leisure','Business Class','2024-07-23 13:07:46'),
(340,183,334,NULL,'Great experience all round ','2017-10-15',10,5,5,5,5,5,5,0,1,'Couple Leisure','Economy Class','2024-07-23 13:07:46'),
(341,184,335,NULL,'full service provided','2017-10-12',10,1,5,5,5,5,5,0,1,'Solo Leisure','Business Class','2024-07-23 13:07:46'),
(342,184,336,NULL,'attendants friendly and helpful','2017-10-11',10,5,5,5,5,5,5,5,1,'Solo Leisure','Economy Class','2024-07-23 13:07:46'),
(343,185,337,NULL,'Flight attendant was very helpful and friendly','2017-10-10',10,5,5,5,5,5,5,5,1,'Solo Leisure','Economy Class','2024-07-23 13:07:46'),
(344,186,338,NULL,'I enjoy flying Garuda Indonesia','2017-10-05',10,5,5,5,5,5,5,5,1,'Solo Leisure','Economy Class','2024-07-23 13:07:46'),
(345,187,339,NULL,'Seat comfort was perfectly acceptable','2017-10-02',9,4,4,4,5,4,4,0,1,'Solo Leisure','Economy Class','2024-07-23 13:07:46'),
(346,1,340,NULL,'boarding process is again seamless\" ','2017-09-28',10,5,5,5,5,0,5,5,1,'Solo Leisure','First Class','2024-07-23 13:07:46'),
(347,187,341,NULL,'Seat comfort was top notch','2017-09-23',8,4,5,3,4,4,5,0,1,'Family Leisure','Economy Class','2024-07-23 13:07:46'),
(348,188,342,NULL,'not very baby friendly','2017-09-17',4,4,2,4,1,4,3,0,0,'Family Leisure','Economy Class','2024-07-23 13:07:46'),
(349,189,343,NULL,'gracious, polite and helpful','2017-09-15',9,4,5,4,4,4,4,0,1,'Solo Leisure','Economy Class','2024-07-23 13:07:46'),
(350,190,344,NULL,'very friendly and kind','2017-09-10',10,5,5,5,5,5,5,0,1,'Solo Leisure','Economy Class','2024-07-23 13:07:46'),
(351,191,345,NULL,'lack of consistency in the service quality','2017-09-06',3,2,1,3,4,2,3,0,1,'Solo Leisure','Economy Class','2024-07-23 13:07:46'),
(352,191,346,NULL,'made me feel truly at home','2017-09-06',9,4,5,4,4,3,3,0,1,'Solo Leisure','Business Class','2024-07-23 13:07:46'),
(353,192,347,NULL,'departure was delayed','2017-09-05',3,4,3,3,1,4,1,0,0,'Couple Leisure','Economy Class','2024-07-23 13:07:46'),
(354,1,348,NULL,'on-board service - 5 star plus','2017-08-30',10,5,5,5,5,0,5,5,1,'Solo Leisure','First Class','2024-07-23 13:07:46'),
(355,193,349,NULL,'the IFE was horrible','2017-08-28',8,3,5,3,4,2,4,0,1,'Business','Economy Class','2024-07-23 13:07:46'),
(356,194,350,NULL,'reduced its in flight service','2017-08-27',5,4,5,2,4,4,3,4,0,'Business','Economy Class','2024-07-23 13:07:46'),
(357,195,351,NULL,'staff is very friendly','2017-08-25',6,3,4,2,4,4,4,3,1,'Family Leisure','Economy Class','2024-07-23 13:07:46'),
(358,196,352,NULL,'service exceeded my expectation','2017-08-24',10,4,5,4,4,4,4,4,1,'Solo Leisure','Economy Class','2024-07-23 13:07:46'),
(359,197,321,NULL,'Cabin service wonderful','2017-08-13',9,5,5,3,4,4,4,0,1,'Business','Economy Class','2024-07-23 13:07:46'),
(360,198,353,NULL,'requested a special meal','2017-08-12',3,4,5,0,5,4,5,0,0,'Family Leisure','Economy Class','2024-07-23 13:07:46'),
(361,1,354,NULL,'the same excellent service','2017-08-08',10,5,5,5,5,5,5,5,1,'Family Leisure','First Class','2024-07-23 13:07:46'),
(362,199,355,NULL,'sacrificing quality','2017-07-31',6,3,3,2,3,4,3,0,0,'Couple Leisure','Economy Class','2024-07-23 13:07:46'),
(363,200,356,NULL,'the inflight service was perfect','2017-07-29',7,4,5,4,2,4,4,0,1,'Couple Leisure','Economy Class','2024-07-23 13:07:46'),
(364,201,357,NULL,'the same excellent service','2017-07-29',10,5,5,5,4,5,5,4,1,'Solo Leisure','Business Class','2024-07-23 13:07:46'),
(365,202,358,NULL,'flight itself was great','2017-07-25',10,4,5,3,2,4,4,5,1,'Couple Leisure','Economy Class','2024-07-23 13:07:46'),
(366,203,359,NULL,'crew very hospitable and friendly','2017-07-21',10,5,5,5,4,4,5,0,1,'Solo Leisure','Economy Class','2024-07-23 13:07:46'),
(367,204,360,NULL,'recommend to all people','2017-07-19',10,5,5,5,5,5,5,4,1,'Family Leisure','Economy Class','2024-07-23 13:07:46'),
(368,205,361,NULL,'Cabin crew exceptional','2017-07-11',9,5,5,5,5,4,5,4,1,'Solo Leisure','Economy Class','2024-07-23 13:07:46'),
(369,206,362,NULL,'on time and good service','2017-07-11',9,5,5,4,4,4,5,0,1,'Family Leisure','Economy Class','2024-07-23 13:07:46'),
(370,187,363,NULL,'flight delayed by 5 hours','2017-07-08',9,5,5,4,2,4,5,0,1,'Family Leisure','Economy Class','2024-07-23 13:07:46'),
(371,187,364,NULL,'quick, attentive, professional','2017-07-08',8,4,5,3,4,3,5,0,1,'Family Leisure','Economy Class','2024-07-23 13:07:46'),
(372,207,365,NULL,'found the portions quite small','2017-07-06',7,4,5,3,5,3,4,3,1,'Family Leisure','Business Class','2024-07-23 13:07:46'),
(373,208,366,NULL,'best experience flight','2017-07-04',8,5,5,3,4,4,5,0,1,'Solo Leisure','Economy Class','2024-07-23 13:07:46'),
(374,209,367,NULL,'Overall it was a smooth flight','2017-06-30',9,5,5,3,5,4,5,0,1,'Solo Leisure','Economy Class','2024-07-23 13:07:46'),
(375,210,368,NULL,'new, clean and well maintained','2017-06-27',10,5,5,5,5,5,5,0,1,'Solo Leisure','Economy Class','2024-07-23 13:07:46'),
(376,211,369,NULL,'The food is good','2017-06-22',8,5,5,5,5,5,4,3,1,'Solo Leisure','Economy Class','2024-07-23 13:07:46'),
(377,212,370,NULL,'older A330s more spacious','2017-06-21',6,3,5,3,4,3,4,0,1,'Family Leisure','Economy Class','2024-07-23 13:07:46'),
(378,213,371,NULL,'Really helpful cabin staff','2017-06-13',10,5,5,5,5,5,5,5,1,'Family Leisure','Economy Class','2024-07-23 13:07:46'),
(379,214,372,NULL,'a very good business class','2017-06-05',9,4,5,5,4,2,5,0,1,'Couple Leisure','Business Class','2024-07-23 13:07:46'),
(380,215,373,NULL,'special meal request honored','2017-06-04',7,4,4,5,4,4,3,0,1,'Business','Economy Class','2024-07-23 13:07:46'),
(381,216,374,NULL,'a reasonably good product','2017-06-03',7,3,3,3,4,3,4,0,1,'Solo Leisure','Economy Class','2024-07-23 13:07:46'),
(382,217,375,NULL,'very helpful staff','2017-06-02',10,4,5,5,5,3,5,0,1,'Solo Leisure','Business Class','2024-07-23 13:07:46'),
(383,1,376,NULL,'Onboard service was excellent','2017-06-02',9,5,5,4,5,0,5,0,1,'Business','Business Class','2024-07-23 13:07:46'),
(384,218,377,NULL,'never had a bad experience','2017-05-31',9,4,5,4,4,5,5,0,1,'Solo Leisure','Economy Class','2024-07-23 13:07:46'),
(385,1,378,NULL,'onboard services were outstanding','2017-05-30',10,5,5,5,5,0,5,5,1,'Business','First Class','2024-07-23 13:07:46'),
(386,219,379,NULL,'crew were nice and polite','2017-05-30',7,4,4,3,4,4,3,0,1,'Solo Leisure','Economy Class','2024-07-23 13:07:46'),
(387,187,380,NULL,'a really enjoyable experience','2017-05-21',7,4,5,3,4,2,4,0,1,'Family Leisure','Economy Class','2024-07-23 13:07:46'),
(388,220,381,NULL,'highly recommend this airline','2017-05-13',9,4,5,5,5,2,5,5,1,'Solo Leisure','Economy Class','2024-07-23 13:07:46'),
(389,221,382,NULL,'they well deserve their rating','2017-05-13',9,5,5,3,5,4,5,0,1,'Couple Leisure','Business Class','2024-07-23 13:07:46'),
(390,222,383,NULL,'very polite and professional','2017-05-11',9,4,5,3,4,1,4,0,1,'Family Leisure','Economy Class','2024-07-23 13:07:46'),
(391,223,384,NULL,'Another good hospitality','2017-05-08',8,4,5,5,4,3,3,0,1,'Solo Leisure','Economy Class','2024-07-23 13:07:46'),
(392,224,385,NULL,'ran out of options during the meal service','2017-05-08',10,5,5,5,5,3,5,2,1,'Family Leisure','Economy Class','2024-07-23 13:07:46'),
(393,225,386,NULL,'onboard service was excellent','2017-05-05',10,5,5,4,4,5,5,0,1,'Solo Leisure','Economy Class','2024-07-23 13:07:46'),
(394,226,387,NULL,'FAs were attentive and knowledgeable','2017-05-03',8,4,5,5,4,5,5,4,1,'Couple Leisure','Economy Class','2024-07-23 13:07:46'),
(395,1,388,NULL,'extremely pleasant experience','2017-04-20',10,5,5,5,5,0,5,5,1,'Family Leisure','First Class','2024-07-23 13:07:46'),
(396,227,389,NULL,'very pleasant and comfortable','2017-04-18',10,5,5,4,5,4,5,0,1,'Family Leisure','Economy Class','2024-07-23 13:07:46'),
(397,228,390,NULL,'a lousy experience','2017-04-18',4,2,1,1,3,3,1,0,0,'Family Leisure','Economy Class','2024-07-23 13:07:46'),
(398,229,391,NULL,'seating space in economy was pleasant','2017-04-13',7,4,4,3,4,3,4,0,1,'Solo Leisure','Economy Class','2024-07-23 13:07:46'),
(399,230,392,NULL,'worst ground loading system','2017-04-10',3,2,3,3,2,3,4,3,0,'Business','Business Class','2024-07-23 13:07:46'),
(400,231,393,NULL,'gracious and much appreciated act','2017-04-07',8,3,4,3,4,3,4,0,1,'Couple Leisure','Economy Class','2024-07-23 13:07:46'),
(401,209,394,NULL,'check in online is so easy','2017-04-04',9,5,5,5,4,5,5,0,1,'Business','Economy Class','2024-07-23 13:07:46'),
(402,232,395,NULL,'amazing legroom in economy','2017-03-26',10,5,5,5,5,5,5,0,1,'Business','Economy Class','2024-07-23 13:07:46'),
(403,233,396,NULL,'staff were extremely friendly','2017-03-23',10,4,5,5,3,5,5,5,1,'Family Leisure','Economy Class','2024-07-23 13:07:46'),
(404,234,397,NULL,'cabin crew service impressive','2017-03-17',9,5,5,4,5,5,5,5,1,'Solo Leisure','First Class','2024-07-23 13:07:46'),
(405,163,398,NULL,'ground experience smooth and efficient','2017-03-16',7,4,3,3,4,3,5,5,1,'Solo Leisure','Economy Class','2024-07-23 13:07:46'),
(406,235,399,NULL,'a marked difference between the two journeys','2017-03-14',8,4,4,3,4,3,5,0,1,'Couple Leisure','Business Class','2024-07-23 13:07:46'),
(407,236,400,NULL,'Cabin service was exceptional','2017-03-08',9,4,5,4,5,4,5,4,1,'Solo Leisure','Economy Class','2024-07-23 13:07:46'),
(408,237,401,NULL,'Garuda continues to impress','2017-03-08',9,4,5,5,4,5,5,0,1,'Couple Leisure','Business Class','2024-07-23 13:07:46'),
(409,238,402,NULL,'staff were helpful and nice','2017-02-24',10,5,5,5,5,5,5,0,1,'Solo Leisure','Economy Class','2024-07-23 13:07:46'),
(410,239,403,NULL,'inflight entertainment was up to date','2017-02-20',9,5,5,4,5,5,4,0,1,'Solo Leisure','Economy Class','2024-07-23 13:07:46'),
(411,240,404,NULL,'smiles and professional service','2017-02-18',7,4,5,3,3,3,4,0,1,'Family Leisure','Economy Class','2024-07-23 13:07:46'),
(412,241,405,NULL,'fantastic cabin crew','2017-02-16',8,5,5,5,3,0,4,0,1,'Solo Leisure','Economy Class','2024-07-23 13:07:46'),
(413,1,406,NULL,'outstanding cabin crew','2017-02-11',10,5,5,5,5,0,5,5,1,'Solo Leisure','First Class','2024-07-23 13:07:46'),
(414,242,407,NULL,'impressed with all aspects of the in-flight experience','2017-02-07',9,4,5,5,4,5,5,0,1,'Couple Leisure','Economy Class','2024-07-23 13:07:46'),
(415,243,408,NULL,'service onboard is amazing ','2017-02-01',7,4,5,4,3,4,5,0,1,'Couple Leisure','Business Class','2024-07-23 13:07:46'),
(416,244,403,NULL,'cabin crew wonderful','2017-02-01',10,5,5,5,5,5,4,0,1,'Solo Leisure','Business Class','2024-07-23 13:07:46'),
(417,240,409,NULL,'efficient and friendly','2017-02-01',9,4,5,4,5,4,5,0,1,'Family Leisure','Economy Class','2024-07-23 13:07:46'),
(418,245,410,NULL,'stewardess smile and seem to be nice','2017-01-30',4,3,4,4,4,3,2,0,0,'Business','Economy Class','2024-07-23 13:07:46'),
(419,1,411,NULL,'a very pleasant experience','2017-01-30',10,5,5,5,5,0,5,5,1,'Business','First Class','2024-07-23 13:07:46'),
(420,246,412,NULL,'a pleasure to fly with Garuda Indonesia','2017-01-28',9,5,5,4,5,3,4,0,1,'Couple Leisure','Economy Class','2024-07-23 13:07:47'),
(421,240,413,NULL,'fly with Garuda in the future','2017-01-27',8,5,5,4,4,4,4,0,1,'Family Leisure','Economy Class','2024-07-23 13:07:47'),
(422,247,414,NULL,'fantastic service from Garuda','2017-01-25',9,4,5,4,5,4,5,0,1,'Couple Leisure','Business Class','2024-07-23 13:07:47'),
(423,248,415,NULL,'fly with them again','2017-01-24',9,5,5,5,4,5,5,0,1,'Solo Leisure','Economy Class','2024-07-23 13:07:47'),
(424,249,416,NULL,'was a very pleasant journey','2017-01-23',9,4,5,4,4,5,4,0,1,'Couple Leisure','Economy Class','2024-07-23 13:07:47'),
(425,58,417,NULL,'the flight was pleasant','2017-01-14',8,4,5,4,5,4,5,0,1,'Family Leisure','Economy Class','2024-07-23 13:07:47'),
(426,250,418,NULL,'amazing food for 1 hour flight','2017-01-10',9,5,4,5,4,5,5,0,1,'Solo Leisure','Economy Class','2024-07-23 13:07:47'),
(427,251,419,NULL,'great service with a smile','2017-01-06',9,5,5,5,3,4,5,0,1,'Family Leisure','Economy Class','2024-07-23 13:07:47'),
(428,252,420,NULL,'has improved their service','2016-12-28',10,5,5,5,4,5,5,0,1,'Solo Leisure','Economy Class','2024-07-23 13:07:47'),
(429,253,421,NULL,'very poor communication','2016-12-23',5,4,4,3,1,4,4,0,0,'Couple Leisure','Economy Class','2024-07-23 13:07:47'),
(430,254,422,NULL,'aircraft with AVOD IFE','2016-12-21',7,3,5,3,1,4,3,3,1,'Family Leisure','Economy Class','2024-07-23 13:07:47'),
(431,255,423,NULL,'thank you for their honesty','2016-12-18',10,3,5,4,4,5,4,4,1,'Family Leisure','Economy Class','2024-07-23 13:07:47'),
(432,256,424,NULL,'best airline I have flown with','2016-11-22',10,4,5,4,5,5,5,5,1,'Solo Leisure','Economy Class','2024-07-23 13:07:47'),
(433,257,425,NULL,'best airline meal that I have had','2016-11-22',9,5,5,5,4,5,5,5,1,'Business','Business Class','2024-07-23 13:07:47'),
(434,58,426,NULL,'happy with the service throughout the flight','2016-11-17',8,4,5,4,5,5,5,0,1,'Solo Leisure','Economy Class','2024-07-23 13:07:47'),
(435,258,427,NULL,'really good experience','2016-11-17',8,4,4,3,4,3,4,0,1,'Business','Economy Class','2024-07-23 13:07:47'),
(436,209,428,NULL,'attendants are very friendly','2016-11-10',10,5,5,5,5,5,5,0,1,'Business','Business Class','2024-07-23 13:07:47'),
(437,259,429,NULL,'better than other airlines','2016-11-09',8,3,5,5,5,4,5,4,1,'Solo Leisure','Economy Class','2024-07-23 13:07:47'),
(438,260,430,NULL,'it was a pleasant journey','2016-11-08',9,4,5,4,4,3,3,0,1,'Solo Leisure','Economy Class','2024-07-23 13:07:47'),
(439,261,431,NULL,'world class service','2016-11-01',9,5,5,4,5,4,5,4,1,'Business','Economy Class','2024-07-23 13:07:47'),
(440,262,432,NULL,'a very good flight','2016-10-29',8,4,4,4,5,4,4,0,1,'Family Leisure','Economy Class','2024-07-23 13:07:47'),
(441,263,433,NULL,'excellent experience with Garuda','2016-10-20',9,4,5,4,2,3,4,0,1,'Solo Leisure','Economy Class','2024-07-23 13:07:47'),
(442,264,434,NULL,'very pleased with service','2016-10-17',9,5,5,4,5,4,5,0,1,'Solo Leisure','Business Class','2024-07-23 13:07:47'),
(443,209,435,NULL,'was all very efficient','2016-10-12',10,5,5,4,5,5,5,0,1,'Business','Economy Class','2024-07-23 13:07:47'),
(444,265,436,NULL,'an excellent level of service','2016-10-11',9,4,5,5,3,3,4,0,1,'Solo Leisure','Business Class','2024-07-23 13:07:47'),
(445,265,437,NULL,'overall, very impressed','2016-10-11',9,5,4,5,4,4,5,0,1,'Solo Leisure','Business Class','2024-07-23 13:07:47'),
(446,265,438,NULL,'food and beverage service was excellent','2016-10-10',9,5,5,5,4,3,5,0,1,'Solo Leisure','Business Class','2024-07-23 13:07:47'),
(447,266,439,NULL,'the service was good and attentive','2016-10-08',8,4,5,4,3,4,5,5,1,'Business','Business Class','2024-07-23 13:07:47'),
(448,267,440,NULL,'service was excellent','2016-10-01',10,5,5,5,5,5,5,4,1,'Family Leisure','Business Class','2024-07-23 13:07:47'),
(449,268,441,NULL,'crew were polite and reasonably visible','2016-09-30',7,4,3,3,4,3,4,0,1,'Solo Leisure','Economy Class','2024-07-23 13:07:47'),
(450,269,442,NULL,'great cabin ambience','2016-09-26',8,4,4,4,4,4,3,0,1,'Business','Economy Class','2024-07-23 13:07:47'),
(451,270,443,NULL,'Garuda did a great job','2016-09-26',7,4,4,3,3,3,4,2,1,'Solo Leisure','Business Class','2024-07-23 13:07:47'),
(452,235,444,NULL,'the service was superb','2016-09-25',9,5,5,5,4,3,5,0,1,'Business','Business Class','2024-07-23 13:07:47'),
(453,271,445,NULL,'warmth of the Indonesian people','2016-09-24',9,4,4,3,4,3,5,0,1,'Couple Leisure','Economy Class','2024-07-23 13:07:47'),
(454,272,446,NULL,'overall a good flight','2016-09-19',7,4,5,4,4,4,4,0,1,'Family Leisure','Economy Class','2024-07-23 13:07:47'),
(455,235,447,NULL,'inflight service was superb','2016-09-19',8,5,5,5,2,3,5,0,1,'Business','Business Class','2024-07-23 13:07:47'),
(456,273,448,NULL,'with its friendly atmosphere','2016-09-17',9,5,5,5,3,5,5,0,1,'Couple Leisure','Economy Class','2024-07-23 13:07:47'),
(457,274,449,NULL,'the most adorable service','2016-09-17',10,5,5,5,5,4,5,4,1,'Family Leisure','Economy Class','2024-07-23 13:07:47'),
(458,275,450,NULL,'deserving their 5-Star rating','2016-09-13',10,5,5,5,5,5,5,0,1,'Solo Leisure','Business Class','2024-07-23 13:07:47'),
(459,276,451,NULL,'great customer service','2016-09-12',8,4,4,4,4,3,5,2,1,'Couple Leisure','Business Class','2024-07-23 13:07:47'),
(460,277,452,NULL,'an almost perfect flight','2016-09-11',9,5,5,5,4,4,4,0,1,'Family Leisure','Business Class','2024-07-23 13:07:47'),
(461,1,453,NULL,'cabin crew are one of the best','2016-09-02',10,5,5,5,5,0,5,5,1,'Solo Leisure','First Class','2024-07-23 13:07:47'),
(462,278,454,NULL,'an outstanding meal service','2016-08-20',8,4,5,4,4,4,5,0,1,'Solo Leisure','Economy Class','2024-07-23 13:07:47'),
(463,279,455,NULL,'seats were very comfortable','2016-08-15',4,5,3,2,1,3,3,0,0,'Couple Leisure','Economy Class','2024-07-23 13:07:47'),
(464,280,456,NULL,'very edible and delicious','2016-08-14',9,4,4,5,4,5,5,0,1,'Solo Leisure','Economy Class','2024-07-23 13:07:47'),
(465,281,457,NULL,'not a bad flight, nor was it remarkable','2016-08-14',8,3,3,4,3,3,4,0,1,'Family Leisure','Business Class','2024-07-23 13:07:47'),
(466,282,458,NULL,'no suitcases will be on the flight','2016-08-11',1,1,2,2,1,2,1,2,0,'Family Leisure','Economy Class','2024-07-23 13:07:47'),
(467,283,459,NULL,'only give bread on this night flight','2016-08-09',8,4,5,4,5,3,4,0,1,'Family Leisure','Economy Class','2024-07-23 13:07:47'),
(468,284,460,NULL,'friendly, professional and helpful','2016-08-08',9,4,5,5,5,5,5,4,1,'Family Leisure','Economy Class','2024-07-23 13:07:47'),
(469,281,461,NULL,'very attentive and friendly','2016-08-06',9,5,5,3,5,4,4,0,1,'Family Leisure','Business Class','2024-07-23 13:07:47'),
(470,281,462,NULL,'fully deserve 5 star category','2016-08-06',9,5,5,4,5,4,5,0,1,'Family Leisure','Business Class','2024-07-23 13:07:47'),
(471,285,463,NULL,'with genuine smiles and helpfulness','2016-08-01',9,4,5,4,3,4,5,5,1,'Solo Leisure','Economy Class','2024-07-23 13:07:47'),
(472,286,464,NULL,'last journey was really enjoyable','2016-07-28',9,5,5,5,3,5,4,0,1,'Family Leisure','Economy Class','2024-07-23 13:07:47'),
(473,286,465,NULL,'It was really convenient','2016-07-28',10,5,5,5,4,5,4,0,1,'Solo Leisure','Economy Class','2024-07-23 13:07:47'),
(474,287,466,NULL,'provide a wonderful service','2016-07-26',10,5,5,5,5,5,5,0,1,'Family Leisure','Economy Class','2024-07-23 13:07:47'),
(475,1,467,NULL,'outstanding service from boarding until landing','2016-07-19',10,5,5,5,5,5,5,5,1,'Family Leisure','First Class','2024-07-23 13:07:47'),
(476,288,468,NULL,'cabin crew were great','2016-07-17',9,4,4,4,4,3,4,0,1,'Family Leisure','Economy Class','2024-07-23 13:07:47'),
(477,289,469,NULL,'would love to fly them again','2016-07-14',9,5,5,5,4,4,4,0,1,'Solo Leisure','Economy Class','2024-07-23 13:07:47'),
(478,290,470,NULL,'check-in to onboard, all was amazing','2016-07-13',10,5,5,5,5,5,5,0,1,'Solo Leisure','Economy Class','2024-07-23 13:07:47'),
(479,291,471,NULL,'could not do enough for her','2016-07-12',10,5,5,5,5,0,5,5,1,'Family Leisure','First Class','2024-07-23 13:07:47'),
(480,292,472,NULL,'cabin looks very fresh','2016-07-12',9,5,5,5,5,4,5,0,1,'Solo Leisure','Economy Class','2024-07-23 13:07:47'),
(481,292,473,NULL,'cabin crew were very polite','2016-07-11',9,5,5,5,4,4,5,0,1,'Solo Leisure','Economy Class','2024-07-23 13:07:47'),
(482,58,474,NULL,'always enjoyable with Garuda','2016-07-10',8,5,5,4,5,4,5,0,1,'Solo Leisure','Economy Class','2024-07-23 13:07:47'),
(483,293,475,NULL,'snacks and complimentary drinks offered','2016-07-10',9,5,5,4,5,4,5,0,1,'Family Leisure','Economy Class','2024-07-23 13:07:47'),
(484,294,476,NULL,'it was an excellent experience','2016-07-09',10,5,5,5,5,0,5,0,1,'Couple Leisure','Economy Class','2024-07-23 13:07:47'),
(485,295,477,NULL,'professional and courteous cabin crew','2016-07-07',7,3,4,4,3,0,4,3,1,'Solo Leisure','Economy Class','2024-07-23 13:07:47'),
(486,296,478,NULL,'very friendly and efficient','2016-07-05',10,5,5,4,5,4,5,0,1,'Solo Leisure','Economy Class','2024-07-23 13:07:47'),
(487,152,479,NULL,'always a pleasant flight','2016-07-01',9,5,5,4,5,4,3,0,1,'Solo Leisure','Economy Class','2024-07-23 13:07:47'),
(488,297,480,NULL,'streets ahead of QF and CX Business Class','2016-06-30',9,5,5,5,4,4,5,4,1,'Couple Leisure','Business Class','2024-07-23 13:07:47'),
(489,298,481,NULL,'experience was first-rate','2016-06-28',9,5,5,5,4,4,5,0,1,'Couple Leisure','Business Class','2024-07-23 13:07:47'),
(490,299,482,NULL,'positive experience for a very good price','2016-06-27',10,5,5,5,5,4,5,5,1,'Solo Leisure','Business Class','2024-07-23 13:07:47'),
(491,300,483,NULL,'flight attendants were friendly','2016-06-20',9,5,5,5,5,3,5,0,1,'Business','Economy Class','2024-07-23 13:07:47'),
(492,301,484,NULL,'Flight was nice','2016-06-20',10,5,5,5,5,5,5,5,1,'Solo Leisure','Economy Class','2024-07-23 13:07:47'),
(493,302,485,NULL,'very welcoming and warm','2016-06-17',10,5,5,5,5,5,5,0,1,'Solo Leisure','Economy Class','2024-07-23 13:07:47'),
(494,303,486,NULL,'deserve a 5 Star rating','2016-06-14',10,5,5,5,5,5,5,0,1,'Business','Economy Class','2024-07-23 13:07:47'),
(495,304,487,NULL,'brings a great experience','2016-06-13',9,5,5,4,5,3,5,0,1,'Family Leisure','Economy Class','2024-07-23 13:07:47'),
(496,305,488,NULL,'very impressed with Garuda','2016-06-11',9,4,5,4,4,4,5,0,1,'Business','Economy Class','2024-07-23 13:07:47'),
(497,306,489,NULL,'service was very good','2016-06-08',9,5,5,5,4,0,5,5,1,'Solo Leisure','First Class','2024-07-23 13:07:47'),
(498,307,490,NULL,'needs some improvement','2016-06-07',7,3,4,4,1,3,4,0,1,'Family Leisure','Economy Class','2024-07-23 13:07:47'),
(499,308,491,NULL,'crew was nice, friendly','2016-06-07',9,3,5,4,3,5,4,3,1,'Couple Leisure','Economy Class','2024-07-23 13:07:47'),
(500,309,492,NULL,'seats are very comfortable','2016-06-06',9,5,5,4,5,4,4,0,1,'Solo Leisure','Economy Class','2024-07-23 13:07:47'),
(501,1,493,NULL,'service is exceptional','2016-05-31',10,5,5,5,5,0,5,5,1,'Solo Leisure','First Class','2024-07-23 13:07:47'),
(502,310,494,NULL,'crew and service were excellent','2016-05-31',8,5,5,5,4,3,4,0,1,'Business','Business Class','2024-07-23 13:07:47'),
(503,306,473,NULL,'service is excellent','2016-05-14',10,5,5,5,5,0,5,0,1,'Solo Leisure','Business Class','2024-07-23 13:07:47'),
(504,311,495,NULL,'a very impressive service','2016-05-13',9,4,4,5,3,4,5,0,1,'Business','Business Class','2024-07-23 13:07:47'),
(505,312,496,NULL,'comfortable and nice staff','2016-05-10',9,5,5,4,4,4,4,0,1,'Solo Leisure','Economy Class','2024-07-23 13:07:47'),
(506,313,497,NULL,'various dietary meals ','2016-05-04',8,4,4,4,4,4,4,0,1,'Family Leisure','Economy Class','2024-07-23 13:07:47'),
(507,314,498,NULL,'cabin crew was friendly','2016-04-27',8,5,4,5,3,1,4,0,1,'Couple Leisure','Economy Class','2024-07-23 13:07:47'),
(508,315,499,NULL,'cabin crew was friendly','2016-04-26',9,5,5,5,5,5,5,4,1,'Solo Leisure','Business Class','2024-07-23 13:07:47'),
(509,316,500,NULL,'cheap for a full-service airline','2016-04-22',8,4,5,5,4,3,5,0,1,'Solo Leisure','Economy Class','2024-07-23 13:07:47'),
(510,317,501,NULL,'flight attendants are friendly','2016-04-12',9,5,5,4,5,4,5,0,1,'Solo Leisure','Economy Class','2024-07-23 13:07:47'),
(511,1,502,NULL,'service is exceptional','2016-04-10',10,5,5,5,5,0,5,5,1,'Business','First Class','2024-07-23 13:07:47'),
(512,318,503,NULL,'a great experience','2016-04-10',10,5,5,4,4,4,5,0,1,'Couple Leisure','Economy Class','2024-07-23 13:07:47'),
(513,319,504,NULL,'we enjoyed the flight','2016-03-29',9,4,4,4,3,4,5,0,1,'Business','Economy Class','2024-07-23 13:07:47'),
(514,320,505,NULL,'WiFi available on this sector','2016-03-28',7,4,4,2,3,2,4,3,1,'Business','Economy Class','2024-07-23 13:07:47'),
(515,321,506,NULL,'friendly and smiling cabin crew','2016-03-21',6,3,4,1,2,0,3,0,1,'Business','Economy Class','2024-07-23 13:07:47'),
(516,322,507,NULL,'crew was great, professional','2016-03-04',10,5,5,5,4,5,4,0,1,'Couple Leisure','Economy Class','2024-07-23 13:07:47'),
(517,54,508,NULL,'very impressed and grateful ','2016-03-04',10,4,5,5,5,0,5,0,1,'Solo Leisure','Economy Class','2024-07-23 13:07:47'),
(518,323,509,NULL,'one of the best in the region','2016-03-04',8,4,4,4,3,4,4,0,1,'Business','Economy Class','2024-07-23 13:07:47'),
(519,324,510,NULL,'very polite, friendly and attentive','2016-02-29',8,4,5,4,3,3,4,0,1,'Business','Economy Class','2024-07-23 13:07:47'),
(520,1,511,NULL,'service was excellent','2016-02-29',10,5,5,5,5,0,5,5,1,'Business','First Class','2024-07-23 13:07:47'),
(521,325,512,NULL,'youre impressing me','2016-02-24',10,4,5,4,4,3,5,0,1,'Solo Leisure','Business Class','2024-07-23 13:07:47'),
(522,326,513,NULL,'everything luxury','2016-02-21',10,5,5,5,5,0,5,0,1,'Business','Business Class','2024-07-23 13:07:47'),
(523,128,514,NULL,'spacious and comfortable seat','2016-02-18',9,4,4,4,5,4,4,3,1,'Solo Leisure','Business Class','2024-07-23 13:07:47'),
(524,323,515,NULL,'cabin fresh and new\" ','2016-02-18',8,4,4,4,4,4,4,4,1,'Business','Economy Class','2024-07-23 13:07:47'),
(525,327,516,NULL,'very nice experience','2016-02-18',9,5,5,5,1,4,5,5,1,'Solo Leisure','Business Class','2024-07-23 13:07:47'),
(526,328,517,NULL,'great friendly service','2016-02-15',8,4,5,4,4,5,5,5,1,'Solo Leisure','Economy Class','2024-07-23 13:07:47'),
(527,187,518,NULL,'an outstanding airline','2016-02-12',9,5,5,5,4,4,5,0,1,'Family Leisure','Economy Class','2024-07-23 13:07:47'),
(528,329,519,NULL,'cabin crew very helpful','2016-02-12',10,5,5,5,5,4,4,0,1,'Solo Leisure','Economy Class','2024-07-23 13:07:47'),
(529,330,520,NULL,'polite and attentive','2016-02-11',10,5,5,5,4,4,5,4,1,'Solo Leisure','Business Class','2024-07-23 13:07:47'),
(530,331,521,NULL,'delightful and attentive','2016-02-07',7,5,5,3,4,5,4,5,1,'Solo Leisure','Business Class','2024-07-23 13:07:47'),
(531,332,522,NULL,'pleasant journey once again','2016-02-05',7,4,4,4,4,2,3,0,1,'Family Leisure','Economy Class','2024-07-23 13:07:47'),
(532,1,523,NULL,'outstanding meal','2016-02-05',9,5,5,5,5,0,5,5,1,'Solo Leisure','First Class','2024-07-23 13:07:47'),
(533,38,524,NULL,'a wonderful experience','2016-02-04',10,5,5,5,5,5,5,0,1,'Family Leisure','Economy Class','2024-07-23 13:07:47'),
(534,328,525,NULL,'food is amazing','2016-02-01',8,4,4,5,5,4,4,0,1,'Solo Leisure','Economy Class','2024-07-23 13:07:47'),
(535,325,526,NULL,'seats are very comfortable','2016-01-31',10,5,5,4,4,4,5,0,1,'Solo Leisure','Economy Class','2024-07-23 13:07:47'),
(536,325,527,NULL,'been a great surprise','2016-01-31',10,5,5,4,4,4,5,0,1,'Solo Leisure','Economy Class','2024-07-23 13:07:47'),
(537,333,528,NULL,'a good choice','2016-01-29',9,4,5,4,4,5,5,0,1,'Solo Leisure','Economy Class','2024-07-23 13:07:47'),
(538,1,529,NULL,'service was very good','2016-01-20',10,5,5,5,5,0,5,0,1,'Business','Business Class','2024-07-23 13:07:47'),
(539,163,530,NULL,'communicative and attentive','2016-01-16',9,4,5,3,4,0,4,0,1,'Business','Economy Class','2024-07-23 13:07:47'),
(540,334,531,NULL,'service is attentive','2016-01-15',10,5,5,4,5,5,5,4,1,'Couple Leisure','Business Class','2024-07-23 13:07:47'),
(541,335,532,NULL,'really good care of her','2016-01-14',10,3,5,4,5,3,4,0,1,'Family Leisure','Economy Class','2024-07-23 13:07:47'),
(542,336,533,NULL,'a great experience','2016-01-13',8,4,5,4,5,2,4,0,1,'Business','Economy Class','2024-07-23 13:07:47'),
(543,337,534,NULL,'was comfortable and pleasant','2016-01-13',10,5,5,4,5,4,5,0,1,'Family Leisure','Economy Class','2024-07-23 13:07:47'),
(544,330,535,NULL,'ground staff were attentive','2016-01-10',10,5,5,5,5,3,5,0,1,'Solo Leisure','Economy Class','2024-07-23 13:07:47'),
(545,338,536,NULL,'exceptional service','2016-01-10',10,5,5,5,5,5,5,0,1,'Couple Leisure','Business Class','2024-07-23 13:07:47'),
(546,18,537,NULL,'crew was outstanding','2016-01-06',10,5,5,5,5,0,5,5,1,'Family Leisure','First Class','2024-07-23 13:07:47'),
(547,306,538,NULL,'service was excellent','2016-01-05',10,5,5,5,5,0,5,5,1,'Family Leisure','First Class','2024-07-23 13:07:47'),
(548,339,539,NULL,'service was fantastic','2016-01-04',8,4,5,5,5,4,5,4,1,'Couple Leisure','Business Class','2024-07-23 13:07:47'),
(549,340,540,NULL,'quick and professional','2016-01-04',10,5,5,3,5,0,5,0,1,'Family Leisure','Economy Class','2024-07-23 13:07:47'),
(550,341,541,NULL,'a fantastic performance','2015-12-31',9,4,4,5,5,4,4,0,1,'Solo Leisure','Economy Class','2024-07-23 13:07:47'),
(551,342,542,NULL,'cabin staff very helpful','2015-12-30',9,5,5,4,4,4,5,0,1,'Family Leisure','Economy Class','2024-07-23 13:07:47'),
(552,342,543,NULL,'polite and with warm smiles','2015-12-28',8,4,5,4,4,3,5,0,1,'Family Leisure','Economy Class','2024-07-23 13:07:47'),
(553,343,544,NULL,'cabin crew was so polite','2015-12-23',9,4,5,4,5,3,4,0,1,'Family Leisure','Economy Class','2024-07-23 13:07:47'),
(554,344,545,NULL,'service was good','2015-12-22',7,3,4,3,4,3,4,0,1,'Family Leisure','Economy Class','2024-07-23 13:07:47'),
(555,345,546,NULL,'great trip with Garuda','2015-12-18',10,5,5,5,5,0,5,0,1,'Family Leisure','Economy Class','2024-07-23 13:07:47'),
(556,346,547,NULL,'highly recommended carrier ','2015-12-17',10,5,5,5,4,5,5,3,1,'Family Leisure','Economy Class','2024-07-23 13:07:47'),
(557,347,548,NULL,'good food and great movies','2015-12-15',9,2,4,4,4,4,4,0,1,'Couple Leisure','Economy Class','2024-07-23 13:07:47'),
(558,348,549,NULL,'will definitely fly Garuda again','2015-12-12',9,5,5,4,4,3,5,0,1,'Business','Economy Class','2024-07-23 13:07:47'),
(559,349,550,NULL,'a very nice experience','2015-12-09',9,5,5,5,5,4,5,0,1,'Solo Leisure','Business Class','2024-07-23 13:07:47'),
(560,350,551,NULL,'nice and professional','2015-12-07',8,4,5,4,3,4,4,0,1,'Business','Business Class','2024-07-23 13:07:47'),
(561,351,552,NULL,'welcomed everyone warmly','2015-12-05',7,1,5,3,5,3,5,0,1,'Solo Leisure','Economy Class','2024-07-23 13:07:47'),
(562,352,553,NULL,'orange juice before take off','2015-12-05',8,4,5,3,3,4,4,0,1,'Business','Economy Class','2024-07-23 13:07:47'),
(563,353,554,NULL,'never been disappointed','2015-12-03',10,5,5,5,5,3,5,0,1,'Solo Leisure','Economy Class','2024-07-23 13:07:47'),
(564,115,555,NULL,'best airline to travel','2015-11-23',10,5,5,5,4,4,5,5,1,'Business','Economy Class','2024-07-23 13:07:47'),
(565,354,556,NULL,'overall happy flight','2015-11-21',7,4,5,4,4,2,4,0,1,'Couple Leisure','Economy Class','2024-07-23 13:07:47'),
(566,355,557,NULL,'beyond the call of duty','2015-11-18',10,4,5,5,4,4,5,0,1,'Business','Economy Class','2024-07-23 13:07:47'),
(567,356,558,NULL,'outshines KLM and Emirates','2015-11-16',10,4,5,5,3,3,5,0,1,'Business','Business Class','2024-07-23 13:07:47'),
(568,209,559,NULL,'I would like fly again','2015-11-14',9,5,5,5,4,3,4,0,1,'Business','Economy Class','2024-07-23 13:07:47'),
(569,357,560,NULL,'cabin crew are very welcoming','2015-11-13',10,5,5,5,5,5,5,0,1,'Solo Leisure','Economy Class','2024-07-23 13:07:47'),
(570,329,561,NULL,'whole flight was great','2015-11-03',9,5,5,4,5,5,4,0,1,'Solo Leisure','Economy Class','2024-07-23 13:07:47'),
(571,358,562,NULL,'surpassed all my expectations','2015-10-29',10,5,5,5,4,5,5,0,1,'Solo Leisure','Economy Class','2024-07-23 13:07:47'),
(572,163,563,NULL,'crew did the job well','2015-10-21',7,5,3,3,3,3,4,0,1,'Solo Leisure','Economy Class','2024-07-23 13:07:47'),
(573,356,564,NULL,'offer overall excellent service','2015-10-18',10,5,5,5,5,0,5,1,1,'Business','Business Class','2024-07-23 13:07:47'),
(574,359,565,NULL,'outperforms most other airlines','2015-10-16',9,5,5,4,5,3,5,0,1,'Couple Leisure','Economy Class','2024-07-23 13:07:47'),
(575,1,566,NULL,'service was exceptional','2015-10-15',10,5,5,5,5,0,5,5,1,'Solo Leisure','First Class','2024-07-23 13:07:47'),
(576,360,567,NULL,'very competitive Business Class','2015-10-10',9,5,5,5,5,4,5,4,1,'Couple Leisure','Business Class','2024-07-23 13:07:47'),
(577,361,568,NULL,'best cabin staff service','2015-10-08',9,5,5,5,5,4,5,0,1,'Couple Leisure','Business Class','2024-07-23 13:07:47'),
(578,362,569,NULL,'lovely staff, truly exceptional','2015-10-05',7,4,5,4,1,4,5,3,1,'Solo Leisure','Business Class','2024-07-23 13:07:47'),
(579,363,570,NULL,'cabin crew were friendly and attentive','2015-09-22',8,4,5,4,4,5,4,0,1,'Business','Economy Class','2024-07-23 13:07:47'),
(580,364,571,NULL,'experience was overall beyond expectation','2015-09-21',9,5,5,4,5,4,5,0,1,'Solo Leisure','Economy Class','2024-07-23 13:07:47'),
(581,365,572,NULL,'excellent Garuda Indonesia experience','2015-09-21',9,5,5,5,5,0,4,0,1,'Couple Leisure','First Class','2024-07-23 13:07:47'),
(582,366,573,NULL,'attentive staff and easy flight in comfort','2015-09-20',8,5,5,5,3,3,5,0,1,'Business','Business Class','2024-07-23 13:07:47'),
(583,367,574,NULL,'staff were polite and friendly','2015-09-19',8,3,4,5,5,2,5,0,1,'Solo Leisure','Economy Class','2024-07-23 13:07:47'),
(584,368,575,NULL,'a rival to established carriers','2015-09-18',9,5,5,5,3,0,5,0,1,'Business','Economy Class','2024-07-23 13:07:47'),
(585,349,576,NULL,'great business class seats','2015-09-05',10,5,5,5,5,5,5,5,1,'Solo Leisure','Business Class','2024-07-23 13:07:47'),
(586,369,577,NULL,'top notch service by cabin crew','2015-09-05',8,3,5,4,3,5,4,0,1,'Solo Leisure','Economy Class','2024-07-23 13:07:47'),
(587,370,578,NULL,'Garuda Indonesia customer review','2015-09-04',3,3,2,1,1,2,2,0,0,'Business','Economy Class','2024-07-23 13:07:47'),
(588,371,579,NULL,'Garuda Indonesia customer review','2015-08-29',9,5,5,5,4,5,5,0,1,'Solo Leisure','Economy Class','2024-07-23 13:07:47'),
(589,372,580,NULL,'Garuda Indonesia customer review','2015-08-24',6,5,5,3,2,3,4,0,1,'Business','Economy Class','2024-07-23 13:07:47'),
(590,373,581,NULL,'Garuda Indonesia customer review','2015-08-24',8,5,5,3,5,4,5,5,1,'Couple Leisure','First Class','2024-07-23 13:07:47'),
(591,374,582,NULL,'Garuda Indonesia customer review','2015-08-22',6,5,5,4,3,3,3,0,1,'Business','Economy Class','2024-07-23 13:07:47'),
(592,375,583,NULL,'Garuda Indonesia customer review','2015-08-21',6,3,3,2,4,2,3,0,1,'Solo Leisure','Economy Class','2024-07-23 13:07:47'),
(593,376,584,NULL,'Garuda Indonesia customer review','2015-08-19',9,5,5,5,4,5,5,0,1,'Solo Leisure','Economy Class','2024-07-23 13:07:47'),
(594,377,585,NULL,'Garuda Indonesia customer review','2015-08-15',8,4,5,4,4,3,5,0,1,'Solo Leisure','Economy Class','2024-07-23 13:07:47'),
(595,378,586,NULL,'Garuda Indonesia customer review','2015-08-14',3,3,4,2,3,1,1,1,0,'Solo Leisure','Economy Class','2024-07-23 13:07:47'),
(596,378,587,NULL,'Garuda Indonesia customer review','2015-08-14',9,4,5,4,5,4,3,1,1,'Solo Leisure','Economy Class','2024-07-23 13:07:47'),
(597,379,588,NULL,'Garuda Indonesia customer review','2015-08-10',9,4,5,5,5,5,5,5,1,'Solo Leisure','Economy Class','2024-07-23 13:07:47'),
(598,380,589,NULL,'Garuda Indonesia customer review','2015-08-08',9,5,5,5,4,5,4,0,1,'Family Leisure','Economy Class','2024-07-23 13:07:47'),
(599,381,590,NULL,'Garuda Indonesia customer review','2015-08-08',10,5,5,5,5,4,5,0,1,'Family Leisure','Economy Class','2024-07-23 13:07:47'),
(600,382,591,NULL,'Garuda Indonesia customer review','2015-08-04',8,4,5,4,3,2,5,0,1,'Solo Leisure','Economy Class','2024-07-23 13:07:47'),
(601,383,592,NULL,'Garuda Indonesia customer review','2015-08-04',8,4,4,4,4,4,4,4,1,'Business','Economy Class','2024-07-23 13:07:47'),
(602,384,593,NULL,'Garuda Indonesia customer review','2015-08-02',9,5,4,4,4,4,4,0,1,'Family Leisure','Economy Class','2024-07-23 13:07:47'),
(603,385,594,NULL,'Garuda Indonesia customer review','2015-07-28',10,5,5,5,4,5,4,4,1,'Family Leisure','Economy Class','2024-07-23 13:07:47'),
(604,386,595,NULL,'Garuda Indonesia customer review','2015-07-24',10,5,5,5,4,5,5,0,1,'Family Leisure','Business Class','2024-07-23 13:07:47'),
(605,387,596,NULL,'Garuda Indonesia customer review','2015-07-24',9,4,5,3,5,5,5,3,1,'Family Leisure','Economy Class','2024-07-23 13:07:47'),
(606,388,597,NULL,'Garuda Indonesia customer review','2015-07-23',10,5,5,5,5,5,5,5,1,'Couple Leisure','Economy Class','2024-07-23 13:07:47'),
(607,389,598,NULL,'Garuda Indonesia customer review','2015-07-16',9,4,5,5,3,0,4,0,1,'Family Leisure','Economy Class','2024-07-23 13:07:47'),
(608,390,599,NULL,'Garuda Indonesia customer review','2015-07-15',10,5,5,5,4,4,5,0,1,'Business','Business Class','2024-07-23 13:07:47'),
(609,391,600,NULL,'Garuda Indonesia customer review','2015-07-12',8,4,4,4,3,4,5,0,1,'Couple Leisure','Economy Class','2024-07-23 13:07:47'),
(610,392,601,NULL,'Garuda Indonesia customer review','2015-07-03',9,4,5,4,5,3,5,0,1,'Family Leisure','Economy Class','2024-07-23 13:07:47'),
(611,393,602,NULL,'Garuda Indonesia customer review','2015-07-01',8,5,5,4,3,4,4,4,1,'Solo Leisure','Economy Class','2024-07-23 13:07:47'),
(612,394,603,NULL,'Garuda Indonesia customer review','2015-06-28',9,5,4,4,1,4,4,0,1,'Solo Leisure','Economy Class','2024-07-23 13:07:47'),
(613,394,604,NULL,'Garuda Indonesia customer review','2015-06-28',9,4,4,4,4,4,5,0,1,'Solo Leisure','Economy Class','2024-07-23 13:07:47'),
(614,395,605,NULL,'Garuda Indonesia customer review','2015-06-23',9,5,5,2,4,5,5,0,1,'Business','Economy Class','2024-07-23 13:07:47'),
(615,396,606,NULL,'Garuda Indonesia customer review','2015-06-18',10,5,5,5,4,5,5,0,1,'Family Leisure','Economy Class','2024-07-23 13:07:47'),
(616,397,607,NULL,'Garuda Indonesia customer review','2015-06-12',2,3,1,1,0,4,4,0,0,'Couple Leisure','Economy Class','2024-07-23 13:07:47'),
(617,398,608,NULL,'Garuda Indonesia customer review','2015-05-27',7,5,3,4,0,4,4,0,1,NULL,'Economy Class','2024-07-23 13:07:47'),
(618,399,608,NULL,'Garuda Indonesia customer review','2015-05-27',8,4,5,3,0,4,4,0,1,NULL,'Economy Class','2024-07-23 13:07:47'),
(619,398,608,NULL,'Garuda Indonesia customer review','2015-05-25',10,5,5,5,0,5,5,0,1,NULL,'Economy Class','2024-07-23 13:07:47'),
(620,400,608,NULL,'Garuda Indonesia customer review','2015-05-20',10,5,5,5,0,5,5,0,1,NULL,'Economy Class','2024-07-23 13:07:47'),
(621,401,608,NULL,'Garuda Indonesia customer review','2015-05-16',5,4,4,4,0,4,4,0,1,NULL,'Economy Class','2024-07-23 13:07:47'),
(622,402,608,NULL,'Garuda Indonesia customer review','2015-05-12',10,5,5,4,0,4,5,0,1,NULL,'Business Class','2024-07-23 13:07:47'),
(623,403,608,NULL,'Garuda Indonesia customer review','2015-05-10',9,5,5,3,0,4,5,0,1,NULL,'Economy Class','2024-07-23 13:07:47'),
(624,404,608,NULL,'Garuda Indonesia customer review','2015-04-27',8,5,5,4,0,4,5,0,1,NULL,'Business Class','2024-07-23 13:07:47'),
(625,405,608,NULL,'Garuda Indonesia customer review','2015-04-19',3,3,4,2,0,2,2,0,0,NULL,'Economy Class','2024-07-23 13:07:47'),
(626,406,608,NULL,'Garuda Indonesia customer review','2015-04-19',8,4,4,4,0,4,4,0,1,NULL,'Economy Class','2024-07-23 13:07:47'),
(627,407,608,NULL,'Garuda Indonesia customer review','2015-03-25',10,5,5,5,0,5,5,0,1,NULL,'Economy Class','2024-07-23 13:07:47'),
(628,408,608,NULL,'Garuda Indonesia customer review','2015-03-18',10,5,5,5,0,5,5,0,1,NULL,'Business Class','2024-07-23 13:07:47'),
(629,1,608,NULL,'Garuda Indonesia customer review','2015-03-09',10,5,5,5,0,5,5,0,1,NULL,'First Class','2024-07-23 13:07:47'),
(630,409,608,NULL,'Garuda Indonesia customer review','2015-03-09',8,5,5,3,0,3,5,0,1,NULL,'Business Class','2024-07-23 13:07:47'),
(631,410,608,NULL,'Garuda Indonesia customer review','2015-03-04',8,5,5,4,0,4,5,0,1,NULL,'Economy Class','2024-07-23 13:07:47'),
(632,411,608,NULL,'Garuda Indonesia customer review','2015-03-04',9,5,5,5,0,4,5,0,1,NULL,'Business Class','2024-07-23 13:07:47'),
(633,412,608,NULL,'Garuda Indonesia customer review','2015-02-18',10,4,5,3,0,3,5,0,1,NULL,'Business Class','2024-07-23 13:07:47'),
(634,413,608,NULL,'Garuda Indonesia customer review','2015-02-11',4,2,4,1,0,3,3,0,0,NULL,'Economy Class','2024-07-23 13:07:47'),
(635,414,608,NULL,'Garuda Indonesia customer review','2015-02-11',8,4,4,4,0,3,4,0,1,NULL,'Economy Class','2024-07-23 13:07:47'),
(636,415,608,NULL,'Garuda Indonesia customer review','2015-02-06',10,5,5,4,0,4,4,0,1,NULL,'Economy Class','2024-07-23 13:07:47'),
(637,416,608,NULL,'Garuda Indonesia customer review','2015-01-30',10,5,5,5,0,4,5,0,1,NULL,'Economy Class','2024-07-23 13:07:47'),
(638,417,608,NULL,'Garuda Indonesia customer review','2015-01-28',8,5,5,3,0,3,4,0,1,NULL,'Economy Class','2024-07-23 13:07:47'),
(639,398,608,NULL,'Garuda Indonesia customer review','2015-01-23',9,5,4,3,0,4,4,0,1,NULL,'Economy Class','2024-07-23 13:07:47'),
(640,418,608,NULL,'Garuda Indonesia customer review','2015-01-23',10,5,5,5,0,5,5,0,1,NULL,'Economy Class','2024-07-23 13:07:47'),
(641,419,608,NULL,'Garuda Indonesia customer review','2015-01-23',6,3,3,4,0,3,4,0,1,NULL,'Economy Class','2024-07-23 13:07:47'),
(642,420,608,NULL,'Garuda Indonesia customer review','2015-01-21',10,5,5,4,0,3,5,0,1,NULL,'Economy Class','2024-07-23 13:07:47'),
(643,421,608,NULL,'Garuda Indonesia customer review','2015-01-21',1,2,1,2,0,2,1,0,0,NULL,'Economy Class','2024-07-23 13:07:47'),
(644,422,608,NULL,'Garuda Indonesia customer review','2015-01-14',10,5,5,5,0,5,5,0,1,NULL,'Economy Class','2024-07-23 13:07:47'),
(645,423,608,NULL,'Garuda Indonesia customer review','2015-01-14',10,5,5,5,0,5,5,0,1,NULL,'Business Class','2024-07-23 13:07:47'),
(646,424,608,NULL,'Garuda Indonesia customer review','2015-01-11',3,2,2,3,0,4,2,0,0,NULL,'Economy Class','2024-07-23 13:07:47'),
(647,425,608,NULL,'Garuda Indonesia customer review','2015-01-11',9,4,5,4,0,4,5,0,1,NULL,'Economy Class','2024-07-23 13:07:47'),
(648,426,608,NULL,'Garuda Indonesia customer review','2015-01-11',10,5,5,5,0,5,5,0,1,NULL,'Economy Class','2024-07-23 13:07:47'),
(649,392,608,NULL,'Garuda Indonesia customer review','2015-01-05',9,5,5,4,0,4,5,0,1,NULL,'Economy Class','2024-07-23 13:07:47'),
(650,337,608,NULL,'Garuda Indonesia customer review','2015-01-05',10,5,5,5,0,5,5,0,1,NULL,'Economy Class','2024-07-23 13:07:47'),
(651,58,608,NULL,'Garuda Indonesia customer review','2015-01-05',7,5,5,4,0,3,5,0,1,NULL,'Economy Class','2024-07-23 13:07:47'),
(652,427,608,NULL,'Garuda Indonesia customer review','2014-12-29',10,5,5,5,0,4,5,0,1,NULL,'Business Class','2024-07-23 13:07:47'),
(653,428,608,NULL,'Garuda Indonesia customer review','2014-12-22',9,5,5,4,0,5,4,0,1,NULL,'Business Class','2024-07-23 13:07:47'),
(654,429,608,NULL,'Garuda Indonesia customer review','2014-12-18',9,5,5,5,0,4,5,0,1,NULL,'Economy Class','2024-07-23 13:07:47'),
(655,1,608,NULL,'Garuda Indonesia customer review','2014-12-18',10,5,5,5,0,5,5,0,1,NULL,'First Class','2024-07-23 13:07:47'),
(656,430,608,NULL,'Garuda Indonesia customer review','2014-12-04',2,3,4,3,0,5,3,0,0,NULL,'Economy Class','2024-07-23 13:07:47'),
(657,430,608,NULL,'Garuda Indonesia customer review','2014-12-04',9,4,5,5,0,5,4,0,1,NULL,'Business Class','2024-07-23 13:07:47'),
(658,431,608,NULL,'Garuda Indonesia customer review','2014-11-11',2,3,2,3,0,3,3,0,0,NULL,'Economy Class','2024-07-23 13:07:47'),
(659,58,608,NULL,'Garuda Indonesia customer review','2014-11-06',8,5,5,4,0,4,4,0,1,NULL,'Economy Class','2024-07-23 13:07:47'),
(660,432,608,NULL,'Garuda Indonesia customer review','2014-10-31',10,5,5,5,0,5,5,0,1,NULL,'Business Class','2024-07-23 13:07:47'),
(661,433,608,NULL,'Garuda Indonesia customer review','2014-10-22',10,5,5,4,0,5,5,0,1,NULL,'Economy Class','2024-07-23 13:07:47'),
(662,356,608,NULL,'Garuda Indonesia customer review','2014-10-20',10,5,5,5,0,2,5,0,1,NULL,'Business Class','2024-07-23 13:07:47'),
(663,360,608,NULL,'Garuda Indonesia customer review','2014-10-01',10,5,5,5,0,5,5,0,1,NULL,'Business Class','2024-07-23 13:07:47'),
(664,189,608,NULL,'Garuda Indonesia customer review','2014-09-28',9,5,5,4,0,4,4,0,1,NULL,'Economy Class','2024-07-23 13:07:47'),
(665,434,608,NULL,'Garuda Indonesia customer review','2014-09-19',8,4,5,4,0,5,4,0,1,NULL,'Business Class','2024-07-23 13:07:47'),
(666,392,608,NULL,'Garuda Indonesia customer review','2014-09-17',9,5,5,5,0,4,4,0,1,NULL,'Economy Class','2024-07-23 13:07:47'),
(667,435,608,NULL,'Garuda Indonesia customer review','2014-09-06',5,5,5,5,0,4,5,0,1,NULL,'Business Class','2024-07-23 13:07:47'),
(668,436,608,NULL,'Garuda Indonesia customer review','2014-09-01',4,2,2,2,0,3,3,0,0,NULL,'Business Class','2024-07-23 13:07:47'),
(669,437,608,NULL,'Garuda Indonesia customer review','2014-08-26',10,5,5,5,0,5,5,0,1,NULL,'First Class','2024-07-23 13:07:47'),
(670,438,608,NULL,'Garuda Indonesia customer review','2014-08-11',3,1,2,2,0,3,1,0,0,NULL,'Economy Class','2024-07-23 13:07:47'),
(671,439,608,NULL,'Garuda Indonesia customer review','2014-08-06',3,5,5,5,0,5,5,0,1,NULL,'Business Class','2024-07-23 13:07:47'),
(672,440,608,NULL,'Garuda Indonesia customer review','2014-08-06',9,4,5,5,0,4,5,0,1,NULL,'Economy Class','2024-07-23 13:07:47'),
(673,439,608,NULL,'Garuda Indonesia customer review','2014-08-06',8,5,5,5,0,5,5,0,1,NULL,'Economy Class','2024-07-23 13:07:47'),
(674,441,608,NULL,'Garuda Indonesia customer review','2014-08-06',5,2,3,2,0,2,4,0,0,NULL,'Economy Class','2024-07-23 13:07:47'),
(675,442,608,NULL,'Garuda Indonesia customer review','2014-08-06',2,3,5,3,0,5,3,0,0,NULL,'Economy Class','2024-07-23 13:07:47'),
(676,443,608,NULL,'Garuda Indonesia customer review','2014-08-03',6,3,4,3,0,4,5,0,1,NULL,'Business Class','2024-07-23 13:07:47'),
(677,432,608,NULL,'Garuda Indonesia customer review','2014-08-03',9,5,4,4,0,3,5,0,1,NULL,'Economy Class','2024-07-23 13:07:47'),
(678,443,608,NULL,'Garuda Indonesia customer review','2014-08-03',8,5,5,3,0,5,5,0,1,NULL,'Business Class','2024-07-23 13:07:47'),
(679,443,608,NULL,'Garuda Indonesia customer review','2014-08-03',8,4,5,5,0,4,5,0,1,NULL,'Business Class','2024-07-23 13:07:47'),
(680,443,608,NULL,'Garuda Indonesia customer review','2014-08-03',7,4,5,3,0,4,5,0,1,NULL,'Business Class','2024-07-23 13:07:47'),
(681,444,608,NULL,'Garuda Indonesia customer review','2014-07-31',8,4,4,4,0,4,5,0,1,NULL,'Business Class','2024-07-23 13:07:47'),
(682,445,608,NULL,'Garuda Indonesia customer review','2014-07-29',10,5,5,5,0,5,5,0,1,NULL,'First Class','2024-07-23 13:07:47'),
(683,446,608,NULL,'Garuda Indonesia customer review','2014-07-29',9,5,5,4,0,4,5,0,1,NULL,'Economy Class','2024-07-23 13:07:47'),
(684,447,608,NULL,'Garuda Indonesia customer review','2014-07-29',1,2,2,2,0,1,1,0,0,NULL,'Business Class','2024-07-23 13:07:47'),
(685,448,608,NULL,'Garuda Indonesia customer review','2014-07-27',8,4,5,4,0,3,4,0,1,NULL,'Economy Class','2024-07-23 13:07:47'),
(686,121,608,NULL,'Garuda Indonesia customer review','2014-07-22',9,4,5,5,0,4,4,0,1,NULL,'Economy Class','2024-07-23 13:07:47'),
(687,449,608,NULL,'Garuda Indonesia customer review','2014-07-22',10,5,4,4,0,3,5,0,1,NULL,'Economy Class','2024-07-23 13:07:47'),
(688,449,608,NULL,'Garuda Indonesia customer review','2014-07-22',7,5,5,3,0,4,4,0,1,NULL,'Economy Class','2024-07-23 13:07:47'),
(689,450,608,NULL,'Garuda Indonesia customer review','2014-07-20',10,5,5,5,0,5,4,0,1,NULL,'Business Class','2024-07-23 13:07:47'),
(690,451,608,NULL,'Garuda Indonesia customer review','2014-07-17',10,4,5,5,0,4,4,0,1,NULL,'Economy Class','2024-07-23 13:07:47'),
(691,452,608,NULL,'Garuda Indonesia customer review','2014-07-15',9,4,5,4,0,3,4,0,1,NULL,'Economy Class','2024-07-23 13:07:47'),
(692,453,608,NULL,'Garuda Indonesia customer review','2014-07-13',10,5,5,4,0,4,5,0,1,NULL,'Economy Class','2024-07-23 13:07:47'),
(693,454,608,NULL,'Garuda Indonesia customer review','2014-07-06',10,5,5,4,0,5,4,0,1,NULL,'Business Class','2024-07-23 13:07:47'),
(694,455,608,NULL,'Garuda Indonesia customer review','2014-07-06',10,5,5,5,0,4,4,0,1,NULL,'Business Class','2024-07-23 13:07:47'),
(695,456,608,NULL,'Garuda Indonesia customer review','2014-06-20',9,4,5,4,0,3,4,0,1,NULL,'Economy Class','2024-07-23 13:07:47'),
(696,392,608,NULL,'Garuda Indonesia customer review','2014-06-20',8,5,5,5,0,4,4,0,1,NULL,'Economy Class','2024-07-23 13:07:47'),
(697,457,608,NULL,'Garuda Indonesia customer review','2014-06-18',10,4,5,4,0,4,5,0,1,NULL,'Business Class','2024-07-23 13:07:47'),
(698,458,608,NULL,'Garuda Indonesia customer review','2014-06-04',9,5,5,5,0,4,5,0,1,NULL,'Business Class','2024-07-23 13:07:47'),
(699,458,608,NULL,'Garuda Indonesia customer review','2014-06-04',2,4,2,4,0,4,4,0,1,NULL,'Economy Class','2024-07-23 13:07:47'),
(700,392,608,NULL,'Garuda Indonesia customer review','2014-06-03',9,5,5,4,0,5,5,0,1,NULL,'Economy Class','2024-07-23 13:07:47'),
(701,459,608,NULL,'Garuda Indonesia customer review','2014-06-02',8,5,5,4,0,3,4,0,1,NULL,'Economy Class','2024-07-23 13:07:47'),
(702,459,608,NULL,'Garuda Indonesia customer review','2014-06-02',9,5,5,5,0,4,4,0,1,NULL,'Economy Class','2024-07-23 13:07:47'),
(703,460,608,NULL,'Garuda Indonesia customer review','2014-05-21',9,4,5,4,0,4,4,0,1,NULL,'Economy Class','2024-07-23 13:07:47'),
(704,461,608,NULL,'Garuda Indonesia customer review','2014-05-16',9,4,5,4,0,4,4,0,1,NULL,'Economy Class','2024-07-23 13:07:47'),
(705,352,608,NULL,'Garuda Indonesia customer review','2014-05-16',9,5,5,4,0,4,5,0,1,NULL,'Economy Class','2024-07-23 13:07:47'),
(706,462,608,NULL,'Garuda Indonesia customer review','2014-05-03',9,5,5,5,0,5,5,0,1,NULL,'Economy Class','2024-07-23 13:07:47'),
(707,463,608,NULL,'Garuda Indonesia customer review','2014-04-27',9,5,5,5,0,3,4,0,1,NULL,'Economy Class','2024-07-23 13:07:47'),
(708,459,608,NULL,'Garuda Indonesia customer review','2014-04-22',9,4,5,5,0,4,4,0,1,NULL,'Economy Class','2024-07-23 13:07:47'),
(709,459,608,NULL,'Garuda Indonesia customer review','2014-04-22',9,5,5,5,0,4,4,0,1,NULL,'Economy Class','2024-07-23 13:07:47'),
(710,464,608,NULL,'Garuda Indonesia customer review','2014-04-21',9,5,5,3,0,5,5,0,1,NULL,'Economy Class','2024-07-23 13:07:47'),
(711,465,608,NULL,'Garuda Indonesia customer review','2014-04-16',9,4,5,4,0,3,4,0,1,NULL,'Economy Class','2024-07-23 13:07:47'),
(712,466,608,NULL,'Garuda Indonesia customer review','2014-04-14',9,5,5,4,0,4,5,0,1,NULL,'Business Class','2024-07-23 13:07:47'),
(713,453,608,NULL,'Garuda Indonesia customer review','2014-04-10',10,5,5,5,0,5,5,0,1,NULL,'Economy Class','2024-07-23 13:07:47'),
(714,467,608,NULL,'Garuda Indonesia customer review','2014-04-06',9,5,5,5,0,3,4,0,1,NULL,'Economy Class','2024-07-23 13:07:47'),
(715,468,608,NULL,'Garuda Indonesia customer review','2014-04-02',10,5,5,5,0,5,5,0,1,NULL,'Economy Class','2024-07-23 13:07:47'),
(716,469,608,NULL,'Garuda Indonesia customer review','2014-03-30',9,5,5,5,0,3,4,0,1,NULL,'Economy Class','2024-07-23 13:07:47'),
(717,469,608,NULL,'Garuda Indonesia customer review','2014-03-29',9,5,5,5,0,3,4,0,1,NULL,'Economy Class','2024-07-23 13:07:47'),
(718,470,608,NULL,'Garuda Indonesia customer review','2014-03-28',8,4,4,3,0,4,3,0,1,NULL,'Economy Class','2024-07-23 13:07:47'),
(719,471,608,NULL,'Garuda Indonesia customer review','2014-03-27',9,5,5,5,0,4,5,0,1,NULL,'Business Class','2024-07-23 13:07:47'),
(720,472,608,NULL,'Garuda Indonesia customer review','2014-03-25',5,5,4,3,0,3,3,0,0,NULL,'Business Class','2024-07-23 13:07:47'),
(721,473,608,NULL,'Garuda Indonesia customer review','2014-03-19',2,2,1,1,0,2,1,0,0,NULL,'Economy Class','2024-07-23 13:07:47'),
(722,474,608,NULL,'Garuda Indonesia customer review','2014-03-17',8,4,4,4,0,4,4,0,1,NULL,'Business Class','2024-07-23 13:07:47'),
(723,475,608,NULL,'Garuda Indonesia customer review','2014-03-13',8,4,5,4,0,3,4,0,1,NULL,'Economy Class','2024-07-23 13:07:47'),
(724,476,608,NULL,'Garuda Indonesia customer review','2014-03-13',1,2,1,1,0,1,1,0,0,NULL,'Economy Class','2024-07-23 13:07:47'),
(725,477,608,NULL,'Garuda Indonesia customer review','2014-03-11',8,3,5,4,0,4,4,0,1,NULL,'Business Class','2024-07-23 13:07:47'),
(726,478,608,NULL,'Garuda Indonesia customer review','2014-03-06',10,5,5,5,0,5,4,0,1,NULL,'First Class','2024-07-23 13:07:47'),
(727,479,608,NULL,'Garuda Indonesia customer review','2014-03-03',3,5,4,3,0,2,4,0,1,NULL,'Economy Class','2024-07-23 13:07:47'),
(728,480,608,NULL,'Garuda Indonesia customer review','2014-02-25',9,4,5,5,0,5,5,0,1,NULL,'Business Class','2024-07-23 13:07:47'),
(729,481,608,NULL,'Garuda Indonesia customer review','2014-02-19',7,5,4,4,0,2,5,0,1,NULL,'Economy Class','2024-07-23 13:07:47'),
(730,480,608,NULL,'Garuda Indonesia customer review','2014-02-19',8,4,4,3,0,4,5,0,1,NULL,'Business Class','2024-07-23 13:07:47'),
(731,482,608,NULL,'Garuda Indonesia customer review','2014-02-18',10,5,5,5,0,5,5,0,1,NULL,'Economy Class','2024-07-23 13:07:47'),
(732,483,608,NULL,'Garuda Indonesia customer review','2014-02-13',8,4,4,1,0,3,4,0,1,NULL,'Economy Class','2024-07-23 13:07:47'),
(733,484,608,NULL,'Garuda Indonesia customer review','2014-02-10',10,4,5,4,0,3,5,0,1,NULL,'Economy Class','2024-07-23 13:07:47'),
(734,485,608,NULL,'Garuda Indonesia customer review','2014-02-07',10,4,5,5,0,3,5,0,1,NULL,'Business Class','2024-07-23 13:07:47'),
(735,486,608,NULL,'Garuda Indonesia customer review','2014-02-03',7,4,5,4,0,3,4,0,1,NULL,'Economy Class','2024-07-23 13:07:47'),
(736,487,608,NULL,'Garuda Indonesia customer review','2014-01-29',3,3,2,1,0,2,3,0,0,NULL,'Economy Class','2024-07-23 13:07:47'),
(737,334,608,NULL,'Garuda Indonesia customer review','2014-01-28',9,5,5,5,0,4,5,0,1,NULL,'Economy Class','2024-07-23 13:07:47'),
(738,488,608,NULL,'Garuda Indonesia customer review','2014-01-28',2,4,3,2,0,2,2,0,0,NULL,'Business Class','2024-07-23 13:07:47'),
(739,489,608,NULL,'Garuda Indonesia customer review','2014-01-21',10,5,5,5,0,5,5,0,1,NULL,'Business Class','2024-07-23 13:07:47'),
(740,490,608,NULL,'Garuda Indonesia customer review','2014-01-15',8,5,5,3,0,3,5,0,1,NULL,'Business Class','2024-07-23 13:07:47'),
(741,491,608,NULL,'Garuda Indonesia customer review','2014-01-09',10,5,5,5,0,5,5,0,1,NULL,'Economy Class','2024-07-23 13:07:47'),
(742,492,608,NULL,'Garuda Indonesia customer review','2014-01-07',10,4,5,4,0,3,3,0,1,NULL,'Economy Class','2024-07-23 13:07:47'),
(743,493,608,NULL,'Garuda Indonesia customer review','2014-01-06',3,5,1,5,0,2,3,0,0,NULL,'Economy Class','2024-07-23 13:07:47'),
(744,492,608,NULL,'Garuda Indonesia customer review','2014-01-03',10,5,5,4,0,4,4,0,1,NULL,'Economy Class','2024-07-23 13:07:47'),
(745,337,608,NULL,'Garuda Indonesia customer review','2014-01-02',9,4,5,4,0,5,5,0,1,NULL,'Economy Class','2024-07-23 13:07:47'),
(746,494,608,NULL,'Garuda Indonesia customer review','2014-01-02',10,5,5,5,0,3,3,0,1,NULL,'Economy Class','2024-07-23 13:07:47'),
(747,495,608,NULL,'Garuda Indonesia customer review','2013-12-25',8,4,4,4,0,3,5,0,1,NULL,'Business Class','2024-07-23 13:07:47'),
(748,496,608,NULL,'Garuda Indonesia customer review','2013-12-20',10,5,5,4,0,4,5,0,1,NULL,'Economy Class','2024-07-23 13:07:47'),
(749,497,608,NULL,'Garuda Indonesia customer review','2013-12-05',9,5,5,4,0,4,5,0,1,NULL,'Economy Class','2024-07-23 13:07:47'),
(750,498,608,NULL,'Garuda Indonesia customer review','2013-11-25',8,4,4,4,0,4,5,0,1,NULL,'Economy Class','2024-07-23 13:07:47'),
(751,499,608,NULL,'Garuda Indonesia customer review','2013-11-22',10,5,5,5,0,5,5,0,1,NULL,'Economy Class','2024-07-23 13:07:47'),
(752,500,608,NULL,'Garuda Indonesia customer review','2013-11-14',9,4,4,4,0,4,5,0,1,NULL,'Business Class','2024-07-23 13:07:47'),
(753,500,608,NULL,'Garuda Indonesia customer review','2013-11-14',10,3,4,4,0,4,5,0,1,NULL,'Business Class','2024-07-23 13:07:47'),
(754,501,608,NULL,'Garuda Indonesia customer review','2013-11-13',1,3,2,2,0,2,2,0,0,NULL,'Economy Class','2024-07-23 13:07:47'),
(755,502,608,NULL,'Garuda Indonesia customer review','2013-11-07',9,5,5,4,0,3,5,0,1,NULL,'Economy Class','2024-07-23 13:07:47'),
(756,503,608,NULL,'Garuda Indonesia customer review','2013-11-05',8,5,4,4,0,4,4,0,1,NULL,'Economy Class','2024-07-23 13:07:47'),
(757,504,608,NULL,'Garuda Indonesia customer review','2013-11-01',10,5,4,5,0,5,5,0,1,NULL,'Business Class','2024-07-23 13:07:47'),
(758,505,608,NULL,'Garuda Indonesia customer review','2013-10-31',8,4,4,3,0,3,4,0,1,NULL,'Business Class','2024-07-23 13:07:47'),
(759,506,608,NULL,'Garuda Indonesia customer review','2013-10-16',10,5,5,1,0,5,4,0,1,NULL,'Economy Class','2024-07-23 13:07:47'),
(760,311,608,NULL,'Garuda Indonesia customer review','2013-10-15',6,3,4,3,0,3,4,0,1,NULL,'Economy Class','2024-07-23 13:07:47'),
(761,507,608,NULL,'Garuda Indonesia customer review','2013-09-29',9,5,4,5,0,4,4,0,1,NULL,'Economy Class','2024-07-23 13:07:47'),
(762,508,608,NULL,'Garuda Indonesia customer review','2013-09-19',9,4,5,5,0,4,5,0,1,NULL,'Economy Class','2024-07-23 13:07:47'),
(763,509,608,NULL,'Garuda Indonesia customer review','2013-09-17',10,5,5,3,0,4,4,0,1,NULL,'First Class','2024-07-23 13:07:47'),
(764,510,608,NULL,'Garuda Indonesia customer review','2013-09-17',8,4,4,4,0,3,4,0,1,NULL,'Economy Class','2024-07-23 13:07:47'),
(765,511,608,NULL,'Garuda Indonesia customer review','2013-09-17',10,5,5,4,0,4,4,0,1,NULL,'Economy Class','2024-07-23 13:07:47'),
(766,512,608,NULL,'Garuda Indonesia customer review','2013-09-16',10,5,5,5,0,5,5,0,1,NULL,'Economy Class','2024-07-23 13:07:47'),
(767,513,608,NULL,'Garuda Indonesia customer review','2013-09-16',1,2,1,4,0,3,1,0,0,NULL,'Economy Class','2024-07-23 13:07:47'),
(768,514,608,NULL,'Garuda Indonesia customer review','2013-09-16',9,4,4,3,0,3,4,0,1,NULL,'First Class','2024-07-23 13:07:47'),
(769,515,608,NULL,'Garuda Indonesia customer review','2013-09-03',9,5,5,5,0,4,5,0,1,NULL,'Economy Class','2024-07-23 13:07:47'),
(770,516,608,NULL,'Garuda Indonesia customer review','2013-09-02',8,5,3,5,0,3,4,0,1,NULL,'Economy Class','2024-07-23 13:07:47'),
(771,517,608,NULL,'Garuda Indonesia customer review','2013-08-29',10,5,5,5,0,4,5,0,1,NULL,'Economy Class','2024-07-23 13:07:47'),
(772,518,608,NULL,'Garuda Indonesia customer review','2013-08-28',9,4,5,5,0,2,5,0,1,NULL,'Economy Class','2024-07-23 13:07:47'),
(773,519,608,NULL,'Garuda Indonesia customer review','2013-08-26',5,5,5,4,0,3,4,0,1,NULL,'Economy Class','2024-07-23 13:07:47'),
(774,520,608,NULL,'Garuda Indonesia customer review','2013-08-20',8,4,4,4,0,3,4,0,1,NULL,'Economy Class','2024-07-23 13:07:47'),
(775,521,608,NULL,'Garuda Indonesia customer review','2013-08-13',9,5,5,4,0,5,5,0,1,NULL,'Business Class','2024-07-23 13:07:47'),
(776,522,608,NULL,'Garuda Indonesia customer review','2013-08-11',8,5,5,4,0,2,4,0,1,NULL,'Economy Class','2024-07-23 13:07:47'),
(777,523,608,NULL,'Garuda Indonesia customer review','2013-08-05',10,5,5,5,0,5,4,0,1,NULL,'Business Class','2024-07-23 13:07:47'),
(778,524,608,NULL,'Garuda Indonesia customer review','2013-08-04',9,4,5,4,0,3,5,0,1,NULL,'Business Class','2024-07-23 13:07:47'),
(779,525,608,NULL,'Garuda Indonesia customer review','2013-08-01',10,5,5,5,0,4,5,0,1,NULL,'Economy Class','2024-07-23 13:07:47'),
(780,526,608,NULL,'Garuda Indonesia customer review','2013-07-30',8,4,5,4,0,4,4,0,1,NULL,'Economy Class','2024-07-23 13:07:47'),
(781,527,608,NULL,'Garuda Indonesia customer review','2013-07-29',9,4,5,5,0,4,5,0,1,NULL,'Economy Class','2024-07-23 13:07:47'),
(782,528,608,NULL,'Garuda Indonesia customer review','2013-07-23',9,5,5,5,0,3,5,0,1,NULL,'Economy Class','2024-07-23 13:07:47'),
(783,529,608,NULL,'Garuda Indonesia customer review','2013-07-18',8,4,5,4,0,4,4,0,1,NULL,'Economy Class','2024-07-23 13:07:47'),
(784,530,608,NULL,'Garuda Indonesia customer review','2013-07-18',8,5,5,4,0,3,5,0,1,NULL,'Business Class','2024-07-23 13:07:47'),
(785,530,608,NULL,'Garuda Indonesia customer review','2013-07-17',8,5,5,4,0,5,5,0,1,NULL,'Business Class','2024-07-23 13:07:47'),
(786,531,608,NULL,'Garuda Indonesia customer review','2013-07-17',9,5,5,4,0,3,4,0,1,NULL,'Business Class','2024-07-23 13:07:47'),
(787,532,608,NULL,'Garuda Indonesia customer review','2013-07-15',10,5,5,3,0,4,5,0,1,NULL,'Business Class','2024-07-23 13:07:47'),
(788,533,608,NULL,'Garuda Indonesia customer review','2013-07-08',10,5,5,5,0,5,5,0,1,NULL,'Economy Class','2024-07-23 13:07:47'),
(789,534,608,NULL,'Garuda Indonesia customer review','2013-07-07',9,4,4,4,0,4,4,0,1,NULL,'Economy Class','2024-07-23 13:07:47'),
(790,535,608,NULL,'Garuda Indonesia customer review','2013-07-04',7,4,5,3,0,2,5,0,1,NULL,'Economy Class','2024-07-23 13:07:47'),
(791,536,608,NULL,'Garuda Indonesia customer review','2013-07-03',9,4,4,3,0,1,4,0,1,NULL,'Economy Class','2024-07-23 13:07:47'),
(792,537,608,NULL,'Garuda Indonesia customer review','2013-07-03',9,5,5,4,0,5,4,0,1,NULL,'Economy Class','2024-07-23 13:07:47'),
(793,458,608,NULL,'Garuda Indonesia customer review','2013-07-01',9,4,4,4,0,3,5,0,1,NULL,'Economy Class','2024-07-23 13:07:47'),
(794,538,608,NULL,'Garuda Indonesia customer review','2013-07-01',2,3,2,1,0,2,2,0,0,NULL,'Economy Class','2024-07-23 13:07:47'),
(795,539,608,NULL,'Garuda Indonesia customer review','2013-07-01',7,3,3,3,0,3,4,0,1,NULL,'Economy Class','2024-07-23 13:07:47'),
(796,511,608,NULL,'Garuda Indonesia customer review','2013-06-26',10,5,5,5,0,4,5,0,1,NULL,'Business Class','2024-07-23 13:07:47'),
(797,540,608,NULL,'Garuda Indonesia customer review','2013-06-16',9,5,5,4,0,3,5,0,1,NULL,'Economy Class','2024-07-23 13:07:47'),
(798,541,608,NULL,'Garuda Indonesia customer review','2013-06-12',9,4,4,3,0,4,5,0,1,NULL,'Economy Class','2024-07-23 13:07:47'),
(799,542,608,NULL,'Garuda Indonesia customer review','2013-06-11',5,4,3,4,0,3,4,0,1,NULL,'Business Class','2024-07-23 13:07:47'),
(800,543,608,NULL,'Garuda Indonesia customer review','2013-06-09',9,4,5,4,0,4,4,0,1,NULL,'Economy Class','2024-07-23 13:07:47'),
(801,544,609,NULL,'unsatisfactory airline service','2024-07-19',1,1,1,1,1,1,1,1,0,'Solo Leisure','Economy Class','2024-07-23 13:07:47'),
(802,545,610,NULL,'Useless staff all round','2024-07-14',1,1,1,1,1,1,1,1,0,'Family Leisure','Economy Class','2024-07-23 13:07:47'),
(803,546,611,NULL,'cant operate properly','2024-07-08',1,1,1,1,1,0,1,0,0,'Family Leisure','Economy Class','2024-07-23 13:07:47'),
(804,547,612,NULL,'the worst full service airline','2024-07-07',2,3,2,1,2,1,3,1,0,'Business','Economy Class','2024-07-23 13:07:47'),
(805,548,613,NULL,'chaos during boarding','2024-07-02',9,4,5,5,3,5,4,5,1,'Family Leisure','Economy Class','2024-07-23 13:07:47'),
(806,549,614,NULL,'Its too cold on board','2024-06-20',1,1,1,1,1,1,1,1,0,'Couple Leisure','Economy Class','2024-07-23 13:07:47'),
(807,550,615,NULL,'charged $99 per 20 kg bag','2024-06-20',2,3,3,2,1,1,2,3,0,'Business','Economy Class','2024-07-23 13:07:47'),
(808,551,616,NULL,'recovery was within 10 hours','2024-05-15',8,4,4,4,5,1,4,3,1,'Couple Leisure','Economy Class','2024-07-23 13:07:47'),
(809,552,617,NULL,'degrade itself to budget airline','2024-05-08',4,5,3,1,3,0,3,0,0,'Solo Leisure','Economy Class','2024-07-23 13:07:47'),
(810,553,618,NULL,'customer service is pathetic','2024-04-24',4,2,2,1,2,1,2,1,0,'Couple Leisure','Economy Class','2024-07-23 13:07:47'),
(811,554,619,NULL,'avoid using this substandard airline','2024-04-15',1,2,2,0,3,0,1,0,0,'Business','Economy Class','2024-07-23 13:07:47'),
(812,555,620,NULL,'Business class No wifi','2024-04-01',1,2,1,1,5,1,2,1,0,'Couple Leisure','Business Class','2024-07-23 13:07:47'),
(813,556,621,NULL,'Terrible experience','2024-03-31',2,1,3,1,2,1,1,1,0,'Business','Economy Class','2024-07-23 13:07:47'),
(814,557,622,NULL,'never be flying with Batik Air again','2024-03-28',1,1,1,1,1,1,1,1,0,'Solo Leisure','Economy Class','2024-07-23 13:07:47'),
(815,558,623,NULL,'Long waiting time at terminal','2024-03-23',1,1,1,0,1,1,1,0,0,'Solo Leisure','Economy Class','2024-07-23 13:07:47'),
(816,559,624,NULL,'such a negative experience','2024-03-18',1,2,1,0,1,0,1,0,0,'Couple Leisure','Economy Class','2024-07-23 13:07:47'),
(817,560,625,NULL,'re-scheduled my ticket absent-mindedly','2024-03-05',1,2,3,0,1,0,2,0,0,'Solo Leisure','Economy Class','2024-07-23 13:07:47'),
(818,561,626,NULL,'instead of 8hr transit we have 20hr Transit','2024-02-28',1,1,1,1,1,1,1,1,0,'Couple Leisure','Economy Class','2024-07-23 13:07:47'),
(819,562,627,NULL,'put me in a difficult situation','2024-02-27',2,2,1,1,1,1,1,1,0,'Couple Leisure','Economy Class','2024-07-23 13:07:47'),
(820,563,628,NULL,'staff appeared indifferent\" ','2024-02-24',2,2,2,1,2,0,2,0,0,'Family Leisure','Economy Class','2024-07-23 13:07:47'),
(821,564,629,NULL,'aircraft was dirty and unkempt','2024-02-22',2,1,4,1,1,2,1,1,0,'Solo Leisure','Economy Class','2024-07-23 13:07:47'),
(822,565,630,NULL,'one of the better LCC options','2024-02-21',6,4,3,2,2,0,3,0,1,'Solo Leisure','Economy Class','2024-07-23 13:07:47'),
(823,566,631,NULL,'never travel this airline again','2024-02-16',1,1,1,1,1,1,1,1,0,'Solo Leisure','Economy Class','2024-07-23 13:07:47'),
(824,567,632,NULL,'Please avoid this airline','2024-02-09',1,3,2,0,1,0,1,0,0,'Couple Leisure','Economy Class','2024-07-23 13:07:47'),
(825,568,633,NULL,'I will never fly with them again','2024-02-09',1,1,1,1,1,1,1,1,0,'Family Leisure','Economy Class','2024-07-23 13:07:47'),
(826,569,634,NULL,'No complaints here','2024-01-10',8,4,5,4,5,0,5,0,1,'Solo Leisure','Business Class','2024-07-23 13:07:47'),
(827,570,635,NULL,'still trying to receive compensation','2023-12-31',1,1,1,0,1,0,1,0,0,'Couple Leisure','Economy Class','2024-07-23 13:07:47'),
(828,571,636,NULL,'experience was disgraceful\" ','2023-12-23',1,1,2,1,2,1,1,1,0,'Solo Leisure','Economy Class','2024-07-23 13:07:47'),
(829,572,637,NULL,'look for another airline','2023-12-19',1,1,0,0,1,0,1,0,0,'Family Leisure','Economy Class','2024-07-23 13:07:47'),
(830,573,638,NULL,'we can recommend it','2023-12-17',7,3,4,3,3,3,3,0,1,'Family Leisure','Economy Class','2024-07-23 13:07:47'),
(831,574,639,NULL,'Bogus flights at lower fares','2023-12-12',1,1,1,1,1,1,1,1,0,'Family Leisure','Economy Class','2024-07-23 13:07:47'),
(832,575,640,NULL,'I didn\'t get the service which I paid for','2023-12-04',1,1,1,1,1,1,1,1,0,'Family Leisure','Economy Class','2024-07-23 13:07:47'),
(833,576,641,NULL,'Don\'t book this airline','2023-11-28',1,1,1,1,1,1,1,1,0,'Couple Leisure','Economy Class','2024-07-23 13:07:47'),
(834,577,642,NULL,'Forced to bought new ticket','2023-11-26',4,2,2,2,2,2,2,2,0,'Family Leisure','Economy Class','2024-07-23 13:07:47'),
(835,578,643,NULL,'fly them again if the price was right','2023-11-24',7,2,4,3,3,0,4,0,1,'Solo Leisure','Economy Class','2024-07-23 13:07:47'),
(836,579,644,NULL,'never care about their customers','2023-11-23',2,2,4,1,1,1,3,1,0,'Business','Economy Class','2024-07-23 13:07:47'),
(837,580,645,NULL,'Batik Air, never again','2023-11-08',1,0,0,0,0,0,1,0,0,'Solo Leisure','Economy Class','2024-07-23 13:07:47'),
(838,581,646,NULL,'not received any refund till date','2023-11-07',1,0,0,0,0,0,1,0,0,'Couple Leisure','Economy Class','2024-07-23 13:07:47'),
(839,582,647,NULL,'deeply disappointed and hurt','2023-10-15',1,1,1,0,1,0,1,0,0,'Family Leisure','Economy Class','2024-07-23 13:07:47'),
(840,583,648,NULL,'Highly unprofessional','2023-10-13',1,1,1,1,1,1,1,0,0,'Family Leisure','Economy Class','2024-07-23 13:07:47'),
(841,584,649,NULL,'outstanding customer service\" ','2023-10-10',10,5,5,5,5,0,5,0,1,'Solo Leisure','Economy Class','2024-07-23 13:07:47'),
(842,585,650,NULL,'I had no major problems with them','2023-09-28',7,3,3,0,4,0,4,0,1,'Solo Leisure','Economy Class','2024-07-23 13:07:47'),
(843,586,651,NULL,'Over fours hours delayed','2023-09-28',5,2,3,3,2,2,3,1,0,'Solo Leisure','Economy Class','2024-07-23 13:07:47'),
(844,587,652,NULL,'fly Batik air for this route again','2023-09-28',10,5,5,0,5,0,5,0,1,'Couple Leisure','Economy Class','2024-07-23 13:07:47'),
(845,588,653,NULL,'I dont fit in the seat, Im too wide','2023-09-27',1,1,1,1,1,0,1,0,0,'Solo Leisure','Premium Economy','2024-07-23 13:07:47'),
(846,589,654,NULL,'The crew looked fatigued','2023-09-27',3,3,1,2,3,1,3,1,0,'Couple Leisure','Economy Class','2024-07-23 13:07:47'),
(847,590,655,NULL,'I won\'t be flying Batik Air again','2023-09-23',3,3,4,1,2,1,2,1,0,'Solo Leisure','Economy Class','2024-07-23 13:07:47'),
(848,591,656,NULL,'a nice and positive flight','2023-09-16',8,4,4,2,5,2,4,2,1,'Family Leisure','Economy Class','2024-07-23 13:07:47'),
(849,592,657,NULL,'outstanding unprofessionalism','2023-09-07',1,2,2,2,1,1,2,1,0,'Business','Economy Class','2024-07-23 13:07:47'),
(850,593,658,NULL,'Gate changed 15 minutes before take-off','2023-09-07',2,2,2,0,1,0,2,0,0,'Solo Leisure','Economy Class','2024-07-23 13:07:47'),
(851,594,659,NULL,'Worst airline service ever','2023-08-30',1,0,0,0,1,0,1,0,0,'Solo Leisure','Economy Class','2024-07-23 13:07:47'),
(852,595,660,NULL,'worst airline I have ever traveled','2023-08-20',1,2,1,1,2,1,2,1,0,'Couple Leisure','Economy Class','2024-07-23 13:07:47'),
(853,596,661,NULL,'Stay away from them','2023-08-13',1,3,1,1,1,1,1,4,0,'Business','Economy Class','2024-07-23 13:07:47'),
(854,597,662,NULL,'delay is part of the culture','2023-08-12',1,2,1,0,1,0,1,0,0,'Family Leisure','Economy Class','2024-07-23 13:07:47'),
(855,598,663,NULL,'Do not fly Batik unless you have free time','2023-08-03',3,3,3,0,3,0,3,0,0,'Solo Leisure','Economy Class','2024-07-23 13:07:47'),
(856,599,664,NULL,'staff were also rude and uncourteous','2023-07-26',2,1,1,0,1,1,1,0,0,'Solo Leisure','Economy Class','2024-07-23 13:07:47'),
(857,600,665,NULL,'the crew did an amazing job','2023-07-24',10,5,5,0,5,0,5,0,1,'Family Leisure','Economy Class','2024-07-23 13:07:47'),
(858,601,666,NULL,'reputation for non-reliability','2023-07-19',3,2,2,1,2,1,1,1,0,'Business','Economy Class','2024-07-23 13:07:47'),
(859,602,667,NULL,'Such a disappointment','2023-07-16',3,1,3,2,3,0,4,0,0,'Couple Leisure','Economy Class','2024-07-23 13:07:47'),
(860,603,668,NULL,'Late flight, late baggage','2023-07-07',1,1,1,1,1,1,1,0,0,'Solo Leisure','Business Class','2024-07-23 13:07:47'),
(861,604,669,NULL,'Poor inflight service','2023-07-07',2,2,1,2,1,1,1,1,0,'Couple Leisure','Economy Class','2024-07-23 13:07:47'),
(862,605,670,NULL,'we had missed the check-in period','2023-06-29',1,0,0,0,1,0,3,0,0,'Couple Leisure','Economy Class','2024-07-23 13:07:47'),
(863,606,671,NULL,'Last time buying anything from Batik Ai','2023-06-27',1,1,1,0,1,0,5,0,0,'Business','Economy Class','2024-07-23 13:07:47'),
(864,607,672,NULL,'will never use them again','2023-06-25',1,1,3,1,1,0,2,0,0,'Family Leisure','Economy Class','2024-07-23 13:07:47'),
(865,608,673,NULL,'confusion surrounding the layover','2023-06-21',1,1,1,1,1,1,1,1,0,'Couple Leisure','Economy Class','2024-07-23 13:07:47'),
(866,609,674,NULL,'my experience was very good\" ','2023-06-04',10,3,5,0,5,0,5,0,1,'Solo Leisure','Economy Class','2024-07-23 13:07:47'),
(867,23,675,NULL,'experience is not heinously bad','2023-05-02',8,4,4,4,4,3,4,1,1,'Family Leisure','Economy Class','2024-07-23 13:07:47'),
(868,610,676,NULL,'a slow and painful process','2023-04-27',3,3,3,3,3,0,2,0,0,'Solo Leisure','Economy Class','2024-07-23 13:07:47'),
(869,611,677,NULL,'3 weeks to speak to someone','2023-04-21',1,1,1,1,1,1,1,1,0,'Family Leisure','Economy Class','2024-07-23 13:07:47'),
(870,612,678,NULL,'Very disappointed','2023-04-21',1,1,1,1,1,1,1,1,0,'Solo Leisure','Economy Class','2024-07-23 13:07:47'),
(871,613,679,NULL,'don\'t provide pillows or blankets','2023-04-12',2,2,1,1,3,1,2,1,0,'Family Leisure','Economy Class','2024-07-23 13:07:47'),
(872,614,680,NULL,'lets try to be human beings\" ','2023-03-23',1,1,1,1,1,1,1,1,0,'Couple Leisure','Economy Class','2024-07-23 13:07:47'),
(873,615,681,NULL,'worst airline experience ever','2023-03-12',1,1,1,1,1,0,1,0,0,'Solo Leisure','Economy Class','2024-07-23 13:07:47'),
(874,616,682,NULL,'bad and unnecessary experience','2023-02-20',3,4,5,0,1,0,3,0,0,'Family Leisure','Economy Class','2024-07-23 13:07:47'),
(875,617,683,NULL,'disorganized and chaotic','2023-02-20',4,4,4,0,1,0,4,0,0,'Couple Leisure','Economy Class','2024-07-23 13:07:47'),
(876,618,684,NULL,'never recommend this flight','2023-02-11',1,1,1,1,1,1,1,1,0,'Couple Leisure','Economy Class','2024-07-23 13:07:47'),
(877,619,685,NULL,'the worst airline I have travelled','2023-02-06',1,2,1,1,2,1,1,0,0,'Couple Leisure','Economy Class','2024-07-23 13:07:47'),
(878,620,686,NULL,'cabin crew were kind and helpful','2023-01-22',9,4,5,3,4,2,5,1,1,'Solo Leisure','Economy Class','2024-07-23 13:07:47'),
(879,621,687,NULL,'Worst airline I have flown','2023-01-10',1,2,1,0,1,0,2,0,0,'Family Leisure','Economy Class','2024-07-23 13:07:47'),
(880,622,688,NULL,'airline needs to change many things','2023-01-07',1,3,2,1,1,1,1,0,0,'Solo Leisure','Economy Class','2024-07-23 13:07:47'),
(881,623,689,NULL,'attendant kept ignoring my requests','2022-12-28',2,3,1,0,1,0,1,0,0,'Solo Leisure','Economy Class','2024-07-23 13:07:47'),
(882,624,690,NULL,'Worst flight and crew ever','2022-12-11',1,1,1,0,1,0,1,0,0,'Solo Leisure','Economy Class','2024-07-23 13:07:47'),
(883,625,691,NULL,'Journey was pleasant','2022-12-10',10,5,5,4,5,0,5,0,1,'Family Leisure','Economy Class','2024-07-23 13:07:47'),
(884,626,692,NULL,'surprised to see that are flight was cancelled','2022-12-05',3,4,4,4,1,4,3,0,0,'Solo Leisure','Economy Class','2024-07-23 13:07:47'),
(885,627,693,NULL,'Really bad Service','2022-11-30',1,1,4,1,1,1,1,1,0,'Business','Business Class','2024-07-23 13:07:47'),
(886,628,694,NULL,'don\'t book a flight with Batik Air','2022-11-24',1,2,1,1,2,1,2,1,0,'Solo Leisure','Economy Class','2024-07-23 13:07:47'),
(887,629,695,NULL,'I havent received my bag','2022-11-18',3,3,4,2,3,0,2,0,0,'Solo Leisure','Economy Class','2024-07-23 13:07:47'),
(888,630,696,NULL,'no access to lounges in Jakarta','2022-10-24',1,2,2,1,1,1,1,0,0,'Business','Business Class','2024-07-23 13:07:47'),
(889,631,697,NULL,'Worst airline ever','2022-10-08',1,1,1,1,1,0,1,0,0,'Solo Leisure','Economy Class','2024-07-23 13:07:47'),
(890,632,698,NULL,'a terrible experience','2022-09-30',1,3,1,1,1,1,1,0,0,'Solo Leisure','Economy Class','2024-07-23 13:07:47'),
(891,633,699,NULL,'worst airline I\'ve ever used','2022-09-27',3,3,1,1,4,1,2,0,1,'Couple Leisure','Economy Class','2024-07-23 13:07:47'),
(892,634,700,NULL,'I will not recommend Batik Air','2022-09-26',3,4,4,2,2,4,2,0,0,'Business','Business Class','2024-07-23 13:07:47'),
(893,635,701,NULL,'never flying with this company again','2022-09-09',2,3,1,0,5,0,1,0,0,'Couple Leisure','Economy Class','2024-07-23 13:07:47'),
(894,636,702,NULL,'Moved flight three times','2022-09-04',1,0,0,0,1,0,1,0,0,'Family Leisure','Economy Class','2024-07-23 13:07:47'),
(895,637,681,NULL,'Do not recommend to anyone','2022-07-25',1,1,1,1,3,0,1,0,0,'Solo Leisure','Economy Class','2024-07-23 13:07:47'),
(896,638,703,NULL,'flight seats were average','2022-07-21',7,2,3,0,3,0,4,0,1,'Solo Leisure','Economy Class','2024-07-23 13:07:47'),
(897,639,704,NULL,'when food received it was trash','2022-06-16',2,5,4,1,3,1,1,1,0,'Solo Leisure','Economy Class','2024-07-23 13:07:47'),
(898,23,705,NULL,'for the price I paid, they impressed me','2022-06-06',9,4,4,4,5,5,4,4,1,'Family Leisure','Economy Class','2024-07-23 13:07:47'),
(899,640,706,NULL,'not flying again with you guys','2022-05-06',1,3,1,0,1,0,1,0,0,'Family Leisure','Economy Class','2024-07-23 13:07:47'),
(900,641,707,NULL,'Terrible customer service','2022-03-14',1,1,4,1,1,1,1,1,0,'Business','Business Class','2024-07-23 13:07:47'),
(901,642,708,NULL,'underhand business practices','2020-06-05',1,0,0,0,0,0,1,0,0,'Family Leisure','Economy Class','2024-07-23 13:07:47'),
(902,643,709,NULL,'trying to get a refund','2020-05-05',1,0,0,0,0,0,1,0,0,'Couple Leisure','Economy Class','2024-07-23 13:07:47'),
(903,644,710,NULL,'better options available','2020-04-01',1,1,1,0,1,0,1,0,0,'Solo Leisure','Economy Class','2024-07-23 13:07:47'),
(904,645,711,NULL,'flight attendant is nice','2020-03-07',8,3,4,4,1,4,3,0,1,'Solo Leisure','Economy Class','2024-07-23 13:07:47'),
(905,646,712,NULL,'Seat was very comfortable','2020-02-21',8,4,5,4,5,3,5,0,1,'Solo Leisure','Business Class','2024-07-23 13:07:47'),
(906,647,713,NULL,'Would fly with Batik again','2020-02-18',10,5,5,0,5,0,5,0,1,'Couple Leisure','Economy Class','2024-07-23 13:07:47'),
(907,648,714,NULL,'Disappointing and very expensive flight','2020-01-25',6,2,2,3,3,3,2,0,0,'Solo Leisure','Economy Class','2024-07-23 13:07:47'),
(908,649,715,NULL,'still recommend the airline','2020-01-04',8,4,4,4,4,2,4,0,1,'Family Leisure','Economy Class','2024-07-23 13:07:47'),
(909,650,716,NULL,'a big step up from Lion','2019-12-14',7,3,3,4,1,4,4,0,1,'Solo Leisure','Economy Class','2024-07-23 13:07:47'),
(910,651,717,NULL,'attendants can\'t help me','2019-12-05',5,2,2,3,3,4,3,0,0,'Business','Economy Class','2024-07-23 13:07:47'),
(911,652,718,NULL,'it was a good experience','2019-10-29',7,3,4,3,4,4,4,0,1,'Solo Leisure','Economy Class','2024-07-23 13:07:47'),
(912,653,719,NULL,'have to pay for this hand carry','2019-10-28',1,2,1,0,2,0,1,0,0,'Business','Economy Class','2024-07-23 13:07:47'),
(913,654,720,NULL,'was a pleasant experience','2019-10-27',8,4,4,3,5,4,5,0,1,'Solo Leisure','Economy Class','2024-07-23 13:07:47'),
(914,655,721,NULL,'flight attendant are nice','2019-08-01',7,4,4,4,3,4,4,0,1,'Solo Leisure','Economy Class','2024-07-23 13:07:47'),
(915,86,722,NULL,'flight attendant are nice','2019-07-31',7,4,5,4,5,4,4,0,1,'Solo Leisure','Economy Class','2024-07-23 13:07:47'),
(916,656,723,NULL,'No Entertainment and no meal','2019-06-27',1,2,2,1,3,1,1,1,0,'Solo Leisure','Economy Class','2024-07-23 13:07:47'),
(917,657,724,NULL,'never fly with them again','2019-06-09',1,1,1,1,1,1,1,1,0,'Solo Leisure','Economy Class','2024-07-23 13:07:47'),
(918,648,725,NULL,'my airline of choice','2019-05-29',7,4,4,2,3,3,4,0,1,'Solo Leisure','Economy Class','2024-07-23 13:07:47'),
(919,658,726,NULL,'Take alternatives if possible','2019-04-11',1,0,0,0,1,0,1,0,0,'Couple Leisure','Economy Class','2024-07-23 13:07:47'),
(920,659,727,NULL,'our flight was canceled','2019-02-14',1,0,0,0,1,0,1,0,0,'Couple Leisure','Economy Class','2024-07-23 13:07:47'),
(921,113,728,NULL,'experience has been above average','2019-01-31',10,5,5,4,4,4,5,0,1,'Family Leisure','Economy Class','2024-07-23 13:07:47'),
(922,184,729,NULL,'Warm and hospitality','2019-01-24',8,4,5,4,5,4,5,0,1,'Solo Leisure','Business Class','2024-07-23 13:07:47'),
(923,660,730,NULL,'customer service is a disaster','2019-01-10',1,0,0,0,1,0,1,0,0,'Solo Leisure','Economy Class','2024-07-23 13:07:47'),
(924,661,731,NULL,'Batik is very good value','2019-01-06',8,3,3,3,3,3,4,0,1,'Solo Leisure','Economy Class','2024-07-23 13:07:47'),
(925,662,732,NULL,'recommend the Business class','2019-01-05',8,4,4,4,4,2,4,0,1,'Family Leisure','Business Class','2024-07-23 13:07:47'),
(926,663,733,NULL,'Don\'t fly Batik Air','2018-12-29',3,2,4,2,2,1,2,0,0,'Family Leisure','Economy Class','2024-07-23 13:07:47'),
(927,661,734,NULL,'still good value','2018-11-19',8,4,3,3,4,4,4,0,1,'Solo Leisure','Economy Class','2024-07-23 13:07:47'),
(928,664,735,NULL,'still hope that they can improve','2018-11-05',6,3,4,3,3,4,4,1,1,'Business','Economy Class','2024-07-23 13:07:47'),
(929,665,736,NULL,'you will be disappointed','2018-10-02',4,3,3,2,1,1,3,1,0,'Business','Business Class','2024-07-23 13:07:47'),
(930,666,737,NULL,'No frills in business class','2018-10-02',4,4,3,2,2,3,2,0,0,'Couple Leisure','Business Class','2024-07-23 13:07:47'),
(931,667,738,NULL,'Delay after delay','2018-09-09',2,3,2,1,1,1,1,1,0,'Family Leisure','Economy Class','2024-07-23 13:07:47'),
(932,668,739,NULL,'will never fly Batik Air again','2018-07-01',1,5,2,1,3,1,1,0,0,'Couple Leisure','Economy Class','2024-07-23 13:07:47'),
(933,120,740,NULL,'food was just edible','2018-05-13',6,4,5,2,5,3,4,0,1,'Solo Leisure','Business Class','2024-07-23 13:07:47'),
(934,669,741,NULL,'I enjoyed the flight','2018-05-06',8,5,4,4,5,3,5,0,1,'Solo Leisure','Economy Class','2024-07-23 13:07:47'),
(935,670,742,NULL,'food inedible and unappetizing','2018-04-15',2,3,3,1,3,2,3,0,0,'Business','Economy Class','2024-07-23 13:07:47'),
(936,671,743,NULL,'Delays are unbearable','2018-04-15',1,2,2,1,1,1,1,0,0,'Family Leisure','Economy Class','2024-07-23 13:07:47'),
(937,672,744,NULL,'it is such a hassle','2018-04-05',6,2,2,2,1,3,4,0,0,'Business','Economy Class','2024-07-23 13:07:47'),
(938,154,745,NULL,'food was not that great','2018-02-20',7,4,4,2,4,0,4,0,1,'Solo Leisure','Economy Class','2024-07-23 13:07:47'),
(939,673,746,NULL,'how low the price was','2018-02-16',8,5,5,3,5,0,5,0,1,'Solo Leisure','Economy Class','2024-07-23 13:07:47'),
(940,673,747,NULL,'definitely book with them again','2018-02-15',9,5,5,4,5,0,5,0,1,'Solo Leisure','Economy Class','2024-07-23 13:07:47'),
(941,674,748,NULL,'service OK for low airfare','2018-02-08',9,4,4,4,5,4,5,0,1,'Couple Leisure','Economy Class','2024-07-23 13:07:47'),
(942,675,749,NULL,'I think the service is okay','2018-02-06',7,4,3,3,3,0,4,0,1,'Solo Leisure','Economy Class','2024-07-23 13:07:47'),
(943,676,750,NULL,'would never recommend them','2018-01-13',2,2,1,1,2,1,1,0,0,'Couple Leisure','Economy Class','2024-07-23 13:07:47'),
(944,677,751,NULL,'disappointed with the service','2018-01-06',1,1,1,1,1,1,1,1,0,'Couple Leisure','Economy Class','2024-07-23 13:07:47'),
(945,678,752,NULL,'luggage shell is broken','2018-01-04',3,4,3,2,1,4,4,0,1,'Business','Economy Class','2024-07-23 13:07:47'),
(946,648,753,NULL,'commend comfort levels','2018-01-02',8,4,5,4,4,4,5,0,1,'Solo Leisure','Economy Class','2024-07-23 13:07:47'),
(947,113,754,NULL,'flight attendant happily welcomed me','2017-12-12',10,5,5,5,4,4,5,0,1,'Family Leisure','Economy Class','2024-07-23 13:07:47'),
(948,1,755,NULL,'not too bad a service','2017-11-28',5,3,4,2,4,1,3,0,1,'Business','Business Class','2024-07-23 13:07:47'),
(949,178,756,NULL,'IFE good but the choice is limited','2017-11-12',7,5,4,3,2,3,5,0,1,'Family Leisure','Economy Class','2024-07-23 13:07:47'),
(950,178,757,NULL,'flight attendant was attentive','2017-11-11',8,5,5,3,3,4,5,0,1,'Business','Business Class','2024-07-23 13:07:47'),
(951,187,758,NULL,'two satisfying experiences','2017-11-01',9,5,4,4,5,2,5,0,1,'Family Leisure','Economy Class','2024-07-23 13:07:47'),
(952,679,759,NULL,'The food was horrible','2017-09-12',6,4,3,1,3,4,3,0,1,'Solo Leisure','Economy Class','2024-07-23 13:07:47'),
(953,190,760,NULL,'passengers are well served','2017-09-10',10,5,5,5,4,5,5,0,1,'Solo Leisure','Economy Class','2024-07-23 13:07:47'),
(954,680,761,NULL,'Disaster begin at check in','2017-08-24',2,2,1,1,1,1,2,1,0,'Solo Leisure','Economy Class','2024-07-23 13:07:47'),
(955,681,762,NULL,'recommend Batik Air','2017-08-24',7,4,3,3,2,2,4,0,1,'Solo Leisure','Economy Class','2024-07-23 13:07:47'),
(956,682,763,NULL,'seats were filthy','2017-06-26',2,2,2,1,2,1,2,0,0,'Business','Economy Class','2024-07-23 13:07:47'),
(957,683,764,NULL,'unfresh hotdog for dinner','2017-06-23',6,3,3,1,4,4,1,0,1,'Solo Leisure','Economy Class','2024-07-23 13:07:47'),
(958,684,765,NULL,'Such a bad service','2017-06-17',2,1,2,2,1,1,2,0,0,'Family Leisure','Economy Class','2024-07-23 13:07:47'),
(959,685,766,NULL,'it was unimpressive','2017-06-04',4,3,2,2,2,2,2,0,0,'Business','Economy Class','2024-07-23 13:07:47'),
(960,686,767,NULL,'Meals were very good','2017-05-17',8,5,5,5,5,0,5,0,1,'Solo Leisure','Business Class','2024-07-23 13:07:47'),
(961,687,768,NULL,'flights were really pleasant','2017-02-20',8,4,4,4,4,3,4,0,1,'Solo Leisure','Business Class','2024-07-23 13:07:47'),
(962,688,769,NULL,'good cabin crew','2017-02-17',7,4,4,3,2,5,4,0,1,'Solo Leisure','Economy Class','2024-07-23 13:07:47'),
(963,689,770,NULL,'the cabin crew were ever courteous','2017-02-04',10,5,5,5,4,5,5,0,1,'Business','Economy Class','2024-07-23 13:07:47'),
(964,690,771,NULL,'it was a great experience','2017-01-29',8,4,5,3,5,3,4,0,1,'Solo Leisure','Economy Class','2024-07-23 13:07:47'),
(965,691,772,NULL,'flight was smooth all the way','2017-01-26',7,4,4,3,4,0,4,0,1,'Solo Leisure','Economy Class','2024-07-23 13:07:47'),
(966,692,773,NULL,'choice of watching movies','2017-01-26',6,4,4,1,4,4,4,0,1,'Solo Leisure','Economy Class','2024-07-23 13:07:47'),
(967,693,774,NULL,'flight was enjoyable','2017-01-21',9,5,4,3,4,3,4,0,1,'Solo Leisure','Economy Class','2024-07-23 13:07:47'),
(968,694,775,NULL,'flight attendants did their job well','2017-01-17',9,4,4,4,4,4,5,0,1,'Solo Leisure','Business Class','2024-07-23 13:07:47'),
(969,695,776,NULL,'the worst experience I\'ve had','2016-12-26',1,1,1,0,1,0,1,0,0,'Couple Leisure','Economy Class','2024-07-23 13:07:47'),
(970,696,777,NULL,'maybe fly Batik Air again','2016-09-10',8,4,4,4,4,4,5,1,1,'Family Leisure','Economy Class','2024-07-23 13:07:47'),
(971,697,778,NULL,'not properly trained on hospitality','2016-08-07',3,3,2,2,2,3,3,1,0,'Solo Leisure','Economy Class','2024-07-23 13:07:47'),
(972,698,779,NULL,'a very pleasant experience','2016-07-30',8,4,3,3,3,3,3,0,1,'Family Leisure','Business Class','2024-07-23 13:07:47'),
(973,293,780,NULL,'seats and legroom were comfortable','2016-07-09',9,5,5,4,4,4,5,0,1,'Family Leisure','Economy Class','2024-07-23 13:07:47'),
(974,699,781,NULL,'will fly with them in future','2016-07-02',8,4,5,4,5,4,5,0,1,'Solo Leisure','Economy Class','2024-07-23 13:07:47'),
(975,700,782,NULL,'flight attendants were very helpful','2016-05-27',8,4,5,4,4,4,4,0,1,'Family Leisure','Economy Class','2024-07-23 13:07:47'),
(976,701,783,NULL,'first and last time','2016-04-29',1,3,3,0,1,0,1,0,0,'Solo Leisure','Economy Class','2024-07-23 13:07:47');
/*!40000 ALTER TABLE `Review` ENABLE KEYS */;
UNLOCK TABLES;
/*!50003 SET @saved_cs_client      = @@character_set_client */ ;
/*!50003 SET @saved_cs_results     = @@character_set_results */ ;
/*!50003 SET @saved_col_connection = @@collation_connection */ ;
/*!50003 SET character_set_client  = utf8mb3 */ ;
/*!50003 SET character_set_results = utf8mb3 */ ;
/*!50003 SET collation_connection  = utf8mb3_general_ci */ ;
/*!50003 SET @saved_sql_mode       = @@sql_mode */ ;
/*!50003 SET sql_mode              = 'STRICT_TRANS_TABLES,ERROR_FOR_DIVISION_BY_ZERO,NO_AUTO_CREATE_USER,NO_ENGINE_SUBSTITUTION' */ ;
DELIMITER ;;
/*!50003 CREATE*/ /*!50017 DEFINER=`root`@`localhost`*/ /*!50003 TRIGGER check_review_date
            BEFORE INSERT ON Review
            FOR EACH ROW
            BEGIN
                IF NEW.review_date > CURDATE() THEN
                    SIGNAL SQLSTATE '45000' SET MESSAGE_TEXT = 'Review date cannot be in the future!';
                END IF;
            END */;;
DELIMITER ;
/*!50003 SET sql_mode              = @saved_sql_mode */ ;
/*!50003 SET character_set_client  = @saved_cs_client */ ;
/*!50003 SET character_set_results = @saved_cs_results */ ;
/*!50003 SET collation_connection  = @saved_col_connection */ ;

--
-- Table structure for table `Reviewer`
--

DROP TABLE IF EXISTS `Reviewer`;
/*!40101 SET @saved_cs_client     = @@character_set_client */;
/*!40101 SET character_set_client = utf8 */;
CREATE TABLE `Reviewer` (
  `reviewer_id` int(11) NOT NULL AUTO_INCREMENT,
  `fullname` varchar(255) NOT NULL,
  `country` varchar(255) DEFAULT NULL,
  `email` varchar(255) DEFAULT NULL,
  `password` varchar(255) DEFAULT NULL,
  `membership_type` varchar(50) DEFAULT NULL,
  PRIMARY KEY (`reviewer_id`),
  UNIQUE KEY `email` (`email`),
  CONSTRAINT `check_membership_type` CHECK (`membership_type` in ('elite','flyer','hiflyer','globetrotter','nonmember'))
) ENGINE=InnoDB AUTO_INCREMENT=702 DEFAULT CHARSET=utf8mb4 COLLATE=utf8mb4_general_ci;
/*!40101 SET character_set_client = @saved_cs_client */;

--
-- Dumping data for table `Reviewer`
--

LOCK TABLES `Reviewer` WRITE;
/*!40000 ALTER TABLE `Reviewer` DISABLE KEYS */;
INSERT INTO `Reviewer` VALUES
(1,'Jonathan Rodden','United Kingdom',NULL,NULL,'elite'),
(2,'Peter Pomeranze','United States',NULL,NULL,'nonmember'),
(3,'S Hartin','India',NULL,NULL,'nonmember'),
(4,'Farid Ladjimi','Australia',NULL,NULL,'nonmember'),
(5,'D Ming','Singapore',NULL,NULL,'nonmember'),
(6,'Aqwa Muzayyin','Qatar',NULL,NULL,'nonmember'),
(7,'M Larvon','Australia',NULL,NULL,'nonmember'),
(8,'David Hart','Australia',NULL,NULL,'nonmember'),
(9,'P Wayasatra','Australia',NULL,NULL,'flyer'),
(10,'P Wayadana','Australia',NULL,NULL,'flyer'),
(11,'S Hanelidis','Netherlands',NULL,NULL,'nonmember'),
(12,'Ilham Ramadhan','Indonesia',NULL,NULL,'flyer'),
(13,'K Zona','Japan',NULL,NULL,'nonmember'),
(14,'Jonathan (John) Rodden','John',NULL,NULL,'elite'),
(15,'S Mayata','Australia',NULL,NULL,'flyer'),
(16,'Ti Hadaji','New Zealand',NULL,NULL,'nonmember'),
(17,'R Haridanto','Indonesia',NULL,NULL,'flyer'),
(18,'Jonathan  Rodden','United Kingdom',NULL,NULL,'elite'),
(19,'Kaleb Setiady','Indonesia',NULL,NULL,'flyer'),
(20,'Carlo Cafiero','Italy',NULL,NULL,'nonmember'),
(21,'C Wang','Malaysia',NULL,NULL,'nonmember'),
(22,'Glenn Mcgee','Australia',NULL,NULL,'nonmember'),
(23,'Christopher Jermia','Indonesia',NULL,NULL,'nonmember'),
(24,'Dondy Khouw','Indonesia',NULL,NULL,'flyer'),
(25,'Robert Trew','Australia',NULL,NULL,'nonmember'),
(26,'Jonsen Sinaga','Netherlands',NULL,NULL,'hiflyer'),
(27,'Ronny Adriansyah','United States',NULL,NULL,'elite'),
(28,'Dane Robertson','New Zealand',NULL,NULL,'nonmember'),
(29,'T Fakida','United Kingdom',NULL,NULL,'nonmember'),
(30,'S Meach','Australia',NULL,NULL,'nonmember'),
(31,'S Garner','Indonesia',NULL,NULL,'nonmember'),
(32,'Ian Francis','Indonesia',NULL,NULL,'nonmember'),
(33,'D Hurgono','Thailand',NULL,NULL,'flyer'),
(34,'M Bos','Netherlands',NULL,NULL,'nonmember'),
(35,'N Prido','Indonesia',NULL,NULL,'flyer'),
(36,'Viktoriya Elgey','Australia',NULL,NULL,'nonmember'),
(37,'L Xi','Australia',NULL,NULL,'hiflyer'),
(38,'Pratama Yoga Nugroho','Indonesia',NULL,NULL,'nonmember'),
(39,'N Kamsa','Indonesia',NULL,NULL,'nonmember'),
(40,'W Mallard','United Kingdom',NULL,NULL,'flyer'),
(41,'Chris Walsh','United Kingdom',NULL,NULL,'nonmember'),
(42,'D Lawkan','Australia',NULL,NULL,'nonmember'),
(43,'P Lanchillo','Australia',NULL,NULL,'flyer'),
(44,'A Haverhoek','Australia',NULL,NULL,'nonmember'),
(45,'Anton Kudrevich','Poland',NULL,NULL,'flyer'),
(46,'Lina Jo','Australia',NULL,NULL,'flyer'),
(47,'Daniel Ng','Indonesia',NULL,NULL,'nonmember'),
(48,'L Murtan','Netherlands',NULL,NULL,'nonmember'),
(49,'Eva Minaeva','United States',NULL,NULL,'nonmember'),
(50,'J Jayaagung','Indonesia',NULL,NULL,'nonmember'),
(51,'E Hudal','Indonesia',NULL,NULL,'hiflyer'),
(52,'Anastasiia Vlasiuk','Indonesia',NULL,NULL,'nonmember'),
(53,'Laszlo Wagner','Indonesia',NULL,NULL,'elite'),
(54,'Y Ananto','Australia',NULL,NULL,'nonmember'),
(55,'P Nurahama','Indonesia',NULL,NULL,'nonmember'),
(56,'Brian Cross','Australia',NULL,NULL,'nonmember'),
(57,'N Chan','Australia',NULL,NULL,'nonmember'),
(58,'William Lay','Singapore',NULL,NULL,'globetrotter'),
(59,'Nicholas Drew','Australia',NULL,NULL,'flyer'),
(60,'Janet Hughes','Australia',NULL,NULL,'nonmember'),
(61,'A Zakarin','Netherlands',NULL,NULL,'nonmember'),
(62,'W Larkemse','Netherlands',NULL,NULL,'flyer'),
(63,'J Maldaja','Indonesia',NULL,NULL,'nonmember'),
(64,'D McDaid','Australia',NULL,NULL,'nonmember'),
(65,'F Daginowo','Indonesia',NULL,NULL,'nonmember'),
(66,'N Milson','China',NULL,NULL,'nonmember'),
(67,'Kim Hopkins','Australia',NULL,NULL,'nonmember'),
(68,'Antony Magnus','Australia',NULL,NULL,'nonmember'),
(69,'A Kalunan','Spain',NULL,NULL,'nonmember'),
(70,'Yudha Fitriansyah','Indonesia',NULL,NULL,'hiflyer'),
(71,'Avi Netanyahu','Israel',NULL,NULL,'nonmember'),
(72,'Andrew Brown','United Kingdom',NULL,NULL,'nonmember'),
(73,'Olaf Heinrich','Germany',NULL,NULL,'flyer'),
(74,'Michelle Boemo','Australia',NULL,NULL,'nonmember'),
(75,'Y Salam','Indonesia',NULL,NULL,'flyer'),
(76,'Kasem Liu','Indonesia',NULL,NULL,'nonmember'),
(77,'Sheital Jiven','United Kingdom',NULL,NULL,'nonmember'),
(78,'W Lewis','Indonesia',NULL,NULL,'elite'),
(79,'P Birdsall','Australia',NULL,NULL,'nonmember'),
(80,'J Keane','United Kingdom',NULL,NULL,'nonmember'),
(81,'P Neumann','Australia',NULL,NULL,'nonmember'),
(82,'Yael Levi','Indonesia',NULL,NULL,'nonmember'),
(83,'Bimaseta Rachmanda','Indonesia',NULL,NULL,'nonmember'),
(84,'R Walemsa','Indonesia',NULL,NULL,'globetrotter'),
(85,'G Lam','Singapore',NULL,NULL,'nonmember'),
(86,'L Wanesarto','Indonesia',NULL,NULL,'globetrotter'),
(87,'A Chorkeli','Indonesia',NULL,NULL,'nonmember'),
(88,'H Darawan','Indonesia',NULL,NULL,'flyer'),
(89,'Stefanus Santosa Wihardja','Indonesia',NULL,NULL,'nonmember'),
(90,'P Raynor','Indonesia',NULL,NULL,'nonmember'),
(91,'P Donald','Germany',NULL,NULL,'nonmember'),
(92,'F Lanardes','Indonesia',NULL,NULL,'nonmember'),
(93,'E Watama','Australia',NULL,NULL,'nonmember'),
(94,'A Farif','Indonesia',NULL,NULL,'nonmember'),
(95,'M Paney','United Kingdom',NULL,NULL,'nonmember'),
(96,'S Daljaya','Indonesia',NULL,NULL,'nonmember'),
(97,'M Faikar Widjanarko','Indonesia',NULL,NULL,'nonmember'),
(98,'Dinouk Perera','Australia',NULL,NULL,'nonmember'),
(99,'Bagus Nurul Huda','Indonesia',NULL,NULL,'nonmember'),
(100,'Mika Saka','Indonesia',NULL,NULL,'nonmember'),
(101,'Hyo Rim Hwang','Indonesia',NULL,NULL,'nonmember'),
(102,'L Tran','United States',NULL,NULL,'elite'),
(103,'L Madugus','Indonesia',NULL,NULL,'flyer'),
(104,'Paul Cary','United Kingdom',NULL,NULL,'nonmember'),
(105,'N Niko','Indonesia',NULL,NULL,'nonmember'),
(106,'M Peale','United Kingdom',NULL,NULL,'hiflyer'),
(107,'Ann Palmer','United Kingdom',NULL,NULL,'hiflyer'),
(108,'Tony Hall','United Kingdom',NULL,NULL,'nonmember'),
(109,'Anand Danani','Australia',NULL,NULL,'nonmember'),
(110,'John Curtain','Australia',NULL,NULL,'elite'),
(111,'Gary Gowans','United Kingdom',NULL,NULL,'flyer'),
(112,'E Sarinitha','Australia',NULL,NULL,'nonmember'),
(113,'Matthew Marich','Australia',NULL,NULL,'hiflyer'),
(114,'N Salthon','Australia',NULL,NULL,'nonmember'),
(115,'Max Meijer','Netherlands',NULL,NULL,'flyer'),
(116,'K Naben','Netherlands',NULL,NULL,'nonmember'),
(117,'Hein de Jong','Netherlands',NULL,NULL,'nonmember'),
(118,'S Bulayak','Indonesia',NULL,NULL,'hiflyer'),
(119,'Ilham Fadila','Indonesia',NULL,NULL,'flyer'),
(120,'Peter Dolman','Australia',NULL,NULL,'flyer'),
(121,'Rubi Haliman','Indonesia',NULL,NULL,'nonmember'),
(122,'S Johnson','Belgium',NULL,NULL,'nonmember'),
(123,'D Sutanto','Indonesia',NULL,NULL,'nonmember'),
(124,'S Davids','Indonesia',NULL,NULL,'nonmember'),
(125,'M Healey','Australia',NULL,NULL,'nonmember'),
(126,'C Keane','United Kingdom',NULL,NULL,'nonmember'),
(127,'D. Baker','Australia',NULL,NULL,'nonmember'),
(128,'Francis Wong','Hong Kong',NULL,NULL,'elite'),
(129,'M Beatty','United Kingdom',NULL,NULL,'nonmember'),
(130,'mer Yazc','Turkey',NULL,NULL,'nonmember'),
(131,'Gyan Fernando','United Kingdom',NULL,NULL,'elite'),
(132,'D Dier','Switzerland',NULL,NULL,'nonmember'),
(133,'I Navaga','Philippines',NULL,NULL,'flyer'),
(134,'Cassandra Charlesworth','Australia',NULL,NULL,'nonmember'),
(135,'Andrew Venning','Australia',NULL,NULL,'nonmember'),
(136,'Oliver Khaw','Indonesia',NULL,NULL,'nonmember'),
(137,'D Macaran','Indonesia',NULL,NULL,'nonmember'),
(138,'Steven Altham','Australia',NULL,NULL,'nonmember'),
(139,'D Maylin','Indonesia',NULL,NULL,'nonmember'),
(140,'Niko Cannisius','Indonesia',NULL,NULL,'nonmember'),
(141,'A McKay','Indonesia',NULL,NULL,'nonmember'),
(142,'A Madry','Indonesia',NULL,NULL,'nonmember'),
(143,'M Zischke','Singapore',NULL,NULL,'nonmember'),
(144,'S Derpin','Netherlands',NULL,NULL,'nonmember'),
(145,'T Chang','Indonesia',NULL,NULL,'hiflyer'),
(146,'Sandy Veans','Indonesia',NULL,NULL,'nonmember'),
(147,'P Davis','Germany',NULL,NULL,'nonmember'),
(148,'S Allberg','Australia',NULL,NULL,'nonmember'),
(149,'Dineshchandra Patel','United Kingdom',NULL,NULL,'nonmember'),
(150,'G Hussein','United Kingdom',NULL,NULL,'nonmember'),
(151,'L Mayle','Singapore',NULL,NULL,'globetrotter'),
(152,'L Wilson','Singapore',NULL,NULL,'globetrotter'),
(153,'David Berry','United Kingdom',NULL,NULL,'nonmember'),
(154,'Shaharuddin Mohd Sham','Malaysia',NULL,NULL,'elite'),
(155,'Arianto Kurniawan','Indonesia',NULL,NULL,'flyer'),
(156,'F Schimer','Indonesia',NULL,NULL,'nonmember'),
(157,'E Tharesh','Singapore',NULL,NULL,'nonmember'),
(158,'Muhamad Ilham Fadila','Indonesia',NULL,NULL,'nonmember'),
(159,'D Parmyanto','United States',NULL,NULL,'flyer'),
(160,'H Daryanto','Indonesia',NULL,NULL,'nonmember'),
(161,'F Tan','Indonesia',NULL,NULL,'nonmember'),
(162,'M Fadyanta','Indonesia',NULL,NULL,'nonmember'),
(163,'Alan Tang','Indonesia',NULL,NULL,'hiflyer'),
(164,'L Rantono','Indonesia',NULL,NULL,'nonmember'),
(165,'L Daws','Australia',NULL,NULL,'nonmember'),
(166,'V Vernon','Indonesia',NULL,NULL,'flyer'),
(167,'Maura C Soeparjadi','Indonesia',NULL,NULL,'nonmember'),
(168,'Sanjal Shastri','India',NULL,NULL,'nonmember'),
(169,'Ian Hosken','Australia',NULL,NULL,'flyer'),
(170,'Kolayoot Sahanavin','Thailand',NULL,NULL,'nonmember'),
(171,'Adrian Suharto','Singapore',NULL,NULL,'globetrotter'),
(172,'Gulardi Tanujaya','Indonesia',NULL,NULL,'nonmember'),
(173,'M Mernel','Switzerland',NULL,NULL,'nonmember'),
(174,'Hafiz Al Asad','United States',NULL,NULL,'nonmember'),
(175,'H Rayanto','Indonesia',NULL,NULL,'nonmember'),
(176,'Stephen Gunawan','Indonesia',NULL,NULL,'flyer'),
(177,'Gunawanto Johannes','Indonesia',NULL,NULL,'nonmember'),
(178,'Akhmad Hafidzan Adzani','Indonesia',NULL,NULL,'hiflyer'),
(179,'S Taleta','Australia',NULL,NULL,'flyer'),
(180,'Suryo Tomi','United Kingdom',NULL,NULL,'nonmember'),
(181,'Paul Dodd','France',NULL,NULL,'nonmember'),
(182,'N Zanikana','United Kingdom',NULL,NULL,'nonmember'),
(183,'Peter Haynes','United Kingdom',NULL,NULL,'nonmember'),
(184,'A Young','Indonesia',NULL,NULL,'hiflyer'),
(185,'A Lim','Indonesia',NULL,NULL,'hiflyer'),
(186,'Febry Fawzi','United States',NULL,NULL,'nonmember'),
(187,'Adler Tan','Indonesia',NULL,NULL,'nonmember'),
(188,'L Temasi','Indonesia',NULL,NULL,'nonmember'),
(189,'Nico Bergsma','Netherlands',NULL,NULL,'nonmember'),
(190,'T Kaleng','Indonesia',NULL,NULL,'nonmember'),
(191,'S Dewi','Indonesia',NULL,NULL,'nonmember'),
(192,'P Barrington','Indonesia',NULL,NULL,'nonmember'),
(193,'S Wikajaya','Indonesia',NULL,NULL,'globetrotter'),
(194,'Kevin Pearce','Australia',NULL,NULL,'nonmember'),
(195,'Evelyn Susilo','Indonesia',NULL,NULL,'nonmember'),
(196,'H Chen','Hong Kong',NULL,NULL,'nonmember'),
(197,'K  Lamnala','Indonesia',NULL,NULL,'nonmember'),
(198,'Julie Birrell','Australia',NULL,NULL,'nonmember'),
(199,'Erwin Elias','Indonesia',NULL,NULL,'nonmember'),
(200,'T Lau','Indonesia',NULL,NULL,'hiflyer'),
(201,'C Sheene','Australia',NULL,NULL,'flyer'),
(202,'Artha The','Indonesia',NULL,NULL,'hiflyer'),
(203,'Sabri Adrian','Indonesia',NULL,NULL,'nonmember'),
(204,'Paskalis Ginting','Indonesia',NULL,NULL,'flyer'),
(205,'C Arnesen','Netherlands',NULL,NULL,'nonmember'),
(206,'W Jawanta','Indonesia',NULL,NULL,'flyer'),
(207,'Gregorius Handrianto','Indonesia',NULL,NULL,'flyer'),
(208,'K Suridas','Indonesia',NULL,NULL,'flyer'),
(209,'Irfan Aditya Nugraha','Indonesia',NULL,NULL,'hiflyer'),
(210,'David Jackson','United Kingdom',NULL,NULL,'nonmember'),
(211,'H Randani','Indonesia',NULL,NULL,'nonmember'),
(212,'T Fasel','Indonesia',NULL,NULL,'nonmember'),
(213,'A Wanyapada','Germany',NULL,NULL,'globetrotter'),
(214,'Jeremy Singh','Australia',NULL,NULL,'nonmember'),
(215,'S Pakatra','Indonesia',NULL,NULL,'globetrotter'),
(216,'Kah Kay Au','Singapore',NULL,NULL,'elite'),
(217,'P Grant','Indonesia',NULL,NULL,'flyer'),
(218,'S Hantara','Indonesia',NULL,NULL,'flyer'),
(219,'J Tamadatya','Indonesia',NULL,NULL,'nonmember'),
(220,'K Ariditya','Indonesia',NULL,NULL,'nonmember'),
(221,'Dave Houlihan','United Arab Emirates',NULL,NULL,'nonmember'),
(222,'C Damutra','Indonesia',NULL,NULL,'flyer'),
(223,'Rico Bunnarto','Indonesia',NULL,NULL,'elite'),
(224,'A Hancock','Indonesia',NULL,NULL,'nonmember'),
(225,'Deddy Sasmita','Indonesia',NULL,NULL,'nonmember'),
(226,'Y Hall','Indonesia',NULL,NULL,'flyer'),
(227,'D Bayambal','Indonesia',NULL,NULL,'hiflyer'),
(228,'S Gardner','Singapore',NULL,NULL,'flyer'),
(229,'Sri Keita','Indonesia',NULL,NULL,'flyer'),
(230,'M King','United States',NULL,NULL,'nonmember'),
(231,'T Tawapandi','Singapore',NULL,NULL,'nonmember'),
(232,'S Madinic','United States',NULL,NULL,'nonmember'),
(233,'Putu Chara','Indonesia',NULL,NULL,'nonmember'),
(234,'I Dakram','Indonesia',NULL,NULL,'nonmember'),
(235,'Kevin Barrance','United Kingdom',NULL,NULL,'flyer'),
(236,'S Lyle','United Kingdom',NULL,NULL,'nonmember'),
(237,'C Roberts','Australia',NULL,NULL,'nonmember'),
(238,'A Pudinato','Indonesia',NULL,NULL,'flyer'),
(239,'L Irving','Indonesia',NULL,NULL,'nonmember'),
(240,'T Peck','Indonesia',NULL,NULL,'nonmember'),
(241,'W Allen','Indonesia',NULL,NULL,'flyer'),
(242,'Miles Hapgood','United Kingdom',NULL,NULL,'nonmember'),
(243,'M Lawson','Australia',NULL,NULL,'elite'),
(244,'M Fahima','Indonesia',NULL,NULL,'nonmember'),
(245,'E Naryvatoho','Indonesia',NULL,NULL,'nonmember'),
(246,'H Jackson','Indonesia',NULL,NULL,'hiflyer'),
(247,'Hay Lep','Australia',NULL,NULL,'elite'),
(248,'T Damilya','Indonesia',NULL,NULL,'nonmember'),
(249,'M Faleh','Malaysia',NULL,NULL,'nonmember'),
(250,'S Pramadah','United States',NULL,NULL,'nonmember'),
(251,'R Adriansyah','United States',NULL,NULL,'elite'),
(252,'D Wayana','Malaysia',NULL,NULL,'nonmember'),
(253,'M Irvin','United Kingdom',NULL,NULL,'nonmember'),
(254,'K Zahirraq','Indonesia',NULL,NULL,'nonmember'),
(255,'Tony Ryan','United Kingdom',NULL,NULL,'nonmember'),
(256,'Nicola Flowers','United Kingdom',NULL,NULL,'nonmember'),
(257,'D Andrews','United Kingdom',NULL,NULL,'nonmember'),
(258,'Hafiz Al Asad','Indonesia',NULL,NULL,'nonmember'),
(259,'T Battoran','Belgium',NULL,NULL,'nonmember'),
(260,'Zakky Ramadhan','Indonesia',NULL,NULL,'flyer'),
(261,'A Fernandes','Indonesia',NULL,NULL,'flyer'),
(262,'Sudheera Dahanayake','Sri Lanka',NULL,NULL,'nonmember'),
(263,'E Reddall','Indonesia',NULL,NULL,'nonmember'),
(264,'H Shahari','Indonesia',NULL,NULL,'nonmember'),
(265,'Peter Brookes','United Kingdom',NULL,NULL,'flyer'),
(266,'Craig Cutts','United Kingdom',NULL,NULL,'elite'),
(267,'Remy Adam','Singapore',NULL,NULL,'nonmember'),
(268,'Andrew Stevenson','United Kingdom',NULL,NULL,'nonmember'),
(269,'Irwan Tan','Indonesia',NULL,NULL,'flyer'),
(270,'L Phong','Australia',NULL,NULL,'elite'),
(271,'Owen Evans','United Kingdom',NULL,NULL,'nonmember'),
(272,'Sukana Ajaputra','Indonesia',NULL,NULL,'globetrotter'),
(273,'Nuran Faritya','Indonesia',NULL,NULL,'hiflyer'),
(274,'Ario Yuniawan Prariyadi','Germany',NULL,NULL,'globetrotter'),
(275,'T Merter','Turkey',NULL,NULL,'hiflyer'),
(276,'P Leeson','Australia',NULL,NULL,'elite'),
(277,'B Matabasin','Indonesia',NULL,NULL,'flyer'),
(278,'Lukas Tobing','Indonesia',NULL,NULL,'nonmember'),
(279,'Juergen Debold','Germany',NULL,NULL,'flyer'),
(280,'T Lauw','Indonesia',NULL,NULL,'nonmember'),
(281,'Alwaleed Althani','Qatar',NULL,NULL,'nonmember'),
(282,'G Shedden','United Kingdom',NULL,NULL,'nonmember'),
(283,'Putra Jawakana','Indonesia',NULL,NULL,'globetrotter'),
(284,'Suryaputra Wijaksana','Indonesia',NULL,NULL,'globetrotter'),
(285,'Calum Austin','United Kingdom',NULL,NULL,'globetrotter'),
(286,'Putra Wijoto','Netherlands',NULL,NULL,'flyer'),
(287,'Kevin Kelly','Indonesia',NULL,NULL,'flyer'),
(288,'Adelle Roberts','Australia',NULL,NULL,'nonmember'),
(289,'A Tan','Indonesia',NULL,NULL,'nonmember'),
(290,'A Istvan','Indonesia',NULL,NULL,'nonmember'),
(291,'R Johnson','United Kingdom',NULL,NULL,'elite'),
(292,'S Adams','Indonesia',NULL,NULL,'flyer'),
(293,'H Williams','Indonesia',NULL,NULL,'flyer'),
(294,'P Elliott  ','Australia',NULL,NULL,'hiflyer'),
(295,'Matthew Rooyakkers','Canada',NULL,NULL,'globetrotter'),
(296,'David Huggett','United Kingdom',NULL,NULL,'nonmember'),
(297,'C Phelps','Australia',NULL,NULL,'nonmember'),
(298,'R Cox','Australia',NULL,NULL,'nonmember'),
(299,'H Robertson','United Kingdom',NULL,NULL,'nonmember'),
(300,'Irfan Nugraha','Indonesia',NULL,NULL,'nonmember'),
(301,'H Cadiharti','Indonesia',NULL,NULL,'hiflyer'),
(302,'E Selloma','United Arab Emirates',NULL,NULL,'nonmember'),
(303,'Yehezkiel Kurnia Ardaniv','Indonesia',NULL,NULL,'flyer'),
(304,'Z Pidarhi','Indonesia',NULL,NULL,'nonmember'),
(305,'Filippo Bertoni','Italy',NULL,NULL,'nonmember'),
(306,'John Rodden','United Kingdom',NULL,NULL,'elite'),
(307,'Rendi Oktavianto ','Indonesia',NULL,NULL,'hiflyer'),
(308,'R Tadranda ','Indonesia',NULL,NULL,'nonmember'),
(309,'L Wilson','Indonesia',NULL,NULL,'globetrotter'),
(310,'P Stevenson','Malaysia',NULL,NULL,'flyer'),
(311,'Andrew Maile','Indonesia',NULL,NULL,'nonmember'),
(312,'M Hermanto','Indonesia',NULL,NULL,'nonmember'),
(313,'Steve Siauw','Japan',NULL,NULL,'globetrotter'),
(314,'S Hantonio','Indonesia',NULL,NULL,'nonmember'),
(315,'H Sadikya','Indonesia',NULL,NULL,'nonmember'),
(316,'I Miles','Indonesia',NULL,NULL,'nonmember'),
(317,'Yosef Riadi','Indonesia',NULL,NULL,'nonmember'),
(318,'Rene Vogt','Germany',NULL,NULL,'hiflyer'),
(319,'Lara Ayu','Japan',NULL,NULL,'nonmember'),
(320,'Filippo Bertoni','Indonesia',NULL,NULL,'nonmember'),
(321,'M Shan','Singapore',NULL,NULL,'nonmember'),
(322,'I Schumann','United Kingdom',NULL,NULL,'nonmember'),
(323,'S Siauw','Japan',NULL,NULL,'nonmember'),
(324,'Wei Jiat Wong','Malaysia',NULL,NULL,'nonmember'),
(325,'Bojan Tercon','Singapore',NULL,NULL,'elite'),
(326,'J Eastbourne','United Kingdom',NULL,NULL,'flyer'),
(327,'Feby Aristiavandana','Saudi Arabia',NULL,NULL,'flyer'),
(328,'Ryan Linchow','United States',NULL,NULL,'nonmember'),
(329,'Darma Gurusinga','Indonesia',NULL,NULL,'flyer'),
(330,'Darwin Candra','Indonesia',NULL,NULL,'nonmember'),
(331,'Rafi Harits','United Kingdom',NULL,NULL,'nonmember'),
(332,'Mohammad Iqbal','Indonesia',NULL,NULL,'nonmember'),
(333,'Murat Ayber','Turkey',NULL,NULL,'flyer'),
(334,'S Lubis','Indonesia',NULL,NULL,'nonmember'),
(335,'Saleha Matnom','Singapore',NULL,NULL,'nonmember'),
(336,'Alun Evans','Malaysia',NULL,NULL,'nonmember'),
(337,'Jesse Oey','Australia',NULL,NULL,'nonmember'),
(338,'H Connellan','Australia',NULL,NULL,'nonmember'),
(339,'E Robertson','Australia',NULL,NULL,'nonmember'),
(340,'Edward Santoso','Indonesia',NULL,NULL,'flyer'),
(341,'Dian Sumiskum','Indonesia',NULL,NULL,'nonmember'),
(342,'Adler Edsel','Indonesia',NULL,NULL,'nonmember'),
(343,'J Sumabrata','Indonesia',NULL,NULL,'nonmember'),
(344,'Johan Leung','Singapore',NULL,NULL,'nonmember'),
(345,'Caesar Nuzul','Indonesia',NULL,NULL,'nonmember'),
(346,'F Wolff','Netherlands',NULL,NULL,'hiflyer'),
(347,'Asmirah Naulita Siregar','Indonesia',NULL,NULL,'nonmember'),
(348,'Loh Chong Kit','Malaysia',NULL,NULL,'nonmember'),
(349,'R Harits','United Kingdom',NULL,NULL,'nonmember'),
(350,'Michael Rowe','United States',NULL,NULL,'flyer'),
(351,'Lexdan Lim','Singapore',NULL,NULL,'nonmember'),
(352,'Ikhsan Fauzi','Indonesia',NULL,NULL,'nonmember'),
(353,'Natalia Girsang','Indonesia',NULL,NULL,'nonmember'),
(354,'Hyunsoo Jeong','South Korea',NULL,NULL,'nonmember'),
(355,'Carl Andrade','Singapore',NULL,NULL,'nonmember'),
(356,'Alan Ward','United Kingdom',NULL,NULL,'nonmember'),
(357,'Vin Waymark','Netherlands',NULL,NULL,'flyer'),
(358,'Macaulay Davidson','Australia',NULL,NULL,'nonmember'),
(359,'Tim Holmgren','Germany',NULL,NULL,'hiflyer'),
(360,'D Baker','Australia',NULL,NULL,'nonmember'),
(361,'J Indra Buana','Australia',NULL,NULL,'nonmember'),
(362,'Ben Dashin','Australia',NULL,NULL,'flyer'),
(363,'S Jamat','Singapore',NULL,NULL,'nonmember'),
(364,'Pandu Waskito','United Kingdom',NULL,NULL,'nonmember'),
(365,'David Worcester','United Kingdom',NULL,NULL,'nonmember'),
(366,'K Doust','Australia',NULL,NULL,'nonmember'),
(367,'J Wilson','United Kingdom',NULL,NULL,'nonmember'),
(368,'Colin Pay','United Kingdom',NULL,NULL,'nonmember'),
(369,'Preetham Nazareth','United Arab Emirates',NULL,NULL,'nonmember'),
(370,'Malvin Lays','Indonesia',NULL,NULL,'nonmember'),
(371,'Kevin Basari','Netherlands',NULL,NULL,'flyer'),
(372,'Brian Pratama','Indonesia',NULL,NULL,'nonmember'),
(373,'Julie Dahl','Australia',NULL,NULL,'flyer'),
(374,'B Pratama','Indonesia',NULL,NULL,'flyer'),
(375,'A Tattersall','Australia',NULL,NULL,'nonmember'),
(376,'A Haurissa','Indonesia',NULL,NULL,'nonmember'),
(377,'Angga Martha','Indonesia',NULL,NULL,'nonmember'),
(378,'Mingxiu Huang','Singapore',NULL,NULL,'nonmember'),
(379,'Ivan Bonardo Pradipta Siahaan','Indonesia',NULL,NULL,'nonmember'),
(380,'S Maspaitella','Indonesia',NULL,NULL,'nonmember'),
(381,'Zico Jalal','Indonesia',NULL,NULL,'nonmember'),
(382,'Fauzan Putra','Indonesia',NULL,NULL,'nonmember'),
(383,'J Bacallado ','Spain',NULL,NULL,'nonmember'),
(384,'Michael Brien','Australia',NULL,NULL,'nonmember'),
(385,'Liam Pannam','Australia',NULL,NULL,'nonmember'),
(386,'Edward Santoso ','Indonesia',NULL,NULL,'nonmember'),
(387,'Triyatni Martokoesoemo','Singapore',NULL,NULL,'nonmember'),
(388,'Alex Gibson','Australia',NULL,NULL,'nonmember'),
(389,'Zico Ichlasul Jalal','Indonesia',NULL,NULL,'nonmember'),
(390,'A Andika','Indonesia',NULL,NULL,'nonmember'),
(391,'P Tracy','United States',NULL,NULL,'flyer'),
(392,'William Lay','Indonesia',NULL,NULL,'globetrotter'),
(393,'Anton Suwandi ','Indonesia',NULL,NULL,'nonmember'),
(394,'Thomas Kingston','United Kingdom',NULL,NULL,'hiflyer'),
(395,'M William','Indonesia',NULL,NULL,'nonmember'),
(396,'Matthew Tyler','United Kingdom',NULL,NULL,'nonmember'),
(397,'Iain Little','Australia',NULL,NULL,'nonmember'),
(398,'Pratama Brian Adam','Indonesia',NULL,NULL,'nonmember'),
(399,'Samuel Sembiring','Indonesia',NULL,NULL,'nonmember'),
(400,'F Tansil','United States',NULL,NULL,'nonmember'),
(401,'Bibhab Talukdar','India',NULL,NULL,'nonmember'),
(402,'P Tann','Australia',NULL,NULL,'nonmember'),
(403,'A Ahmed','United Kingdom',NULL,NULL,'nonmember'),
(404,'K Burnie','Australia',NULL,NULL,'nonmember'),
(405,'C Jensen','United States',NULL,NULL,'nonmember'),
(406,'Lukas Lumbantobing','Indonesia',NULL,NULL,'nonmember'),
(407,'Kelvin Tan','Singapore',NULL,NULL,'nonmember'),
(408,'James Pitkanen','Sweden',NULL,NULL,'nonmember'),
(409,'Johnson Chris','Australia',NULL,NULL,'nonmember'),
(410,'Q Tran','Vietnam',NULL,NULL,'nonmember'),
(411,'V Tennant','Australia',NULL,NULL,'nonmember'),
(412,'Muchlis Kevin','Indonesia',NULL,NULL,'nonmember'),
(413,'H Rust','United Kingdom',NULL,NULL,'nonmember'),
(414,'B Widjaja','Australia',NULL,NULL,'nonmember'),
(415,'Daru Ladunni','Indonesia',NULL,NULL,'nonmember'),
(416,'Kalyman Alexander','Indonesia',NULL,NULL,'nonmember'),
(417,'Phipps Gerard','Australia',NULL,NULL,'nonmember'),
(418,'Philomena Kilcline','United Kingdom',NULL,NULL,'nonmember'),
(419,'C Tim','United Kingdom',NULL,NULL,'nonmember'),
(420,'G Lesmana','Indonesia',NULL,NULL,'nonmember'),
(421,'E Moss','Australia',NULL,NULL,'nonmember'),
(422,'Holmgren Tim','Germany',NULL,NULL,'nonmember'),
(423,'T Bantios','Australia',NULL,NULL,'nonmember'),
(424,'I Clark','United Kingdom',NULL,NULL,'nonmember'),
(425,'Margo Adjie','Australia',NULL,NULL,'nonmember'),
(426,'R Gilbert','Switzerland',NULL,NULL,'nonmember'),
(427,'Al Goldring','Australia',NULL,NULL,'nonmember'),
(428,'Christian Dobbie','Australia',NULL,NULL,'nonmember'),
(429,'Liam Moulton','Indonesia',NULL,NULL,'nonmember'),
(430,'Stephan Noel','Australia',NULL,NULL,'nonmember'),
(431,'A Kearon','Australia',NULL,NULL,'nonmember'),
(432,'Suryanto Martinus Raharjo','Indonesia',NULL,NULL,'nonmember'),
(433,'David Bird','Australia',NULL,NULL,'nonmember'),
(434,'Heather McIntosh','Australia',NULL,NULL,'nonmember'),
(435,'R Ravenscroft','Australia',NULL,NULL,'nonmember'),
(436,'G McCullough','Australia',NULL,NULL,'nonmember'),
(437,'Azam Aslanov','Indonesia',NULL,NULL,'nonmember'),
(438,'Fransiskus Sena','Germany',NULL,NULL,'nonmember'),
(439,'W A Oosenbrug','Netherlands',NULL,NULL,'nonmember'),
(440,'V Sitaraman','India',NULL,NULL,'nonmember'),
(441,'Farel Silalahi','Indonesia',NULL,NULL,'nonmember'),
(442,'Mirella Bohan','Australia',NULL,NULL,'nonmember'),
(443,'Tony Hall','Australia',NULL,NULL,'nonmember'),
(444,'Szepetiuk Stefan','Germany',NULL,NULL,'nonmember'),
(445,'Lefevre Olivier','France',NULL,NULL,'nonmember'),
(446,'Fitriansyah Yudha','Indonesia',NULL,NULL,'nonmember'),
(447,'D Frey','Australia',NULL,NULL,'nonmember'),
(448,'Y Supartono','Malaysia',NULL,NULL,'nonmember'),
(449,'Ricardo Bacas','Netherlands',NULL,NULL,'nonmember'),
(450,'Wibisana Ariga','Indonesia',NULL,NULL,'nonmember'),
(451,'Mahdi Mahendra','Indonesia',NULL,NULL,'nonmember'),
(452,'Alan Tang','Netherlands',NULL,NULL,'nonmember'),
(453,'S Stephen','Switzerland',NULL,NULL,'nonmember'),
(454,'Agus Susanto','Indonesia',NULL,NULL,'nonmember'),
(455,'I Pras','Indonesia',NULL,NULL,'nonmember'),
(456,'Wilson Thanos','Indonesia',NULL,NULL,'nonmember'),
(457,'Kleyn Nick','Australia',NULL,NULL,'nonmember'),
(458,'Handoko Taniwidjojo','Indonesia',NULL,NULL,'nonmember'),
(459,'Gurusinga Darma','Indonesia',NULL,NULL,'nonmember'),
(460,'T Stefanus','Indonesia',NULL,NULL,'nonmember'),
(461,'Johannes Gunawanto','Indonesia',NULL,NULL,'nonmember'),
(462,'Zumot Ghassan','Australia',NULL,NULL,'nonmember'),
(463,'Steviandi Siauw','Indonesia',NULL,NULL,'nonmember'),
(464,'Anda Andika','Indonesia',NULL,NULL,'nonmember'),
(465,'P Ricky','Indonesia',NULL,NULL,'nonmember'),
(466,'J Indra','Australia',NULL,NULL,'nonmember'),
(467,'Oleksandr Bilykh','Germany',NULL,NULL,'nonmember'),
(468,'Ali Jacques','Australia',NULL,NULL,'nonmember'),
(469,'Bilykh Olexandr','Germany',NULL,NULL,'nonmember'),
(470,'Gunawan Sadewo','Indonesia',NULL,NULL,'nonmember'),
(471,'R Nelson','Australia',NULL,NULL,'nonmember'),
(472,'E Harmon','Australia',NULL,NULL,'nonmember'),
(473,'M Lays','Indonesia',NULL,NULL,'nonmember'),
(474,'Tercon Bojan','Singapore',NULL,NULL,'nonmember'),
(475,'Kosovar Xhokli','Netherlands',NULL,NULL,'nonmember'),
(476,'Marini Fitria Thamrin','Indonesia',NULL,NULL,'nonmember'),
(477,'G Jennings','Australia',NULL,NULL,'nonmember'),
(478,'Gabriella Wesley','United States',NULL,NULL,'nonmember'),
(479,'Wiraditma Prananta','Indonesia',NULL,NULL,'nonmember'),
(480,'B Owen','Australia',NULL,NULL,'nonmember'),
(481,'G Gifari','Australia',NULL,NULL,'nonmember'),
(482,'J Salim','Australia',NULL,NULL,'nonmember'),
(483,'Davide Greco','Italy',NULL,NULL,'nonmember'),
(484,'Otniel Parlin','Indonesia',NULL,NULL,'nonmember'),
(485,'Andrea Martignoni','Australia',NULL,NULL,'nonmember'),
(486,'Anggoro Andri','Indonesia',NULL,NULL,'nonmember'),
(487,'R Veldhuizen','Netherlands',NULL,NULL,'nonmember'),
(488,'Jonathan Rodden','Indonesia',NULL,NULL,'nonmember'),
(489,'S Jow','Indonesia',NULL,NULL,'nonmember'),
(490,'Hengky Harun','Australia',NULL,NULL,'nonmember'),
(491,'Febrian Jose','Indonesia',NULL,NULL,'nonmember'),
(492,'Victor Nathanael','Indonesia',NULL,NULL,'nonmember'),
(493,'J Andriani','Germany',NULL,NULL,'nonmember'),
(494,'Andreas Agusto','Indonesia',NULL,NULL,'nonmember'),
(495,'A Weinberg','Australia',NULL,NULL,'nonmember'),
(496,'W Pandu','Indonesia',NULL,NULL,'nonmember'),
(497,'J Arturas','Netherlands',NULL,NULL,'nonmember'),
(498,'D Ang','Australia',NULL,NULL,'nonmember'),
(499,'P Wong','Malaysia',NULL,NULL,'nonmember'),
(500,'F Wong','Hong Kong',NULL,NULL,'nonmember'),
(501,'T Nielsen','Indonesia',NULL,NULL,'nonmember'),
(502,'T Nielsen','Sweden',NULL,NULL,'nonmember'),
(503,'C Kevin Santoso','Indonesia',NULL,NULL,'nonmember'),
(504,'S Stephen','Indonesia',NULL,NULL,'nonmember'),
(505,'Yonatan Kusnadi','Indonesia',NULL,NULL,'nonmember'),
(506,'Timothy Drisst','Indonesia',NULL,NULL,'nonmember'),
(507,'Sihombing Leo','Indonesia',NULL,NULL,'nonmember'),
(508,'Maria Ioana','Romania',NULL,NULL,'nonmember'),
(509,'Tambun Harris','Indonesia',NULL,NULL,'nonmember'),
(510,'N Fauzi','Indonesia',NULL,NULL,'nonmember'),
(511,'V Nathanael','Indonesia',NULL,NULL,'nonmember'),
(512,'P Cox','Australia',NULL,NULL,'nonmember'),
(513,'Tsui CH','Indonesia',NULL,NULL,'nonmember'),
(514,'R Thompson','United Arab Emirates',NULL,NULL,'nonmember'),
(515,'Stephen Santoso','Indonesia',NULL,NULL,'nonmember'),
(516,'Arief Nazafa','Indonesia',NULL,NULL,'nonmember'),
(517,'Fictor Vincentius','Indonesia',NULL,NULL,'nonmember'),
(518,'Aldo Samulo','Indonesia',NULL,NULL,'nonmember'),
(519,'Jakha Indra','Indonesia',NULL,NULL,'nonmember'),
(520,'M Fallows','Australia',NULL,NULL,'nonmember'),
(521,'Ahmad Salim','Indonesia',NULL,NULL,'nonmember'),
(522,'Karen Clark','Australia',NULL,NULL,'nonmember'),
(523,'Gina Vianty','Indonesia',NULL,NULL,'nonmember'),
(524,'Rafi Pramadio','Indonesia',NULL,NULL,'nonmember'),
(525,'N Victor','Indonesia',NULL,NULL,'nonmember'),
(526,'A Bor','France',NULL,NULL,'nonmember'),
(527,'Antonio Jefferson','United States',NULL,NULL,'nonmember'),
(528,'Zainab Sitta','Indonesia',NULL,NULL,'nonmember'),
(529,'J Morgan','Australia',NULL,NULL,'nonmember'),
(530,'Michael Gordon','Australia',NULL,NULL,'nonmember'),
(531,'Stefania Mendoza Navarette','Spain',NULL,NULL,'nonmember'),
(532,'Murray Groves','Australia',NULL,NULL,'nonmember'),
(533,'Tofik Nurochman','Indonesia',NULL,NULL,'nonmember'),
(534,'Ade Maulana','Indonesia',NULL,NULL,'nonmember'),
(535,'A Kusnierczak','Thailand',NULL,NULL,'nonmember'),
(536,'Adhitya Wardhana','Indonesia',NULL,NULL,'nonmember'),
(537,'Rona Marginung','Indonesia',NULL,NULL,'nonmember'),
(538,'Kevin Chang','Singapore',NULL,NULL,'nonmember'),
(539,'Dave Egginton','Indonesia',NULL,NULL,'nonmember'),
(540,'D Fynn','United Kingdom',NULL,NULL,'nonmember'),
(541,'Dimas C Saputra','Indonesia',NULL,NULL,'nonmember'),
(542,'K Cameron','Indonesia',NULL,NULL,'nonmember'),
(543,'R Hatcher','Australia',NULL,NULL,'nonmember'),
(544,'Eleonora Micallef','Malta',NULL,NULL,'nonmember'),
(545,'Aidan Watt','Australia',NULL,NULL,'nonmember'),
(546,'Wui ling Ong','Australia',NULL,NULL,'nonmember'),
(547,'P Liem','Indonesia',NULL,NULL,'nonmember'),
(548,'Christopher Jermia','United States',NULL,NULL,'nonmember'),
(549,'S Phan','Thailand',NULL,NULL,'nonmember'),
(550,'T Daynasi','Indonesia',NULL,NULL,'nonmember'),
(551,'Norman Kamarudin','Malaysia',NULL,NULL,'nonmember'),
(552,'Shih Yuin Chew','Malaysia',NULL,NULL,'nonmember'),
(553,'Jaspreet Hura','Malaysia',NULL,NULL,'nonmember'),
(554,'K Miller','Australia',NULL,NULL,'nonmember'),
(555,'A Harsham','Malaysia',NULL,NULL,'nonmember'),
(556,'M Ahlman','Sweden',NULL,NULL,'nonmember'),
(557,'T Marten','United Kingdom',NULL,NULL,'nonmember'),
(558,'W Cheng','Malaysia',NULL,NULL,'nonmember'),
(559,'Chantelle Howard','Australia',NULL,NULL,'nonmember'),
(560,'S Bafiqah','Malaysia',NULL,NULL,'nonmember'),
(561,'Anu Thapa Chhetri','New Zealand',NULL,NULL,'nonmember'),
(562,'Borna V Verra','Australia',NULL,NULL,'nonmember'),
(563,'M Paltan','Australia',NULL,NULL,'nonmember'),
(564,'R Luckman','Australia',NULL,NULL,'nonmember'),
(565,'C Han','Malaysia',NULL,NULL,'nonmember'),
(566,'Abdul Basit Munes','Australia',NULL,NULL,'nonmember'),
(567,'B van Halteren','Netherlands',NULL,NULL,'nonmember'),
(568,'L Barten','Australia',NULL,NULL,'nonmember'),
(569,'Jeff Brown','Australia',NULL,NULL,'nonmember'),
(570,'R Wilson','United Kingdom',NULL,NULL,'nonmember'),
(571,'Mercedes Berms','Australia',NULL,NULL,'nonmember'),
(572,'H Herman','Indonesia',NULL,NULL,'nonmember'),
(573,'Daya Weerasinghe','Sri Lanka',NULL,NULL,'nonmember'),
(574,'S Hanirath','India',NULL,NULL,'nonmember'),
(575,'Ashish Wadhwa','New Zealand',NULL,NULL,'nonmember'),
(576,'Rae Angelo Tan','Australia',NULL,NULL,'nonmember'),
(577,'G Kan','Malaysia',NULL,NULL,'nonmember'),
(578,'R Gonzaga','Malaysia',NULL,NULL,'elite'),
(579,'Mochamad Nalendra Pradono','Indonesia',NULL,NULL,'nonmember'),
(580,'C Carmin','Australia',NULL,NULL,'nonmember'),
(581,'Satyajit Sarkar','Australia',NULL,NULL,'nonmember'),
(582,'Sathish Kumar Balakrishnan','India',NULL,NULL,'nonmember'),
(583,'N Karuna','India',NULL,NULL,'nonmember'),
(584,'S Martin','Australia',NULL,NULL,'nonmember'),
(585,'Olwen Williams','Hong Kong',NULL,NULL,'nonmember'),
(586,'S Berton','Malaysia',NULL,NULL,'nonmember'),
(587,'Maybelline Tan','Singapore',NULL,NULL,'nonmember'),
(588,'S Allen','Australia',NULL,NULL,'nonmember'),
(589,'K Magars','Nepal',NULL,NULL,'nonmember'),
(590,'E Karelli','Australia',NULL,NULL,'flyer'),
(591,'S Horton','Netherlands',NULL,NULL,'nonmember'),
(592,'Paul Antonin','Indonesia',NULL,NULL,'nonmember'),
(593,'Jen Lee','Canada',NULL,NULL,'nonmember'),
(594,'N Rasuvan','India',NULL,NULL,'nonmember'),
(595,'Safa Arani','Australia',NULL,NULL,'nonmember'),
(596,'C Lansati','Italy',NULL,NULL,'nonmember'),
(597,'Lalu Aziz','United Arab Emirates',NULL,NULL,'nonmember'),
(598,'Sarah Akbari','Malaysia',NULL,NULL,'nonmember'),
(599,'Anju Aggarwal','India',NULL,NULL,'nonmember'),
(600,'Mayoori Pannir','Malaysia',NULL,NULL,'nonmember'),
(601,'J Mardon','Singapore',NULL,NULL,'nonmember'),
(602,'G Ng','Singapore',NULL,NULL,'nonmember'),
(603,'A Ong','Singapore',NULL,NULL,'nonmember'),
(604,'Craig McClure','Australia',NULL,NULL,'nonmember'),
(605,'D Harshanal','Vietnam',NULL,NULL,'nonmember'),
(606,'K Goh','Singapore',NULL,NULL,'nonmember'),
(607,'C Hanmer','Australia',NULL,NULL,'nonmember'),
(608,'Pragya Devkota','Australia',NULL,NULL,'nonmember'),
(609,'Rita Chen','Morocco',NULL,NULL,'nonmember'),
(610,'W Nik','Malaysia',NULL,NULL,'nonmember'),
(611,'M Scott','Australia',NULL,NULL,'nonmember'),
(612,'Rahat Hossen','Singapore',NULL,NULL,'nonmember'),
(613,'Charissa Pillay','Australia',NULL,NULL,'nonmember'),
(614,'Nand Kumar','Malaysia',NULL,NULL,'nonmember'),
(615,'E Meade','Australia',NULL,NULL,'nonmember'),
(616,'V Wolfram','Germany',NULL,NULL,'nonmember'),
(617,'B Daniels','Canada',NULL,NULL,'nonmember'),
(618,'Rajat Shresty','India',NULL,NULL,'nonmember'),
(619,'G Katish','India',NULL,NULL,'nonmember'),
(620,'C Ito','Japan',NULL,NULL,'nonmember'),
(621,'F Sexton','Australia',NULL,NULL,'nonmember'),
(622,'B Gregory','Australia',NULL,NULL,'nonmember'),
(623,'Romita Agarwal','India',NULL,NULL,'nonmember'),
(624,'Magda Angelina','Indonesia',NULL,NULL,'flyer'),
(625,'A Derman','Pakistan',NULL,NULL,'nonmember'),
(626,'Gladys Thielemans','Indonesia',NULL,NULL,'nonmember'),
(627,'S Hale','Australia',NULL,NULL,'nonmember'),
(628,'S Pallemayr','Austria',NULL,NULL,'nonmember'),
(629,'M Sahad','Australia',NULL,NULL,'nonmember'),
(630,'Ibn Ali Syed','Malaysia',NULL,NULL,'nonmember'),
(631,'D Escott','Indonesia',NULL,NULL,'nonmember'),
(632,'S Herka','Australia',NULL,NULL,'nonmember'),
(633,'Radim Muller','Czech Republic',NULL,NULL,'nonmember'),
(634,'N. van Horn','Netherlands',NULL,NULL,'nonmember'),
(635,'Kaoutat Berrada','France',NULL,NULL,'nonmember'),
(636,'T Karvinder','Malaysia',NULL,NULL,'nonmember'),
(637,'Jeanine de Almeida','Australia',NULL,NULL,'nonmember'),
(638,'Ibrahim Saalik','United Arab Emirates',NULL,NULL,'nonmember'),
(639,'Jamal Mohiadeen','Malaysia',NULL,NULL,'nonmember'),
(640,'Sumit Lohia','Indonesia',NULL,NULL,'nonmember'),
(641,'Gary Ward','Indonesia',NULL,NULL,'nonmember'),
(642,'A Farlan','United Kingdom',NULL,NULL,'nonmember'),
(643,'Thomas Callahan','Australia',NULL,NULL,'nonmember'),
(644,'Toby Wren','Taiwan',NULL,NULL,'nonmember'),
(645,'W Manarlo','Indonesia',NULL,NULL,'globetrotter'),
(646,'Glenn McGee','Australia',NULL,NULL,'globetrotter'),
(647,'A Gruber','Australia',NULL,NULL,'nonmember'),
(648,'Andrew Tucker','Australia',NULL,NULL,'globetrotter'),
(649,'L Wallarma','Indonesia',NULL,NULL,'nonmember'),
(650,'L Garner','Indonesia',NULL,NULL,'elite'),
(651,'F Steneco','Indonesia',NULL,NULL,'nonmember'),
(652,'M Lawson','Indonesia',NULL,NULL,'globetrotter'),
(653,'G Jalawam','Indonesia',NULL,NULL,'nonmember'),
(654,'W Marlin','Singapore',NULL,NULL,'globetrotter'),
(655,'T Wasela','Indonesia',NULL,NULL,'globetrotter'),
(656,'Jon Roscoe','Indonesia',NULL,NULL,'flyer'),
(657,'Mohamed Elgohary','United Arab Emirates',NULL,NULL,'nonmember'),
(658,'Sandra Ulrich','Austria',NULL,NULL,'nonmember'),
(659,'C Keale','United States',NULL,NULL,'flyer'),
(660,'Detlef Gerritzen','Switzerland',NULL,NULL,'nonmember'),
(661,'W Gazler','Indonesia',NULL,NULL,'elite'),
(662,'Marvel Raphael','Indonesia',NULL,NULL,'flyer'),
(663,'J Hardan','Singapore',NULL,NULL,'flyer'),
(664,'Cahya K Wardhani','Indonesia',NULL,NULL,'flyer'),
(665,'T Wells','Singapore',NULL,NULL,'nonmember'),
(666,'D Pearson','Australia',NULL,NULL,'nonmember'),
(667,'Marjolein Visser','Netherlands',NULL,NULL,'nonmember'),
(668,'M Seaton','Australia',NULL,NULL,'nonmember'),
(669,'M Maruyanda','Indonesia',NULL,NULL,'hiflyer'),
(670,'E Kan','Malaysia',NULL,NULL,'nonmember'),
(671,'H Maldino','Indonesia',NULL,NULL,'nonmember'),
(672,'A King','Malaysia',NULL,NULL,'globetrotter'),
(673,'H Leare','United States',NULL,NULL,'nonmember'),
(674,'S Maligus','Indonesia',NULL,NULL,'nonmember'),
(675,'Andi Muhammad','Indonesia',NULL,NULL,'nonmember'),
(676,'Kathleen Hayward','Australia',NULL,NULL,'nonmember'),
(677,'Alan Hart','Australia',NULL,NULL,'nonmember'),
(678,'H Marlen','Indonesia',NULL,NULL,'nonmember'),
(679,'Oemar Ichsan','Indonesia',NULL,NULL,'flyer'),
(680,'P Latura','Indonesia',NULL,NULL,'nonmember'),
(681,'Iman Persada','Indonesia',NULL,NULL,'nonmember'),
(682,'M Kitson','Indonesia',NULL,NULL,'flyer'),
(683,'M Panavan','Indonesia',NULL,NULL,'nonmember'),
(684,'S Gallen','Indonesia',NULL,NULL,'nonmember'),
(685,'K Paranutra','Indonesia',NULL,NULL,'globetrotter'),
(686,'Y Munandra','Indonesia',NULL,NULL,'hiflyer'),
(687,'K Hansman','Netherlands',NULL,NULL,'nonmember'),
(688,'Adhy Wirachman','Indonesia',NULL,NULL,'flyer'),
(689,'Stanley Kon','Singapore',NULL,NULL,'nonmember'),
(690,'T Chan','Indonesia',NULL,NULL,'hiflyer'),
(691,'M Shamaruddin','Malaysia',NULL,NULL,'elite'),
(692,'S Manaruddin','Malaysia',NULL,NULL,'elite'),
(693,'C Peng','Indonesia',NULL,NULL,'hiflyer'),
(694,'Ananda AlKahfi','Indonesia',NULL,NULL,'nonmember'),
(695,'D Jayana','Indonesia',NULL,NULL,'nonmember'),
(696,'D Galanak','Indonesia',NULL,NULL,'nonmember'),
(697,'Putra Kanyawata','Indonesia',NULL,NULL,'nonmember'),
(698,'Lucas Hainsworth','Australia',NULL,NULL,'nonmember'),
(699,'James Lay','Indonesia',NULL,NULL,'globetrotter'),
(700,'L Wilson ','Singapore',NULL,NULL,'globetrotter'),
(701,'Hari Cenire','Singapore',NULL,NULL,'nonmember');
/*!40000 ALTER TABLE `Reviewer` ENABLE KEYS */;
UNLOCK TABLES;
/*!50003 SET @saved_cs_client      = @@character_set_client */ ;
/*!50003 SET @saved_cs_results     = @@character_set_results */ ;
/*!50003 SET @saved_col_connection = @@collation_connection */ ;
/*!50003 SET character_set_client  = utf8mb3 */ ;
/*!50003 SET character_set_results = utf8mb3 */ ;
/*!50003 SET collation_connection  = utf8mb3_general_ci */ ;
/*!50003 SET @saved_sql_mode       = @@sql_mode */ ;
/*!50003 SET sql_mode              = 'STRICT_TRANS_TABLES,ERROR_FOR_DIVISION_BY_ZERO,NO_AUTO_CREATE_USER,NO_ENGINE_SUBSTITUTION' */ ;
DELIMITER ;;
/*!50003 CREATE*/ /*!50017 DEFINER=`root`@`localhost`*/ /*!50003 TRIGGER prevent_downgrade
            BEFORE UPDATE ON Reviewer
            FOR EACH ROW
            BEGIN
                IF NEW.membership_type = 'nonmember' AND OLD.membership_type != 'nonmember' THEN
                    SIGNAL SQLSTATE '45000' SET MESSAGE_TEXT = 'Cannot downgrade to nonmember!';
                END IF;
            END */;;
DELIMITER ;
/*!50003 SET sql_mode              = @saved_sql_mode */ ;
/*!50003 SET character_set_client  = @saved_cs_client */ ;
/*!50003 SET character_set_results = @saved_cs_results */ ;
/*!50003 SET collation_connection  = @saved_col_connection */ ;
/*!40103 SET TIME_ZONE=@OLD_TIME_ZONE */;

/*!40101 SET SQL_MODE=@OLD_SQL_MODE */;
/*!40014 SET FOREIGN_KEY_CHECKS=@OLD_FOREIGN_KEY_CHECKS */;
/*!40014 SET UNIQUE_CHECKS=@OLD_UNIQUE_CHECKS */;
/*!40101 SET CHARACTER_SET_CLIENT=@OLD_CHARACTER_SET_CLIENT */;
/*!40101 SET CHARACTER_SET_RESULTS=@OLD_CHARACTER_SET_RESULTS */;
/*!40101 SET COLLATION_CONNECTION=@OLD_COLLATION_CONNECTION */;
/*!40111 SET SQL_NOTES=@OLD_SQL_NOTES */;

-- Dump completed on 2024-08-01 21:32:57
