-- MariaDB dump 10.19-11.3.2-MariaDB, for Win64 (AMD64)
--
-- Host: localhost    Database: seleksibasdat
-- ------------------------------------------------------
-- Server version	11.3.2-MariaDB

/*!40101 SET @OLD_CHARACTER_SET_CLIENT=@@CHARACTER_SET_CLIENT */;
/*!40101 SET @OLD_CHARACTER_SET_RESULTS=@@CHARACTER_SET_RESULTS */;
/*!40101 SET @OLD_COLLATION_CONNECTION=@@COLLATION_CONNECTION */;
/*!40101 SET NAMES utf8mb4 */;
/*!40103 SET @OLD_TIME_ZONE=@@TIME_ZONE */;
/*!40103 SET TIME_ZONE='+00:00' */;
/*!40014 SET @OLD_UNIQUE_CHECKS=@@UNIQUE_CHECKS, UNIQUE_CHECKS=0 */;
/*!40014 SET @OLD_FOREIGN_KEY_CHECKS=@@FOREIGN_KEY_CHECKS, FOREIGN_KEY_CHECKS=0 */;
/*!40101 SET @OLD_SQL_MODE=@@SQL_MODE, SQL_MODE='NO_AUTO_VALUE_ON_ZERO' */;
/*!40111 SET @OLD_SQL_NOTES=@@SQL_NOTES, SQL_NOTES=0 */;

--
-- Table structure for table `category`
--

DROP TABLE IF EXISTS `category`;
/*!40101 SET @saved_cs_client     = @@character_set_client */;
/*!40101 SET character_set_client = utf8 */;
CREATE TABLE `category` (
  `category_name` varchar(255) NOT NULL,
  `category_description` varchar(255) DEFAULT NULL,
  PRIMARY KEY (`category_name`)
) ENGINE=InnoDB DEFAULT CHARSET=utf8mb4 COLLATE=utf8mb4_general_ci;
/*!40101 SET character_set_client = @saved_cs_client */;

--
-- Dumping data for table `category`
--

LOCK TABLES `category` WRITE;
/*!40000 ALTER TABLE `category` DISABLE KEYS */;
INSERT INTO `category` VALUES
('\n👨‍💻 Software','Description for \n👨‍💻 Software'),
(' Entertainment','Description for  Entertainment'),
(' Medical devices','Description for  Medical devices'),
(' ₿ Bitcoin','Description for  ₿ Bitcoin'),
(' ⚡ Energy','Description for  ⚡ Energy'),
(' 🏭 Manufacturing','Description for  🏭 Manufacturing'),
(' 🛒 Supermarket Chains','Description for  🛒 Supermarket Chains'),
(' 📡 Telecommunications equipment','Description for  📡 Telecommunications equipment'),
('⌚ Luxury goods','Description for ⌚ Luxury goods'),
('⚕️ Diagnostics and Testing','Description for ⚕️ Diagnostics and Testing'),
('⚕️ Healthcare','Description for ⚕️ Healthcare'),
('⚙️ Machinery manufacturing','Description for ⚙️ Machinery manufacturing'),
('🚀 Aerospace','Description for 🚀 Aerospace'),
('🦾 AI','Description for 🦾 AI'),
('🍷 Alcoholic beverages','Description for 🍷 Alcoholic beverages'),
('🚗 Automakers','Description for 🚗 Automakers'),
('🤖 Autonomous driving','Description for 🤖 Autonomous driving'),
('🏦 Banks','Description for 🏦 Banks'),
('🥤 Beverages','Description for 🥤 Beverages'),
('🧬 Biotech','Description for 🧬 Biotech'),
('🧪 Chemicals','Description for 🧪 Chemicals'),
('👚 Clothing','Description for 👚 Clothing'),
('🏙 Conglomerate','Description for 🏙 Conglomerate'),
('🛍 Consumer goods','Description for 🛍 Consumer goods'),
('💄 Cosmetics and Beauty','Description for 💄 Cosmetics and Beauty'),
('🔫 Defense contractors','Description for 🔫 Defense contractors'),
('🛒 E-Commerce','Description for 🛒 E-Commerce'),
('🔋 Electric Vehicles','Description for 🔋 Electric Vehicles'),
('🔋 Electricity','Description for 🔋 Electricity'),
('🔌 Electronics','Description for 🔌 Electronics'),
('💳 Financial services','Description for 💳 Financial services'),
('🍴 Food','Description for 🍴 Food'),
('🏦 Insurance','Description for 🏦 Insurance'),
('💰 Investment','Description for 💰 Investment'),
('📰 Media/Press','Description for 📰 Media/Press'),
('📞 Networking hardware','Description for 📞 Networking hardware'),
('🛢 Oil&Gas','Description for 🛢 Oil&Gas'),
('💊 Pharmaceuticals','Description for 💊 Pharmaceuticals'),
('💼 Professional services','Description for 💼 Professional services'),
('🚂 Railways','Description for 🚂 Railways'),
('🌞 Renewable energy','Description for 🌞 Renewable energy'),
('🍔 Restaurant chains','Description for 🍔 Restaurant chains'),
('🔬 Scientific & Technical Instruments','Description for 🔬 Scientific & Technical Instruments'),
('📟 Semiconductors','Description for 📟 Semiconductors'),
('💻 Tech Hardware','Description for 💻 Tech Hardware'),
('📡 Telecommunication','Description for 📡 Telecommunication'),
('🚬 Tobacco','Description for 🚬 Tobacco'),
('🚚 Transportation','Description for 🚚 Transportation'),
('🚰 Utility companies','Description for 🚰 Utility companies'),
('🎮 Video games','Description for 🎮 Video games'),
('🔌​ EV charging','Description for 🔌​ EV charging'),
('👩‍💻 Tech','Description for 👩‍💻 Tech'),
('🕹️ Esports','Description for 🕹️ Esports'),
('🛣️ Infrastructure','Description for 🛣️ Infrastructure'),
('🖥️ Internet','Description for 🖥️ Internet'),
('🖥️ IT services','Description for 🖥️ IT services'),
('🛍️ Retail','Description for 🛍️ Retail'),
('🇫🇷 CAC 40','Description for 🇫🇷 CAC 40'),
('🇩🇪 DAX','Description for 🇩🇪 DAX'),
('🇺🇸 Dow jones','Description for 🇺🇸 Dow jones');
/*!40000 ALTER TABLE `category` ENABLE KEYS */;
UNLOCK TABLES;

--
-- Table structure for table `company`
--

DROP TABLE IF EXISTS `company`;
/*!40101 SET @saved_cs_client     = @@character_set_client */;
/*!40101 SET character_set_client = utf8 */;
CREATE TABLE `company` (
  `company_name` varchar(255) NOT NULL,
  `description` text DEFAULT NULL,
  `country_name` varchar(255) DEFAULT NULL,
  PRIMARY KEY (`company_name`),
  KEY `country_name` (`country_name`),
  CONSTRAINT `company_ibfk_1` FOREIGN KEY (`country_name`) REFERENCES `country` (`country_name`)
) ENGINE=InnoDB DEFAULT CHARSET=utf8mb4 COLLATE=utf8mb4_general_ci;
/*!40101 SET character_set_client = @saved_cs_client */;

--
-- Dumping data for table `company`
--

LOCK TABLES `company` WRITE;
/*!40000 ALTER TABLE `company` DISABLE KEYS */;
INSERT INTO `company` VALUES
('Abbott Laboratories','Abbott Laboratories (ABT), (founding name: Abbott Alkaloid Company) is a global pharmaceutical company with around 73,000 employees in 150 countries. Abbott was founded in 1888 by Wallace C. Abbott (1857-1921) and is headquartered in Abbott Park, a northern suburb of Chicago, Illinois.',' USA'),
('AbbVie','The biotechnology and pharmaceutical company Abbvie, spelled AbbVie, was founded in 2013 as a spin-off from Abbott Laboratories and is traded on the NYSE stock exchange in the S&P 100 index under the symbol “ABBV”.',' USA'),
('Accenture','\nAccenture plc is a major Irish-American professional services company with headquarters in Dublin.\nAccenture provides consulting services and solutions for a large variety of industries such as: Health, Aerospace, Energy, Retail, Automobile and Banking. ',' Ireland'),
('Adobe','Adobe Inc. is an American software company registered in the state of Delaware. It was founded in 1982 by John Warnock and Charles Geschke, the inventors of the PostScript page description language.',' USA'),
('Agricultural Bank of China','No description available',' China'),
('Alibaba','The company had 4,400 permanent employees in 2007, and the number of employees rose to around 66,500 by 2018. At the company u. a. Yahoo and Softbank involved. Sales on Alibaba Group\'s Chinese retail platforms totaled over 4.8 trillion yuan ($677 billion) in 2017.',' China'),
('Alphabet (Google)','Alphabet Inc. is a listed US holding company of the former Google LLC, which continues to exist as a subsidiary. The headquarters is Mountain View in Silicon Valley. The company is led by Sundar Pichai as CEO.',' USA'),
('Amazon','Amazon.com, Inc. is an American online retailer with a wide range of products. According to its own information, Amazon, as the market leader in Internet trade, has the world\'s largest selection of books, CDs and videos. Via the integrated sales platform Marketplace, private individuals or other companies can also offer new and used products as part of online trading. The Amazon Kindle is sold under its own brand as a reader for electronic books, the Amazon Fire HD tablet computer, the Fire TV set-top box, the Fire TV Stick HDMI stick and the Echo speech recognition system.',' USA'),
('AMD','Advanced Micro Devices (AMD) is an American chip developer headquartered in Santa Clara, California. AMD develops and produces microprocessors, chipsets, graphics chips and system-on-chip (SoC) solutions for the computer, communication and consumer industries. AMD has been fabless since the actual semiconductor production was spun off in Globalfoundries in 2009. The company has been listed in the Standard & Poor\'s 500 stock index since March 20, 2017, has around 9,700 employees worldwide and is the world\'s second largest x86 processor manufacturer after Intel (as of 2011). The company\'s shares were traded on the New York Stock Exchange from 1979 to 2014, and have been listed on NASDAQ since January 2, 2015.',' USA'),
('American Express','The American Express Company, often abbreviated Amex, AmEx, AX or Amexco, is a global provider of financial services based in New York City, USA. The company is best known for its charge card, credit card, and traveler\'s cheque businesses.',' USA'),
('Amgen','The biotechnology company Amgen was founded in 1980 as AMGen. With approximately 20,000 employees, Amgen is one of the world\'s largest biotechnology companies with annual sales of approximately $ 24 billion in 2018.',' USA'),
('Apple','Apple Inc. is an American hardware and software developer and technology company that develops and sells computers, smartphones and consumer electronics as well as operating systems and application software. Apple also operates internet sales portals for music, films and software.',' USA'),
('Applied Materials','Applied Materials, Inc. is one of the world\'s largest semiconductor companies.\nThe company supplies equipment, services and software for the manufacture of semiconductor chips for electronics, flat panel displays for computers, smartphones, televisions, and solar products.\n',' USA'),
('ASML','No description available',' Netherlands'),
('AstraZeneca','No description available',' UK'),
('AT&T','AT&T Inc. is a North American telecommunications company. In addition to telephone, data and video telecommunications, AT&T also provides mobile communications and internet services for companies, private customers and government organizations. AT&T has long had a monopoly in the United States and Canada.',' USA'),
('Bank of America ','Bank of America Corporation is a major US bank headquartered in Charlotte, North Carolina. The company was at times the largest credit institution in the United States.',' USA'),
('Bank of China','No description available',' China'),
('Berkshire Hathaway ','Berkshire Hathaway Inc. is an American holding company, whose conglomerate includes over 80 companies with activities spanning a wide range of business areas, including insurance and reinsurance, rail freight, energy supply, financial services, manufacturing, and wholesale and retail. The chairman is the major US investor and multi-billionaire Warren Buffett.',' USA'),
('Broadcom','Broadcom is a semiconductor company based in San José, California. The company was the semiconductor product division of Hewlett-Packard and later Agilent prior to its spin-off.',' USA'),
('Caterpillar','Caterpillar Inc. is the world\'s largest construction equipment manufacturer with headquarters in Peoria, Illinois. In addition to construction machinery, Caterpillar also manufactures diesel engines, gas engines and industrial gas turbines.',' USA'),
('Chevron','No description available',' USA'),
('China Construction Bank','No description available',' China'),
('China Mobile','China Mobile Ltd. is the world\'s largest mobile operator by customer base and is listed on the Hong Kong Stock Exchange. The company was entered in the Hong Kong Commercial Register under the name China Telecom in 1997 and changed it to China Mobile in 2000.',' China'),
('Cisco','Cisco Systems, Inc. is an American company in the telecommunications industry. It is primarily known for its routers and switches, which are used by a substantial part of the Internet backbones.\nCisco was founded in December 1984 by a group of scientists (primarily Leonard Bosack and Sandy Lerner) from Stanford University near San Francisco.',' USA'),
('Coca-Cola','The Coca-Cola Company is an American beverage company specializing in soft drinks and based in Atlanta, Georgia in the United States. CEO is James Quincey. The Coca-Cola Company describes itself as the largest beverage company worldwide.\n',' USA'),
('Comcast','No description available',' USA'),
('Commonwealth Bank','The Commonwealth Bank of Australia Ltd. (abbreviated CBA or CommBank) is an Australian financial services company based in Sydney. It is the largest bank in Australia and the 45th largest bank in the world in terms of assets under management.',' Australia'),
('Costco','Costco Wholesale Corporation is an American wholesale chain with headquarters in Issaquah near Seattle, Washington State.',' USA'),
('Danaher','No description available',' USA'),
('Eli Lilly','With over 33,000 employees worldwide, production plants in 13 countries and annual sales of over $22 billion worldwide, Eli Lilly and Company is one of the largest pharmaceutical companies in the world. It was founded in Indianapolis in 1876 by the pharmacologist, officer and entrepreneur Eli Lilly.',' USA'),
('Exxon Mobil','No description available',' USA'),
('Fomento Económico Mexicano','No description available',' Mexico'),
('General Electric','No description available',' USA'),
('Goldman Sachs','No description available',' USA'),
('HDFC Bank','No description available',' India'),
('Hermès','No description available',' France'),
('Home Depot','The Home Depot, Inc is an American home improvement chain based in Atlanta. It operates 2,284 DIY stores (as of April 2018) in North America (USA, Canada, Mexico, Puerto Rico) and claims to be the largest DIY store chain in the world. The company has over 400,000 employees.',' USA'),
('HSBC','No description available',' UK'),
('IBM','The International Business Machines Corporation is an American IT and consulting company based in Armonk, New York. IBM is one of the world\'s leading companies for hardware, software and services in the IT sector and one of the largest consulting companies.',' USA'),
('ICBC','The Industrial and Commercial Bank of China Limited is the largest bank in the People\'s Republic of China and the world in terms of total assets. With sales of $176 billion, it ranked #1 in Forbes Global 2000 of the 2,000 largest listed companies in the world in 2019.',' China'),
('Inditex','\nInditex is one of the worlds biggest textile company, Inditex owns several brands including: Zara, Massimo Dutti, Bershka and Pull & Bea ',' Spain'),
('International Holding Company','No description available',' United Arab Emirates'),
('Intuit','No description available',' USA'),
('Intuitive Surgical','No description available',' USA'),
('Johnson & Johnson','Johnson & Johnson is a global American pharmaceutical and consumer goods company with headquarters in New Brunswick, New Jersey. The company is listed in the Dow Jones Industrial Average.',' USA'),
('JPMorgan Chase','No description available',' USA'),
('Kweichow Moutai','Kweichow Moutai produces and sells high-end Chinese liquors. The Moutai liquor is very popular in China.',' China'),
('L\'Oréal','\nL’Oréal S.A. is a French consumer goods group with headquarters in Paris and currently the largest cosmetics manufacturer in the world. The company owns brands such as L’Oréal Paris, Garnier, Maybelline Jade, Essie, Softsheen Carson and NYX Cosmetics. ',' France'),
('Linde','Linde (The Linde Group) is a listed, globally active industrial group headquartered in Dublin and with operational headquarters in Guildford, UK. Linde\'s core business are process plants that extract or produce gases. Linde is the global market leader in industrial gases ahead of its French competitor Air Liquide.',' UK'),
('LVMH','No description available',' France'),
('Mastercard','Mastercard Incorporated, based in Purchase near New York, is a listed payment service provider and employed around 18,600 people in 2019. Alongside VISA, Mastercard is one of the two major international companies for payment cards (credit cards, debit cards and prepaid cards).',' USA'),
('McDonald','McDonald’s Corporation is an American operator and franchisor of fast food restaurants represented worldwide and the biggest fast food company in the world.',' USA'),
('Merck','No description available',' USA'),
('Meta Platforms (Facebook)','No description available',' USA'),
('Microsoft','\nMicrosoft is an American company that develops and distributes software and services such as: a search engine (Bing), cloud solutions and the computer operating system Windows. ',' USA'),
('Morgan Stanley','No description available',' USA'),
('Nestlé','\nNestlé S.A. is the world\'s largest food company and the largest industrial company in Switzerland. The head office is in Vevey, The company\'s portfolio includes over 2000 food and beverage brands such as: Nestea, Nespresso, Buitoni, Nesquik, Perrier, Chocapic and Crunch. ',' Switzerland'),
('Netflix','Netflix, Inc. is an American media company engaged in paid streaming and the production of films and series.',' USA'),
('Nextera Energy','No description available',' USA'),
('Novartis','Novartis AG is a biotechnology and pharmaceutical company based in Basel, Switzerland. Novartis was formed in 1996 from a merger of the two Basel pharmaceutical and chemical companies Ciba-Geigy AG and Sandoz AG. Novartis is one of the largest pharmaceutical companies in the world with sales of USD 47.4 billion in 2019.',' Switzerland'),
('Novo Nordisk','Novo Nordisk A / S produces and markets pharmaceutical products and services. Since its founding in Denmark in 1923, the company has developed into a leading company in the diabetes sector worldwide.',' Denmark'),
('NVIDIA','Nvidia Corporation is one of the largest developers of graphics processors and chipsets for personal computers and game consoles. The head office is in Santa Clara, California. NVIDIA Corporation does not have its own manufacturing facilities and therefore works according to the fabless principle.',' USA'),
('Oracle','Oracle Corporation is an American software and hardware manufacturer with its headquarters in Redwood City (Silicon Valley), California. The company specializes in the development and marketing of computer hardware and software for corporate customers - especially the Oracle Database system. Oracle is one of the world\'s largest software manufacturers in terms of sales. Oracle employs more than 138,000 people and has 430,000 customers in 175 countries. In addition to the database product Oracle Database, Oracle produces and sells the Oracle Fusion middleware as well as the JEE servers Oracle Application Server and Oracle WebLogic.',' USA'),
('Pepsico','PepsiCo, Inc. is an American beverage and food company headquartered in Purchase, New York. PepsiCo is currently the Coca-Cola Company\'s biggest competitor.',' USA'),
('PetroChina','PetroChina Company Limited is the largest Chinese oil company with a network of over 18,000 filling stations, making it one of the largest listed companies in the world.',' China'),
('Pfizer','Pfizer Inc., is a global pharmaceutical company headquartered in New York City, New York, United States. It was founded by Charles Pfizer from Ludwigsburg. Pfizer is the second largest pharmaceutical company in the world after Roche, followed by Novartis.',' USA'),
('Philip Morris','Philip Morris International Inc. is the world\'s largest private tobacco company. The group sells cigarettes in more than 180 countries and has a 15.5 percent share of the global tobacco market.',' USA'),
('Pinduoduo','No description available',' China'),
('Procter & Gamble','The Procter & Gamble Company is an American consumer goods group with headquarters in Cincinnati, Ohio, which is represented in 70 countries.',' USA'),
('Prosus','No description available',' Netherlands'),
('QUALCOMM','No description available',' USA'),
('Raytheon Technologies','No description available',' USA'),
('Reliance Industries','No description available',' India'),
('Roche','No description available',' Switzerland'),
('Royal Bank Of Canada','The Royal Bank of Canada is Canada\'s largest bank. The bank has over 1,300 branches in Canada and approximately 80,000 employees in 55 countries.',' Canada'),
('S&P Global','No description available',' USA'),
('Salesforce','No description available',' USA'),
('Samsung','\nThe Samsung Group is a South Korean conglomerate behind Samsung Electronics, the world\'s largest manufacturer of DRAM, NAND flash memory, SSD, television, refrigerator, cell phones and smartphones. ',' South Korea'),
('SAP','SAP SE, is a German software company based in Walldorf (Baden-Württemberg). SAP is the largest European and the third largest listed software company in terms of sales.',' Germany'),
('Saudi Aramco','\nSaudi Aramco is the Saudi Arabian national petroleum and natural gas company. As of 2020 it is the largest oil producing company in the world and has the world\'s second-largest proven crude oil reserves. ',' Saudi Arabia'),
('ServiceNow','\nServiceNow, Inc. is an American software company that develops a cloud computing platform to help companies manage digital workflows for enterprise operations. ',' USA'),
('Shell','The Royal Dutch Shell is one of the world\'s largest mineral oil and natural gas companies. The group is active in more than 140 countries. Shell employs around 83,000 people worldwide.',' UK'),
('T-Mobile US','No description available',' USA'),
('Tata Consultancy Services','No description available',' India'),
('Tencent','\nTencent Holdings Ltd. is a Chinese tech company that provides messaging services, social networks on the Internet, online media, Internet value-added services, multiplayer online games (MMO, MMORPG), e-commerce and online advertising.The company is behind WeChat and QQ. ',' China'),
('Tesla','Tesla, Inc. is an American company that manufactures and sells electric cars, as well as power storage and photovoltaic systems. The company\'s goal is to “accelerate the transition to sustainable energy”. The company name is based on the physicist and inventor Nikola Tesla.',' USA'),
('Texas Instruments','Texas Instruments Incorporated, often referred to as TI, is one of the largest US technology companies. TI designs and manufactures semiconductors and various integrated circuits, which it sells to electronics designers and manufacturers globally.',' USA'),
('Thermo Fisher Scientific','Thermo Fisher Scientific Inc., also known as Thermo Fisher, is an American technology company based in Waltham, Massachusetts. It describes itself as \"the world\'s largest supplier of scientific applications.\"',' USA'),
('TotalEnergies','No description available',' France'),
('Toyota','Toyota Motor Corporation is a multinational company and one of the largest automobile manufacturers in the world. In 2016, the company manufactured approximately 10.2 million vehicles, making it the world\'s largest automaker in terms of production figures, ahead of Volkswagen AG.',' Japan'),
('TSMC','Taiwan Semiconductor Manufacturing Company, Limited is the world\'s third largest semiconductor manufacturer after Intel and Samsung and the world\'s largest independent contract manufacturer of semiconductor products. The company was founded in 1987. The headquarters and the main parts of the company are located in Hsinchu, Taiwan.',' Taiwan'),
('Unilever','\nUnilever is a Dutch-British company that is one of the largest manufacturers of consumer goods worldwide. The main business areas include the production of food, cosmetics, personal care as well as household and textile care products. ',' UK'),
('Union Pacific Corporation','Union Pacific Corporation is an American company based in Omaha, Nebraska. The company is part of the Dow Jones Composite Average and Dow Jones Transportation Average indices. It is the parent company of the Union Pacific Railroad and had a network of 51,610km (32,068 miles) in 2016.',' USA'),
('UnitedHealth','No description available',' USA'),
('Verizon','Verizon Communications Inc., or Verizon for short, is an American telecommunications company headquartered in New York City.',' USA'),
('Visa','Visa Inc. is a stock corporation and, alongside Mastercard, one of the two major payment card companies and employed around 14,200 people in 2016. The VISA brand is a recursive acronym and stands for Visa International Service Association.',' USA'),
('Walmart','Walmart Inc. is a global US retail group that dominates a large part of the US market. Walmart is number one in the Fortune Global 500 list of the top-selling companies in the world.',' USA'),
('Walt Disney','The Walt Disney Company, commonly known as Disney, is an American media company. Disney became internationally known for the production of animated films and entertainment films for children and young people.',' USA'),
('Wells Fargo','No description available',' USA');
/*!40000 ALTER TABLE `company` ENABLE KEYS */;
UNLOCK TABLES;

--
-- Table structure for table `company_performance`
--

DROP TABLE IF EXISTS `company_performance`;
/*!40101 SET @saved_cs_client     = @@character_set_client */;
/*!40101 SET character_set_client = utf8 */;
CREATE TABLE `company_performance` (
  `company_name` varchar(255) NOT NULL,
  `year` int(11) NOT NULL,
  `earning` decimal(20,2) DEFAULT NULL,
  `revenue` decimal(20,2) DEFAULT NULL,
  PRIMARY KEY (`company_name`,`year`),
  CONSTRAINT `company_performance_ibfk_1` FOREIGN KEY (`company_name`) REFERENCES `company` (`company_name`)
) ENGINE=InnoDB DEFAULT CHARSET=utf8mb4 COLLATE=utf8mb4_general_ci;
/*!40101 SET character_set_client = @saved_cs_client */;

--
-- Dumping data for table `company_performance`
--

LOCK TABLES `company_performance` WRITE;
/*!40000 ALTER TABLE `company_performance` DISABLE KEYS */;
INSERT INTO `company_performance` VALUES
('Abbott Laboratories',1996,2.66,11.01),
('Abbott Laboratories',1997,2.94,11.88),
('Abbott Laboratories',1998,3.24,12.47),
('Abbott Laboratories',1999,3.40,13.22),
('Abbott Laboratories',2000,3.81,13.74),
('Abbott Laboratories',2001,1.88,16.28),
('Abbott Laboratories',2002,3.67,17.68),
('Abbott Laboratories',2003,3.54,18.48),
('Abbott Laboratories',2004,4.12,19.68),
('Abbott Laboratories',2005,4.61,22.33),
('Abbott Laboratories',2006,2.25,21.87),
('Abbott Laboratories',2007,4.46,25.91),
('Abbott Laboratories',2008,5.85,29.52),
('Abbott Laboratories',2009,7.19,30.76),
('Abbott Laboratories',2010,5.71,35.16),
('Abbott Laboratories',2011,5.19,38.85),
('Abbott Laboratories',2012,2.09,26.69),
('Abbott Laboratories',2013,2.37,21.30),
('Abbott Laboratories',2014,2.51,20.18),
('Abbott Laboratories',2015,3.18,20.40),
('Abbott Laboratories',2016,1.41,20.85),
('Abbott Laboratories',2017,2.23,27.39),
('Abbott Laboratories',2018,2.87,30.57),
('Abbott Laboratories',2019,4.07,31.90),
('Abbott Laboratories',2020,4.96,34.60),
('Abbott Laboratories',2021,8.21,43.07),
('Abbott Laboratories',2022,8.30,43.65),
('Abbott Laboratories',2023,6.66,40.10),
('Abbott Laboratories',2024,6.53,40.32),
('AbbVie',2011,3.66,17.44),
('AbbVie',2012,5.72,18.37),
('AbbVie',2013,5.33,18.79),
('AbbVie',2014,2.36,19.96),
('AbbVie',2015,6.64,22.85),
('AbbVie',2016,7.88,25.63),
('AbbVie',2017,7.72,28.21),
('AbbVie',2018,5.19,32.75),
('AbbVie',2019,8.42,33.26),
('AbbVie',2020,3.39,45.80),
('AbbVie',2021,12.98,56.19),
('AbbVie',2022,13.47,58.05),
('AbbVie',2023,6.25,54.31),
('AbbVie',2024,7.53,54.40),
('Accenture',2002,1.51,13.09),
('Accenture',2003,1.54,13.64),
('Accenture',2004,1.86,15.61),
('Accenture',2005,2.07,17.56),
('Accenture',2006,1.89,18.85),
('Accenture',2007,2.63,22.38),
('Accenture',2008,3.12,25.68),
('Accenture',2009,2.63,22.44),
('Accenture',2010,3.01,23.82),
('Accenture',2011,3.67,28.46),
('Accenture',2012,3.97,29.85),
('Accenture',2013,4.38,30.52),
('Accenture',2014,4.42,32.41),
('Accenture',2015,4.46,33.03),
('Accenture',2016,5.72,35.33),
('Accenture',2017,4.79,37.64),
('Accenture',2018,5.94,41.85),
('Accenture',2019,6.46,43.96),
('Accenture',2020,6.99,44.73),
('Accenture',2021,8.24,53.73),
('Accenture',2022,9.43,62.37),
('Accenture',2023,9.20,64.58),
('Accenture',2024,9.37,64.47),
('Adobe',1996,0.17,0.78),
('Adobe',1997,0.23,0.91),
('Adobe',1998,0.15,0.89),
('Adobe',1999,0.28,1.01),
('Adobe',2000,0.41,1.26),
('Adobe',2001,0.39,1.22),
('Adobe',2002,0.30,1.16),
('Adobe',2003,0.37,1.29),
('Adobe',2004,0.59,1.66),
('Adobe',2005,0.72,1.96),
('Adobe',2006,0.57,2.57),
('Adobe',2007,0.85,3.15),
('Adobe',2008,1.06,3.57),
('Adobe',2009,0.70,2.94),
('Adobe',2010,1.00,3.80),
('Adobe',2011,1.10,4.21),
('Adobe',2012,1.18,4.40),
('Adobe',2013,0.42,4.05),
('Adobe',2014,0.42,4.14),
('Adobe',2015,0.93,4.79),
('Adobe',2016,1.50,5.85),
('Adobe',2017,2.21,7.30),
('Adobe',2018,2.88,9.03),
('Adobe',2019,3.36,11.17),
('Adobe',2020,4.29,12.86),
('Adobe',2021,5.81,15.78),
('Adobe',2022,6.12,17.60),
('Adobe',2023,6.91,19.40),
('Adobe',2024,6.57,20.42),
('Agricultural Bank of China',2010,17.97,43.26),
('Agricultural Bank of China',2011,24.59,58.85),
('Agricultural Bank of China',2012,29.84,67.08),
('Agricultural Bank of China',2013,34.91,75.45),
('Agricultural Bank of China',2014,37.54,84.19),
('Agricultural Bank of China',2015,36.76,85.07),
('Agricultural Bank of China',2016,34.17,75.96),
('Agricultural Bank of China',2017,35.59,80.00),
('Agricultural Bank of China',2018,37.98,90.05),
('Agricultural Bank of China',2019,38.58,90.76),
('Agricultural Bank of China',2020,38.56,95.58),
('Agricultural Bank of China',2021,45.70,111.19),
('Agricultural Bank of China',2022,45.37,103.82),
('Agricultural Bank of China',2023,43.41,98.09),
('Agricultural Bank of China',2024,42.33,96.31),
('Alibaba',2014,6.03,11.44),
('Alibaba',2015,12.68,14.89),
('Alibaba',2016,8.08,21.40),
('Alibaba',2017,16.31,34.03),
('Alibaba',2018,12.55,51.52),
('Alibaba',2019,28.64,70.49),
('Alibaba',2020,26.11,94.46),
('Alibaba',2021,13.82,129.44),
('Alibaba',2022,15.60,127.83),
('Alibaba',2023,17.30,130.80),
('Alibaba',2024,17.34,131.22),
('Alphabet (Google)',2004,1.15,3.18),
('Alphabet (Google)',2005,2.03,6.13),
('Alphabet (Google)',2006,3.54,10.60),
('Alphabet (Google)',2007,5.38,16.59),
('Alphabet (Google)',2008,6.63,21.79),
('Alphabet (Google)',2009,8.31,23.65),
('Alphabet (Google)',2010,10.54,29.32),
('Alphabet (Google)',2011,12.38,37.90),
('Alphabet (Google)',2012,13.50,48.97),
('Alphabet (Google)',2013,15.48,56.67),
('Alphabet (Google)',2014,17.36,66.00),
('Alphabet (Google)',2015,19.75,74.98),
('Alphabet (Google)',2016,24.27,90.27),
('Alphabet (Google)',2017,27.30,110.85),
('Alphabet (Google)',2018,35.02,136.81),
('Alphabet (Google)',2019,39.72,161.85),
('Alphabet (Google)',2020,48.21,182.52),
('Alphabet (Google)',2021,91.08,257.63),
('Alphabet (Google)',2022,71.68,282.83),
('Alphabet (Google)',2023,86.02,307.39),
('Alphabet (Google)',2024,101.82,328.28),
('Amazon',1997,-0.01,0.14),
('Amazon',1998,-0.03,0.60),
('Amazon',1999,-0.13,1.63),
('Amazon',2000,-0.98,2.76),
('Amazon',2001,-0.39,3.12),
('Amazon',2002,0.00,3.93),
('Amazon',2003,0.16,5.26),
('Amazon',2004,0.46,6.92),
('Amazon',2005,0.52,8.49),
('Amazon',2006,0.45,10.71),
('Amazon',2007,0.73,14.83),
('Amazon',2008,0.97,19.16),
('Amazon',2009,1.19,24.50),
('Amazon',2010,1.53,34.20),
('Amazon',2011,0.99,48.07),
('Amazon',2012,0.63,61.09),
('Amazon',2013,0.64,74.45),
('Amazon',2014,0.10,88.98),
('Amazon',2015,2.02,107.00),
('Amazon',2016,4.37,135.98),
('Amazon',2017,4.65,177.86),
('Amazon',2018,12.67,232.88),
('Amazon',2019,15.57,280.52),
('Amazon',2020,25.82,386.06),
('Amazon',2021,39.96,469.82),
('Amazon',2022,-3.57,513.98),
('Amazon',2023,40.73,574.78),
('Amazon',2024,49.42,590.74),
('AMD',1997,-0.26,2.35),
('AMD',1998,-0.09,2.54),
('AMD',1999,-0.17,2.85),
('AMD',2000,-0.29,4.64),
('AMD',2001,0.03,3.89),
('AMD',2002,-0.90,2.69),
('AMD',2003,-0.25,3.51),
('AMD',2004,0.22,5.00),
('AMD',2005,0.23,5.84),
('AMD',2006,0.37,5.64),
('AMD',2007,-2.82,5.93),
('AMD',2008,-2.38,5.87),
('AMD',2009,0.84,5.40),
('AMD',2010,1.17,6.49),
('AMD',2011,0.17,6.56),
('AMD',2012,-1.05,5.42),
('AMD',2013,0.10,5.29),
('AMD',2014,-0.23,5.50),
('AMD',2015,-0.49,3.99),
('AMD',2016,-0.30,4.27),
('AMD',2017,0.20,5.39),
('AMD',2018,0.45,6.47),
('AMD',2019,0.46,6.73),
('AMD',2020,1.32,9.76),
('AMD',2021,3.70,16.43),
('AMD',2022,1.27,23.60),
('AMD',2023,0.59,22.68),
('AMD',2024,0.78,22.80),
('American Express',1996,2.66,15.12),
('American Express',1997,2.75,16.83),
('American Express',1998,2.92,18.13),
('American Express',1999,3.43,20.22),
('American Express',2000,3.90,22.32),
('American Express',2001,1.59,21.08),
('American Express',2002,3.72,22.72),
('American Express',2003,4.24,24.96),
('American Express',2004,4.71,26.53),
('American Express',2005,4.24,23.20),
('American Express',2006,5.30,25.33),
('American Express',2007,5.59,27.92),
('American Express',2008,3.58,28.36),
('American Express',2009,2.84,24.31),
('American Express',2010,5.96,27.48),
('American Express',2011,6.95,29.96),
('American Express',2012,6.45,31.55),
('American Express',2013,7.88,32.97),
('American Express',2014,8.99,33.47),
('American Express',2015,7.93,32.75),
('American Express',2016,8.09,33.33),
('American Express',2017,7.44,36.01),
('American Express',2018,8.12,40.31),
('American Express',2019,8.42,43.55),
('American Express',2020,4.29,36.17),
('American Express',2021,10.68,43.14),
('American Express',2022,9.58,52.56),
('American Express',2023,10.51,60.46),
('American Express',2024,12.54,63.26),
('Amgen',1996,0.96,2.19),
('Amgen',1997,0.86,2.34),
('Amgen',1998,1.22,2.64),
('Amgen',1999,1.56,3.20),
('Amgen',2000,1.67,3.49),
('Amgen',2001,1.68,3.95),
('Amgen',2002,-0.71,5.44),
('Amgen',2003,3.17,8.35),
('Amgen',2004,3.39,10.55),
('Amgen',2005,4.86,12.43),
('Amgen',2006,4.02,14.26),
('Amgen',2007,3.96,14.77),
('Amgen',2008,5.25,15.00),
('Amgen',2009,5.20,14.64),
('Amgen',2010,5.31,15.05),
('Amgen',2011,4.15,15.58),
('Amgen',2012,5.00,17.26),
('Amgen',2013,5.26,18.67),
('Amgen',2014,5.58,20.06),
('Amgen',2015,7.97,21.66),
('Amgen',2016,9.16,22.99),
('Amgen',2017,9.59,22.84),
('Amgen',2018,9.54,23.74),
('Amgen',2019,9.13,23.36),
('Amgen',2020,8.13,25.42),
('Amgen',2021,6.70,25.97),
('Amgen',2022,7.34,26.32),
('Amgen',2023,7.85,28.19),
('Amgen',2024,4.34,29.53),
('Apple',1996,-1.16,8.81),
('Apple',1997,-0.79,6.53),
('Apple',1998,0.53,6.07),
('Apple',1999,0.60,6.76),
('Apple',2000,0.39,6.64),
('Apple',2001,0.31,5.73),
('Apple',2002,0.04,5.83),
('Apple',2003,0.19,6.74),
('Apple',2004,0.69,9.76),
('Apple',2005,1.99,16.19),
('Apple',2006,3.39,20.68),
('Apple',2007,5.21,26.49),
('Apple',2008,7.25,34.75),
('Apple',2009,11.87,44.37),
('Apple',2010,21.48,76.28),
('Apple',2011,43.30,127.84),
('Apple',2012,55.86,164.68),
('Apple',2013,50.41,173.99),
('Apple',2014,60.62,199.80),
('Apple',2015,73.55,234.98),
('Apple',2016,62.68,218.11),
('Apple',2017,69.47,239.17),
('Apple',2018,73.17,261.61),
('Apple',2019,71.22,267.68),
('Apple',2020,77.47,294.13),
('Apple',2021,119.57,378.32),
('Apple',2022,116.11,387.53),
('Apple',2023,120.42,385.70),
('Apple',2024,120.00,381.62),
('Applied Materials',1996,0.79,3.94),
('Applied Materials',1997,0.91,4.54),
('Applied Materials',1998,0.14,3.47),
('Applied Materials',1999,1.33,5.89),
('Applied Materials',2000,3.06,10.20),
('Applied Materials',2001,0.33,6.08),
('Applied Materials',2002,0.29,5.11),
('Applied Materials',2003,0.34,4.97),
('Applied Materials',2004,2.04,8.23),
('Applied Materials',2005,1.42,7.06),
('Applied Materials',2006,1.84,9.58),
('Applied Materials',2007,2.27,9.54),
('Applied Materials',2008,0.75,7.37),
('Applied Materials',2009,-0.15,5.52),
('Applied Materials',2010,1.96,10.38),
('Applied Materials',2011,1.93,10.01),
('Applied Materials',2012,0.26,8.10),
('Applied Materials',2013,0.74,8.12),
('Applied Materials',2014,1.66,9.24),
('Applied Materials',2015,1.60,9.55),
('Applied Materials',2016,2.62,11.84),
('Applied Materials',2017,4.36,15.46),
('Applied Materials',2018,4.45,16.50),
('Applied Materials',2019,3.62,15.01),
('Applied Materials',2020,4.65,18.20),
('Applied Materials',2021,7.68,24.17),
('Applied Materials',2022,7.87,26.25),
('Applied Materials',2023,8.36,26.48),
('Applied Materials',2024,8.51,26.50),
('ASML',2001,0.16,1.66),
('ASML',2002,0.19,2.16),
('ASML',2003,-0.15,1.80),
('ASML',2004,0.48,3.12),
('ASML',2005,0.55,3.09),
('ASML',2006,1.11,4.59),
('ASML',2007,1.17,5.26),
('ASML',2008,0.46,4.46),
('ASML',2009,-0.16,2.27),
('ASML',2010,1.66,5.93),
('ASML',2011,2.33,7.81),
('ASML',2012,1.50,6.15),
('ASML',2013,1.32,7.01),
('ASML',2014,1.57,7.65),
('ASML',2015,1.63,6.95),
('ASML',2016,1.71,7.48),
('ASML',2017,2.76,10.42),
('ASML',2018,3.48,12.84),
('ASML',2019,3.11,13.21),
('ASML',2020,4.76,16.31),
('ASML',2021,7.58,21.62),
('ASML',2022,6.80,22.19),
('ASML',2023,10.03,29.92),
('ASML',2024,8.63,27.46),
('AstraZeneca',1998,4.02,9.82),
('AstraZeneca',1999,2.25,18.43),
('AstraZeneca',2000,3.98,18.11),
('AstraZeneca',2001,5.95,23.53),
('AstraZeneca',2002,3.97,17.64),
('AstraZeneca',2003,4.11,18.84),
('AstraZeneca',2004,-0.27,21.42),
('AstraZeneca',2005,6.50,23.95),
('AstraZeneca',2006,8.01,26.47),
('AstraZeneca',2007,8.09,29.55),
('AstraZeneca',2008,9.14,31.60),
('AstraZeneca',2009,12.00,32.80),
('AstraZeneca',2010,12.00,33.26),
('AstraZeneca',2011,13.34,33.59),
('AstraZeneca',2012,8.28,27.97),
('AstraZeneca',2013,3.76,25.71),
('AstraZeneca',2014,2.20,26.51),
('AstraZeneca',2015,4.10,24.70),
('AstraZeneca',2016,4.91,23.00),
('AstraZeneca',2017,3.59,22.46),
('AstraZeneca',2018,3.35,22.09),
('AstraZeneca',2019,2.95,24.38),
('AstraZeneca',2020,5.18,26.61),
('AstraZeneca',2021,1.01,37.41),
('AstraZeneca',2022,3.83,44.35),
('AstraZeneca',2023,8.49,45.81),
('AstraZeneca',2024,9.40,49.13),
('AT&T',1996,4.25,18.66),
('AT&T',1997,2.33,24.80),
('AT&T',1998,6.64,30.08),
('AT&T',1999,13.38,63.64),
('AT&T',2000,12.88,51.40),
('AT&T',2001,11.35,45.90),
('AT&T',2002,10.14,43.13),
('AT&T',2003,8.85,40.82),
('AT&T',2004,7.16,40.78),
('AT&T',2005,5.71,43.83),
('AT&T',2006,10.88,63.05),
('AT&T',2007,18.20,118.92),
('AT&T',2008,20.09,124.02),
('AT&T',2009,18.98,122.77),
('AT&T',2010,18.13,124.28),
('AT&T',2011,6.71,126.72),
('AT&T',2012,10.43,127.43),
('AT&T',2013,27.77,128.75),
('AT&T',2014,10.16,132.44),
('AT&T',2015,20.69,146.80),
('AT&T',2016,19.81,163.78),
('AT&T',2017,15.13,160.54),
('AT&T',2018,24.87,170.75),
('AT&T',2019,18.46,181.19),
('AT&T',2020,-2.86,171.76),
('AT&T',2021,29.94,151.96),
('AT&T',2022,-3.10,120.74),
('AT&T',2023,19.84,122.42),
('AT&T',2024,17.87,122.19),
('Bank of America ',1996,3.63,10.04),
('Bank of America ',1997,6.57,18.27),
('Bank of America ',1998,8.04,31.50),
('Bank of America ',1999,12.21,32.54),
('Bank of America ',2000,11.78,32.95),
('Bank of America ',2001,10.11,35.11),
('Bank of America ',2002,12.99,35.12),
('Bank of America ',2003,15.86,38.82),
('Bank of America ',2004,21.22,51.08),
('Bank of America ',2005,24.11,56.81),
('Bank of America ',2006,31.97,69.39),
('Bank of America ',2007,20.92,62.48),
('Bank of America ',2008,4.42,71.11),
('Bank of America ',2009,4.36,109.91),
('Bank of America ',2010,-1.33,120.73),
('Bank of America ',2011,-0.23,87.54),
('Bank of America ',2012,3.07,79.84),
('Bank of America ',2013,16.17,86.04),
('Bank of America ',2014,6.85,83.11),
('Bank of America ',2015,22.63,83.35),
('Bank of America ',2016,25.15,83.70),
('Bank of America ',2017,29.45,87.35),
('Bank of America ',2018,34.58,91.07),
('Bank of America ',2019,32.75,91.24),
('Bank of America ',2020,18.99,85.52),
('Bank of America ',2021,33.97,89.11),
('Bank of America ',2022,30.96,94.95),
('Bank of America ',2023,28.34,98.58),
('Bank of America ',2024,26.51,98.14),
('Bank of China',2006,8.46,14.36),
('Bank of China',2007,11.91,24.34),
('Bank of China',2008,12.51,33.47),
('Bank of China',2009,16.28,33.90),
('Bank of China',2010,21.15,41.06),
('Bank of China',2011,26.23,51.03),
('Bank of China',2012,29.75,58.10),
('Bank of China',2013,34.72,66.33),
('Bank of China',2014,37.41,73.55),
('Bank of China',2015,36.77,74.86),
('Bank of China',2016,33.49,72.44),
('Bank of China',2017,33.05,71.84),
('Bank of China',2018,34.74,75.44),
('Bank of China',2019,36.31,79.24),
('Bank of China',2020,35.79,82.23),
('Bank of China',2021,42.74,93.37),
('Bank of China',2022,42.14,88.36),
('Bank of China',2023,41.74,87.83),
('Bank of China',2024,40.16,85.92),
('Berkshire Hathaway ',1996,3.80,10.79),
('Berkshire Hathaway ',1997,2.93,9.87),
('Berkshire Hathaway ',1998,4.42,13.83),
('Berkshire Hathaway ',1999,2.58,24.02),
('Berkshire Hathaway ',2000,5.73,33.89),
('Berkshire Hathaway ',2001,1.88,33.66),
('Berkshire Hathaway ',2002,7.12,37.54),
('Berkshire Hathaway ',2003,12.49,63.85),
('Berkshire Hathaway ',2004,11.65,74.38),
('Berkshire Hathaway ',2005,13.51,81.66),
('Berkshire Hathaway ',2006,18.50,98.53),
('Berkshire Hathaway ',2007,22.07,118.24),
('Berkshire Hathaway ',2008,9.53,107.78),
('Berkshire Hathaway ',2009,13.54,112.49),
('Berkshire Hathaway ',2010,21.60,136.18),
('Berkshire Hathaway ',2011,17.97,143.68),
('Berkshire Hathaway ',2012,24.98,162.46),
('Berkshire Hathaway ',2013,31.59,182.15),
('Berkshire Hathaway ',2014,31.35,194.67),
('Berkshire Hathaway ',2015,38.46,210.82),
('Berkshire Hathaway ',2016,37.16,222.93),
('Berkshire Hathaway ',2017,29.23,242.00),
('Berkshire Hathaway ',2018,8.12,225.38),
('Berkshire Hathaway ',2019,106.65,327.22),
('Berkshire Hathaway ',2020,59.77,286.25),
('Berkshire Hathaway ',2021,115.85,354.63),
('Berkshire Hathaway ',2022,-26.05,234.21),
('Berkshire Hathaway ',2023,125.16,439.33),
('Berkshire Hathaway ',2024,96.22,410.93),
('Broadcom',2009,0.07,1.57),
('Broadcom',2010,0.51,2.18),
('Broadcom',2011,0.57,2.34),
('Broadcom',2012,0.58,2.37),
('Broadcom',2013,0.58,2.65),
('Broadcom',2014,0.71,5.19),
('Broadcom',2015,1.73,6.96),
('Broadcom',2016,-0.63,15.60),
('Broadcom',2017,2.87,18.82),
('Broadcom',2018,4.81,21.31),
('Broadcom',2019,3.75,22.66),
('Broadcom',2020,5.46,24.68),
('Broadcom',2021,9.79,28.50),
('Broadcom',2022,15.32,34.41),
('Broadcom',2023,14.74,38.86),
('Broadcom',2024,13.67,42.61),
('Caterpillar',1996,2.28,16.52),
('Caterpillar',1997,2.79,18.92),
('Caterpillar',1998,2.74,20.97),
('Caterpillar',1999,2.05,19.70),
('Caterpillar',2000,2.42,20.17),
('Caterpillar',2001,1.49,20.45),
('Caterpillar',2002,1.31,20.15),
('Caterpillar',2003,1.68,22.76),
('Caterpillar',2004,3.42,30.29),
('Caterpillar',2005,4.92,36.33),
('Caterpillar',2006,6.15,41.51),
('Caterpillar',2007,6.37,44.95),
('Caterpillar',2008,7.10,51.32),
('Caterpillar',2009,2.00,32.39),
('Caterpillar',2010,5.00,42.58),
('Caterpillar',2011,7.94,60.13),
('Caterpillar',2012,8.10,65.87),
('Caterpillar',2013,5.59,55.65),
('Caterpillar',2014,5.56,55.18),
('Caterpillar',2015,3.98,47.01),
('Caterpillar',2016,0.64,38.53),
('Caterpillar',2017,4.61,45.46),
('Caterpillar',2018,8.22,54.72),
('Caterpillar',2019,8.23,53.80),
('Caterpillar',2020,4.50,41.74),
('Caterpillar',2021,8.69,50.97),
('Caterpillar',2022,9.19,59.42),
('Caterpillar',2023,13.56,67.06),
('Caterpillar',2024,14.47,66.99),
('Chevron',1996,5.10,43.89),
('Chevron',1997,5.81,41.95),
('Chevron',1998,2.21,30.53),
('Chevron',1999,13.04,85.71),
('Chevron',2000,21.87,119.22),
('Chevron',2001,17.35,106.24),
('Chevron',2002,14.15,98.91),
('Chevron',2003,19.01,120.11),
('Chevron',2004,29.85,156.15),
('Chevron',2005,34.49,204.74),
('Chevron',2006,44.57,210.11),
('Chevron',2007,34.98,220.90),
('Chevron',2008,43.05,268.52),
('Chevron',2009,18.55,168.32),
('Chevron',2010,32.10,199.29),
('Chevron',2011,47.09,246.34),
('Chevron',2012,44.38,228.64),
('Chevron',2013,27.21,220.15),
('Chevron',2014,19.72,200.49),
('Chevron',2015,1.36,129.92),
('Chevron',2016,-1.96,110.21),
('Chevron',2017,9.52,134.67),
('Chevron',2018,21.32,158.90),
('Chevron',2019,6.33,139.86),
('Chevron',2020,-6.76,94.47),
('Chevron',2021,22.35,155.60),
('Chevron',2022,50.19,235.71),
('Chevron',2023,30.05,196.91),
('Chevron',2024,28.45,194.65),
('China Construction Bank',2008,17.37,38.92),
('China Construction Bank',2009,20.33,39.15),
('China Construction Bank',2010,26.03,48.17),
('China Construction Bank',2011,34.05,61.86),
('China Construction Bank',2012,39.92,73.22),
('China Construction Bank',2013,45.62,83.02),
('China Construction Bank',2014,48.34,92.18),
('China Construction Bank',2015,47.48,95.98),
('China Construction Bank',2016,44.49,91.00),
('China Construction Bank',2017,44.51,92.59),
('China Construction Bank',2018,46.57,98.91),
('China Construction Bank',2019,47.31,102.01),
('China Construction Bank',2020,49.00,109.77),
('China Construction Bank',2021,58.46,127.14),
('China Construction Bank',2022,56.59,117.53),
('China Construction Bank',2023,54.98,108.53),
('China Construction Bank',2024,53.91,106.28),
('China Mobile',1998,1.05,3.62),
('China Mobile',1999,1.87,5.31),
('China Mobile',2000,2.97,8.64),
('China Mobile',2001,3.55,12.12),
('China Mobile',2002,2.35,15.54),
('China Mobile',2003,0.18,18.61),
('China Mobile',2004,3.87,23.27),
('China Mobile',2005,4.57,29.62),
('China Mobile',2006,0.81,37.52),
('China Mobile',2007,23.87,47.47),
('China Mobile',2021,23.54,131.15),
('China Mobile',2022,24.11,138.85),
('China Mobile',2023,23.97,142.35),
('China Mobile',2024,23.97,142.37),
('Cisco',1996,1.66,5.68),
('Cisco',1997,1.96,7.29),
('Cisco',1998,2.15,10.01),
('Cisco',1999,3.46,15.03),
('Cisco',2000,3.41,23.94),
('Cisco',2001,-1.67,18.29),
('Cisco',2002,4.25,19.20),
('Cisco',2003,5.38,19.81),
('Cisco',2004,6.95,23.57),
('Cisco',2005,7.64,25.94),
('Cisco',2006,8.80,31.92),
('Cisco',2007,10.58,37.68),
('Cisco',2008,9.72,39.57),
('Cisco',2009,8.30,35.53),
('Cisco',2010,9.65,42.36),
('Cisco',2011,9.26,44.84),
('Cisco',2012,11.16,47.25),
('Cisco',2013,10.67,47.87),
('Cisco',2014,11.21,48.08),
('Cisco',2015,13.02,49.58),
('Cisco',2016,13.16,48.57),
('Cisco',2017,13.48,48.09),
('Cisco',2018,15.00,50.82),
('Cisco',2019,15.29,51.55),
('Cisco',2020,13.16,48.02),
('Cisco',2021,14.97,51.54),
('Cisco',2022,14.49,53.16),
('Cisco',2023,16.48,57.23),
('Cisco',2024,15.00,55.36),
('Coca-Cola',1996,3.91,18.57),
('Coca-Cola',1997,5.00,18.86),
('Coca-Cola',1998,4.96,18.81),
('Coca-Cola',1999,3.98,19.70),
('Coca-Cola',2000,3.69,20.05),
('Coca-Cola',2001,5.35,19.39),
('Coca-Cola',2002,5.36,19.56),
('Coca-Cola',2003,5.22,21.06),
('Coca-Cola',2004,5.69,21.84),
('Coca-Cola',2005,6.08,23.10),
('Coca-Cola',2006,6.26,24.08),
('Coca-Cola',2007,7.25,28.85),
('Coca-Cola',2008,7.80,31.94),
('Coca-Cola',2009,9.30,30.99),
('Coca-Cola',2010,14.97,35.11),
('Coca-Cola',2011,11.87,46.54),
('Coca-Cola',2012,12.20,48.01),
('Coca-Cola',2013,11.94,46.85),
('Coca-Cola',2014,9.80,45.99),
('Coca-Cola',2015,10.46,44.29),
('Coca-Cola',2016,8.86,41.86),
('Coca-Cola',2017,7.58,35.41),
('Coca-Cola',2018,8.86,32.88),
('Coca-Cola',2019,11.73,37.26),
('Coca-Cola',2020,11.18,33.01),
('Coca-Cola',2021,14.02,38.65),
('Coca-Cola',2022,12.56,43.00),
('Coca-Cola',2023,14.47,45.75),
('Coca-Cola',2024,14.30,46.07),
('Comcast',1996,-0.47,4.03),
('Comcast',1997,4.91,4.91),
('Comcast',1998,2.00,4.80),
('Comcast',1999,-1.94,6.28),
('Comcast',2000,3.48,8.21),
('Comcast',2001,0.69,9.71),
('Comcast',2002,-0.12,11.44),
('Comcast',2003,0.04,19.43),
('Comcast',2004,1.81,20.30),
('Comcast',2005,1.84,21.96),
('Comcast',2006,3.59,24.96),
('Comcast',2007,4.34,30.89),
('Comcast',2008,4.05,34.25),
('Comcast',2009,5.10,35.87),
('Comcast',2010,6.10,37.93),
('Comcast',2011,8.20,55.84),
('Comcast',2012,11.60,62.57),
('Comcast',2013,11.11,64.65),
('Comcast',2014,12.46,68.77),
('Comcast',2015,13.37,74.51),
('Comcast',2016,14.35,80.40),
('Comcast',2017,15.33,84.86),
('Comcast',2018,15.24,94.50),
('Comcast',2019,16.99,108.94),
('Comcast',2020,14.06,103.56),
('Comcast',2021,19.09,116.38),
('Comcast',2022,9.28,121.42),
('Comcast',2023,20.47,121.57),
('Comcast',2024,19.78,121.11),
('Commonwealth Bank',1996,1.39,3.85),
('Commonwealth Bank',1997,1.22,3.71),
('Commonwealth Bank',1998,0.83,3.27),
('Commonwealth Bank',1999,1.42,3.65),
('Commonwealth Bank',2000,2.12,3.68),
('Commonwealth Bank',2001,1.74,4.24),
('Commonwealth Bank',2002,2.00,4.74),
('Commonwealth Bank',2003,1.98,5.90),
('Commonwealth Bank',2004,2.65,7.24),
('Commonwealth Bank',2005,3.82,8.13),
('Commonwealth Bank',2006,4.35,8.65),
('Commonwealth Bank',2007,5.53,10.77),
('Commonwealth Bank',2008,5.99,13.18),
('Commonwealth Bank',2009,5.19,12.63),
('Commonwealth Bank',2010,6.89,15.50),
('Commonwealth Bank',2011,9.68,19.94),
('Commonwealth Bank',2012,10.09,19.99),
('Commonwealth Bank',2013,9.72,18.89),
('Commonwealth Bank',2014,11.29,21.02),
('Commonwealth Bank',2015,9.66,17.93),
('Commonwealth Bank',2016,9.23,17.51),
('Commonwealth Bank',2017,10.18,18.61),
('Commonwealth Bank',2018,9.29,17.74),
('Commonwealth Bank',2019,7.94,16.19),
('Commonwealth Bank',2020,7.13,16.24),
('Commonwealth Bank',2021,9.29,17.69),
('Commonwealth Bank',2022,9.41,16.31),
('Commonwealth Bank',2023,9.49,17.94),
('Costco',1996,0.52,20.06),
('Costco',1997,0.61,22.42),
('Costco',1998,0.79,24.83),
('Costco',1999,0.89,28.40),
('Costco',2000,1.03,32.85),
('Costco',2001,0.99,35.62),
('Costco',2002,1.15,39.49),
('Costco',2003,1.17,43.86),
('Costco',2004,1.43,49.16),
('Costco',2005,1.49,54.29),
('Costco',2006,1.66,61.39),
('Costco',2007,1.64,66.05),
('Costco',2008,2.04,73.06),
('Costco',2009,1.83,72.32),
('Costco',2010,2.24,79.88),
('Costco',2011,2.54,91.30),
('Costco',2012,2.94,101.22),
('Costco',2013,3.17,106.45),
('Costco',2014,3.42,114.48),
('Costco',2015,3.71,116.55),
('Costco',2016,3.83,119.59),
('Costco',2017,4.27,132.73),
('Costco',2018,4.59,144.83),
('Costco',2019,5.04,154.67),
('Costco',2020,5.89,172.92),
('Costco',2021,7.12,203.08),
('Costco',2022,8.06,231.02),
('Costco',2023,8.98,245.65),
('Costco',2024,9.76,253.69),
('Danaher',1996,0.22,1.81),
('Danaher',1997,0.27,2.16),
('Danaher',1998,0.37,2.94),
('Danaher',1999,0.45,3.19),
('Danaher',2000,0.55,3.77),
('Danaher',2001,0.57,3.78),
('Danaher',2002,0.69,4.57),
('Danaher',2003,0.84,5.29),
('Danaher',2004,1.10,6.88),
('Danaher',2005,1.26,7.98),
('Danaher',2006,1.51,9.56),
('Danaher',2007,1.74,11.06),
('Danaher',2008,1.88,12.69),
('Danaher',2009,1.54,11.18),
('Danaher',2010,2.41,12.92),
('Danaher',2011,2.55,15.88),
('Danaher',2012,3.16,18.26),
('Danaher',2013,3.71,19.11),
('Danaher',2014,3.60,19.75),
('Danaher',2015,3.16,19.05),
('Danaher',2016,2.79,16.88),
('Danaher',2017,3.10,18.32),
('Danaher',2018,3.45,19.89),
('Danaher',2019,3.27,15.88),
('Danaher',2020,4.76,22.28),
('Danaher',2021,7.83,29.45),
('Danaher',2022,8.50,31.47),
('Danaher',2023,4.80,21.42),
('Danaher',2024,4.48,21.10),
('Eli Lilly',1996,2.03,7.34),
('Eli Lilly',1997,0.51,8.51),
('Eli Lilly',1998,2.63,8.65),
('Eli Lilly',1999,3.24,10.00),
('Eli Lilly',2000,3.85,10.86),
('Eli Lilly',2001,3.55,11.54),
('Eli Lilly',2002,3.45,11.07),
('Eli Lilly',2003,3.26,12.58),
('Eli Lilly',2004,2.94,13.85),
('Eli Lilly',2005,2.71,14.64),
('Eli Lilly',2006,3.41,15.69),
('Eli Lilly',2007,3.87,18.63),
('Eli Lilly',2008,-1.31,20.37),
('Eli Lilly',2009,5.35,21.83),
('Eli Lilly',2010,6.52,23.07),
('Eli Lilly',2011,5.34,24.28),
('Eli Lilly',2012,5.40,22.60),
('Eli Lilly',2013,5.88,23.11),
('Eli Lilly',2014,3.00,19.61),
('Eli Lilly',2015,2.79,19.95),
('Eli Lilly',2016,3.37,21.22),
('Eli Lilly',2017,2.19,22.87),
('Eli Lilly',2018,3.68,22.29),
('Eli Lilly',2019,5.26,22.31),
('Eli Lilly',2020,7.22,24.53),
('Eli Lilly',2021,6.15,28.31),
('Eli Lilly',2022,6.80,28.54),
('Eli Lilly',2023,6.55,34.12),
('Eli Lilly',2024,7.56,35.93),
('Exxon Mobil',1996,11.91,116.72),
('Exxon Mobil',1997,12.78,117.40),
('Exxon Mobil',1998,8.99,103.77),
('Exxon Mobil',1999,14.10,199.04),
('Exxon Mobil',2000,27.08,232.74),
('Exxon Mobil',2001,24.11,217.82),
('Exxon Mobil',2002,17.44,204.17),
('Exxon Mobil',2003,31.96,246.73),
('Exxon Mobil',2004,41.24,298.03),
('Exxon Mobil',2005,59.43,370.68),
('Exxon Mobil',2006,67.40,377.63),
('Exxon Mobil',2007,70.47,404.55),
('Exxon Mobil',2008,82.79,474.53),
('Exxon Mobil',2009,34.77,306.49),
('Exxon Mobil',2010,52.95,372.54),
('Exxon Mobil',2011,73.25,471.14),
('Exxon Mobil',2012,78.72,440.17),
('Exxon Mobil',2013,57.71,420.83),
('Exxon Mobil',2014,51.63,392.85),
('Exxon Mobil',2015,21.96,259.48),
('Exxon Mobil',2016,7.96,218.60),
('Exxon Mobil',2017,18.67,222.68),
('Exxon Mobil',2018,30.95,279.33),
('Exxon Mobil',2019,20.05,255.58),
('Exxon Mobil',2020,-28.89,178.57),
('Exxon Mobil',2021,31.23,276.69),
('Exxon Mobil',2022,77.75,398.67),
('Exxon Mobil',2023,52.78,334.69),
('Exxon Mobil',2024,48.34,331.46),
('Fomento Económico Mexicano',1998,0.10,1.68),
('Fomento Económico Mexicano',1999,0.36,2.08),
('Fomento Económico Mexicano',2000,0.36,2.40),
('Fomento Económico Mexicano',2001,0.43,2.63),
('Fomento Económico Mexicano',2002,0.47,2.88),
('Fomento Económico Mexicano',2003,0.90,6.49),
('Fomento Económico Mexicano',2004,1.38,8.51),
('Fomento Económico Mexicano',2005,1.61,10.03),
('Fomento Económico Mexicano',2006,1.66,11.93),
('Fomento Económico Mexicano',2007,1.98,13.64),
('Fomento Económico Mexicano',2008,1.66,14.70),
('Fomento Económico Mexicano',2009,1.58,13.18),
('Fomento Económico Mexicano',2010,2.13,13.45),
('Fomento Económico Mexicano',2011,2.15,15.59),
('Fomento Económico Mexicano',2012,2.52,18.42),
('Fomento Económico Mexicano',2013,2.16,19.87),
('Fomento Económico Mexicano',2014,2.06,19.49),
('Fomento Económico Mexicano',2015,1.83,19.01),
('Fomento Económico Mexicano',2016,1.83,20.97),
('Fomento Económico Mexicano',2017,2.66,24.36),
('Fomento Económico Mexicano',2018,2.22,24.73),
('Fomento Económico Mexicano',2019,2.24,26.33),
('Fomento Económico Mexicano',2020,1.57,22.27),
('Fomento Económico Mexicano',2021,2.73,27.34),
('Fomento Económico Mexicano',2022,2.75,33.14),
('Fomento Económico Mexicano',2023,4.28,39.66),
('Fomento Económico Mexicano',2024,4.45,42.10),
('General Electric',1996,18.34,78.54),
('General Electric',1997,17.50,88.54),
('General Electric',1998,22.84,99.82),
('General Electric',1999,25.29,111.12),
('General Electric',2000,30.16,129.85),
('General Electric',2001,30.76,125.91),
('General Electric',2002,29.10,131.95),
('General Electric',2003,30.52,134.18),
('General Electric',2004,32.06,152.41),
('General Electric',2005,35.42,133.75),
('General Electric',2006,43.53,158.46),
('General Electric',2007,50.37,172.67),
('General Electric',2008,45.85,182.51),
('General Electric',2009,29.11,156.78),
('General Electric',2010,29.41,148.77),
('General Electric',2011,34.74,142.22),
('General Electric',2012,29.89,142.75),
('General Electric',2013,26.24,142.74),
('General Electric',2014,22.88,139.14),
('General Electric',2015,10.58,105.92),
('General Electric',2016,14.05,119.68),
('General Electric',2017,-5.92,119.02),
('General Electric',2018,-15.62,113.62),
('General Electric',2019,5.40,95.21),
('General Electric',2020,11.99,76.75),
('General Electric',2021,-1.81,74.26),
('General Electric',2022,1.40,63.06),
('General Electric',2023,11.41,60.00),
('General Electric',2024,6.73,61.91),
('Goldman Sachs',1999,1.99,10.50),
('Goldman Sachs',2000,5.02,16.59),
('Goldman Sachs',2001,3.69,15.81),
('Goldman Sachs',2002,3.25,13.98),
('Goldman Sachs',2003,4.44,16.02),
('Goldman Sachs',2004,6.67,20.95),
('Goldman Sachs',2005,8.27,25.23),
('Goldman Sachs',2006,14.56,35.68),
('Goldman Sachs',2007,17.60,43.22),
('Goldman Sachs',2008,2.33,19.22),
('Goldman Sachs',2009,19.82,42.87),
('Goldman Sachs',2010,12.89,36.88),
('Goldman Sachs',2011,6.16,26.34),
('Goldman Sachs',2012,11.20,29.79),
('Goldman Sachs',2013,11.73,31.86),
('Goldman Sachs',2014,12.35,32.02),
('Goldman Sachs',2015,8.77,31.21),
('Goldman Sachs',2016,10.30,28.05),
('Goldman Sachs',2017,11.13,29.28),
('Goldman Sachs',2018,12.48,33.86),
('Goldman Sachs',2019,10.58,33.27),
('Goldman Sachs',2020,12.47,46.37),
('Goldman Sachs',2021,27.04,59.33),
('Goldman Sachs',2022,13.48,47.36),
('Goldman Sachs',2023,10.73,46.25),
('Goldman Sachs',2024,11.98,48.24),
('HDFC Bank',2009,0.63,2.67),
('HDFC Bank',2010,1.13,3.59),
('HDFC Bank',2011,1.52,3.69),
('HDFC Bank',2012,1.69,4.07),
('HDFC Bank',2013,1.89,4.37),
('HDFC Bank',2014,2.29,4.84),
('HDFC Bank',2015,2.74,5.69),
('HDFC Bank',2016,3.14,6.52),
('HDFC Bank',2017,3.93,8.39),
('HDFC Bank',2018,4.50,9.26),
('HDFC Bank',2019,5.28,11.22),
('HDFC Bank',2020,5.53,12.43),
('HDFC Bank',2023,9.71,24.30),
('HDFC Bank',2024,9.92,34.07),
('Hermès',2001,0.27,1.08),
('Hermès',2002,0.34,1.29),
('Hermès',2003,0.42,1.54),
('Hermès',2004,0.49,1.80),
('Hermès',2005,0.45,1.69),
('Hermès',2006,0.54,1.99),
('Hermès',2007,0.63,2.37),
('Hermès',2008,0.65,2.46),
('Hermès',2009,0.64,2.74),
('Hermès',2010,0.87,3.19),
('Hermès',2011,1.16,3.68),
('Hermès',2012,1.45,4.60),
('Hermès',2013,1.64,5.18),
('Hermès',2014,1.55,5.00),
('Hermès',2015,1.63,5.29),
('Hermès',2016,1.73,5.47),
('Hermès',2017,2.26,6.65),
('Hermès',2018,2.36,6.82),
('Hermès',2019,2.54,7.71),
('Hermès',2020,2.44,7.85),
('Hermès',2021,3.89,10.17),
('Hermès',2022,4.97,12.44),
('Hermès',2023,6.45,14.84),
('Home Depot',1996,1.53,19.53),
('Home Depot',1997,2.01,24.15),
('Home Depot',1998,2.66,30.21),
('Home Depot',1999,3.79,38.43),
('Home Depot',2000,4.18,45.73),
('Home Depot',2001,4.93,53.55),
('Home Depot',2002,5.83,58.24),
('Home Depot',2003,6.84,64.81),
('Home Depot',2004,7.92,73.09),
('Home Depot',2005,9.36,81.51),
('Home Depot',2006,9.16,83.96),
('Home Depot',2007,7.24,77.34),
('Home Depot',2008,4.21,71.28),
('Home Depot',2009,4.65,66.17),
('Home Depot',2010,5.80,67.99),
('Home Depot',2011,6.67,70.39),
('Home Depot',2012,7.85,74.75),
('Home Depot',2013,9.17,78.81),
('Home Depot',2014,10.80,83.17),
('Home Depot',2015,11.94,88.51),
('Home Depot',2016,13.46,94.59),
('Home Depot',2017,14.75,100.90),
('Home Depot',2018,15.60,108.20),
('Home Depot',2019,15.91,110.22),
('Home Depot',2020,18.32,132.11),
('Home Depot',2021,23.08,151.15),
('Home Depot',2022,24.09,157.40),
('Home Depot',2023,21.86,152.66),
('Home Depot',2024,21.41,151.83),
('HSBC',2011,21.87,83.46),
('HSBC',2012,20.64,75.52),
('HSBC',2013,22.56,78.39),
('HSBC',2014,18.68,71.35),
('HSBC',2015,18.86,74.17),
('HSBC',2016,7.11,58.68),
('HSBC',2017,17.16,63.92),
('HSBC',2018,19.89,63.99),
('HSBC',2019,13.34,69.87),
('HSBC',2020,8.77,62.89),
('HSBC',2021,18.90,64.42),
('HSBC',2022,17.58,62.26),
('HSBC',2023,30.34,65.93),
('HSBC',2024,30.11,66.74),
('IBM',1996,8.58,74.32),
('IBM',1997,9.02,78.50),
('IBM',1998,9.04,79.07),
('IBM',1999,11.75,87.54),
('IBM',2000,11.53,88.39),
('IBM',2001,11.13,84.48),
('IBM',2002,7.52,81.18),
('IBM',2003,10.87,89.13),
('IBM',2004,10.98,96.08),
('IBM',2005,12.22,91.13),
('IBM',2006,13.31,89.67),
('IBM',2007,14.48,99.41),
('IBM',2008,16.71,103.63),
('IBM',2009,18.13,95.75),
('IBM',2010,19.72,99.87),
('IBM',2011,21.00,106.91),
('IBM',2012,21.90,104.50),
('IBM',2013,19.68,99.36),
('IBM',2014,19.98,92.79),
('IBM',2015,15.94,81.74),
('IBM',2016,12.33,79.92),
('IBM',2017,11.40,79.14),
('IBM',2018,11.34,79.59),
('IBM',2019,10.16,77.14),
('IBM',2020,4.63,73.62),
('IBM',2021,3.03,43.91),
('IBM',2022,1.15,60.52),
('IBM',2023,8.69,61.85),
('IBM',2024,8.70,62.06),
('ICBC',2007,15.28,33.95),
('ICBC',2008,21.10,44.82),
('ICBC',2009,24.51,45.06),
('ICBC',2010,32.05,56.39),
('ICBC',2011,42.38,73.67),
('ICBC',2012,49.04,84.91),
('ICBC',2013,55.23,95.91),
('ICBC',2014,58.46,106.16),
('ICBC',2015,57.71,110.30),
('ICBC',2016,54.61,101.14),
('ICBC',2017,54.24,107.90),
('ICBC',2018,56.10,115.86),
('ICBC',2019,56.67,123.39),
('ICBC',2020,57.16,128.20),
('ICBC',2021,65.68,145.30),
('ICBC',2022,62.71,131.51),
('ICBC',2023,59.57,118.32),
('ICBC',2024,58.25,115.67),
('Inditex',2008,2.18,14.62),
('Inditex',2009,2.44,15.56),
('Inditex',2010,3.14,16.90),
('Inditex',2011,3.57,19.37),
('Inditex',2012,4.08,20.77),
('Inditex',2013,4.10,22.46),
('Inditex',2014,4.06,22.92),
('Inditex',2015,4.10,22.91),
('Inditex',2016,4.49,25.74),
('Inditex',2017,5.11,29.71),
('Inditex',2018,5.14,30.44),
('Inditex',2019,5.20,31.46),
('Inditex',2020,1.70,23.94),
('Inditex',2021,4.87,32.19),
('Inditex',2022,5.54,33.89),
('Inditex',2023,7.47,39.16),
('Inditex',2024,7.59,39.42),
('International Holding Company',2015,-0.01,0.10),
('International Holding Company',2016,0.00,0.10),
('International Holding Company',2017,0.00,0.11),
('International Holding Company',2018,0.00,0.15),
('International Holding Company',2019,0.05,0.34),
('International Holding Company',2020,0.55,1.91),
('International Holding Company',2021,2.25,7.74),
('Intuit',1996,0.01,0.58),
('Intuit',1997,0.02,0.56),
('Intuit',1998,0.02,0.74),
('Intuit',1999,-0.02,1.01),
('Intuit',2000,0.15,1.13),
('Intuit',2001,0.18,1.26),
('Intuit',2002,0.26,1.32),
('Intuit',2003,0.42,1.68),
('Intuit',2004,0.46,1.88),
('Intuit',2005,0.52,2.14),
('Intuit',2006,0.54,2.39),
('Intuit',2007,0.63,2.81),
('Intuit',2008,0.65,3.04),
('Intuit',2009,0.71,3.20),
('Intuit',2010,0.85,3.55),
('Intuit',2011,1.13,4.01),
('Intuit',2012,1.10,3.96),
('Intuit',2013,1.12,3.87),
('Intuit',2014,1.26,4.46),
('Intuit',2015,1.11,4.28),
('Intuit',2016,1.18,4.85),
('Intuit',2017,1.59,5.63),
('Intuit',2018,1.77,6.41),
('Intuit',2019,1.96,7.12),
('Intuit',2020,2.13,7.71),
('Intuit',2021,2.61,11.41),
('Intuit',2022,2.72,13.68),
('Intuit',2023,3.62,15.09),
('Intuit',2024,3.96,15.81),
('Intuitive Surgical',2000,-0.02,0.03),
('Intuitive Surgical',2001,-0.02,0.05),
('Intuitive Surgical',2002,-0.02,0.07),
('Intuitive Surgical',2003,-0.01,0.09),
('Intuitive Surgical',2004,0.02,0.13),
('Intuitive Surgical',2005,0.07,0.22),
('Intuitive Surgical',2006,0.10,0.37),
('Intuitive Surgical',2007,0.20,0.60),
('Intuitive Surgical',2008,0.31,0.87),
('Intuitive Surgical',2009,0.37,1.05),
('Intuitive Surgical',2010,0.55,1.41),
('Intuitive Surgical',2011,0.69,1.75),
('Intuitive Surgical',2012,0.87,2.17),
('Intuitive Surgical',2013,0.85,2.26),
('Intuitive Surgical',2014,0.54,2.13),
('Intuitive Surgical',2015,0.74,2.38),
('Intuitive Surgical',2016,0.94,2.70),
('Intuitive Surgical',2017,1.06,3.13),
('Intuitive Surgical',2018,1.19,3.72),
('Intuitive Surgical',2019,1.37,4.47),
('Intuitive Surgical',2020,1.04,4.35),
('Intuitive Surgical',2021,1.82,5.71),
('Intuitive Surgical',2022,1.57,6.22),
('Intuitive Surgical',2023,1.76,7.12),
('Intuitive Surgical',2024,1.95,7.57),
('Johnson & Johnson',1996,4.30,21.62),
('Johnson & Johnson',1997,4.62,22.62),
('Johnson & Johnson',1998,5.04,23.65),
('Johnson & Johnson',1999,5.98,27.82),
('Johnson & Johnson',2000,6.58,29.53),
('Johnson & Johnson',2001,7.88,32.49),
('Johnson & Johnson',2002,9.67,36.29),
('Johnson & Johnson',2003,10.87,41.86),
('Johnson & Johnson',2004,12.86,47.34),
('Johnson & Johnson',2005,12.96,50.51),
('Johnson & Johnson',2006,13.70,53.32),
('Johnson & Johnson',2007,15.21,61.09),
('Johnson & Johnson',2008,17.96,63.74),
('Johnson & Johnson',2009,16.20,61.89),
('Johnson & Johnson',2010,17.40,61.58),
('Johnson & Johnson',2011,12.93,65.03),
('Johnson & Johnson',2012,14.30,67.22),
('Johnson & Johnson',2013,15.95,71.31),
('Johnson & Johnson',2014,21.09,74.33),
('Johnson & Johnson',2015,19.74,70.07),
('Johnson & Johnson',2016,20.52,71.89),
('Johnson & Johnson',2017,18.60,76.45),
('Johnson & Johnson',2018,19.00,81.58),
('Johnson & Johnson',2019,17.64,82.05),
('Johnson & Johnson',2020,16.69,82.58),
('Johnson & Johnson',2021,22.95,93.77),
('Johnson & Johnson',2022,21.35,91.14),
('Johnson & Johnson',2023,15.83,85.15),
('Johnson & Johnson',2024,20.27,86.57),
('JPMorgan Chase',1996,3.81,15.85),
('JPMorgan Chase',1997,5.91,16.80),
('JPMorgan Chase',1998,5.93,18.66),
('JPMorgan Chase',1999,8.37,22.21),
('JPMorgan Chase',2000,11.24,40.58),
('JPMorgan Chase',2001,2.56,29.12),
('JPMorgan Chase',2002,2.51,29.61),
('JPMorgan Chase',2003,10.02,33.25),
('JPMorgan Chase',2004,6.19,43.06),
('JPMorgan Chase',2005,12.02,54.13),
('JPMorgan Chase',2006,19.97,61.77),
('JPMorgan Chase',2007,22.80,71.37),
('JPMorgan Chase',2008,2.77,67.25),
('JPMorgan Chase',2009,16.06,100.43),
('JPMorgan Chase',2010,24.85,102.69),
('JPMorgan Chase',2011,26.74,97.23),
('JPMorgan Chase',2012,28.91,97.03),
('JPMorgan Chase',2013,25.91,96.60),
('JPMorgan Chase',2014,30.46,94.87),
('JPMorgan Chase',2015,30.70,93.02),
('JPMorgan Chase',2016,34.53,95.66),
('JPMorgan Chase',2017,35.90,99.75),
('JPMorgan Chase',2018,40.76,109.02),
('JPMorgan Chase',2019,44.54,115.49),
('JPMorgan Chase',2020,35.70,119.77),
('JPMorgan Chase',2021,59.56,121.68),
('JPMorgan Chase',2022,46.16,128.64),
('JPMorgan Chase',2023,61.61,155.29),
('JPMorgan Chase',2024,62.93,158.85),
('Kweichow Moutai',2002,0.08,0.22),
('Kweichow Moutai',2003,0.11,0.29),
('Kweichow Moutai',2004,0.17,0.36),
('Kweichow Moutai',2005,0.23,0.48),
('Kweichow Moutai',2006,0.32,0.62),
('Kweichow Moutai',2007,0.60,0.96),
('Kweichow Moutai',2008,0.76,1.19),
('Kweichow Moutai',2009,0.87,1.41),
('Kweichow Moutai',2010,1.03,1.72),
('Kweichow Moutai',2011,1.86,2.86),
('Kweichow Moutai',2012,2.97,4.20),
('Kweichow Moutai',2013,3.49,5.07),
('Kweichow Moutai',2014,3.53,5.20),
('Kweichow Moutai',2015,3.50,5.29),
('Kweichow Moutai',2016,3.60,6.00),
('Kweichow Moutai',2017,5.78,9.12),
('Kweichow Moutai',2018,7.59,11.57),
('Kweichow Moutai',2019,8.53,12.83),
('Kweichow Moutai',2020,9.69,14.30),
('Kweichow Moutai',2021,11.52,16.93),
('Kweichow Moutai',2022,12.99,18.88),
('Kweichow Moutai',2023,14.66,21.28),
('Kweichow Moutai',2024,15.08,21.98),
('L\'Oréal',1998,1.16,11.37),
('L\'Oréal',1999,1.13,10.81),
('L\'Oréal',2000,1.24,11.93),
('L\'Oréal',2001,1.32,12.13),
('L\'Oréal',2002,1.77,14.93),
('L\'Oréal',2003,2.35,17.66),
('L\'Oréal',2004,2.79,18.50),
('L\'Oréal',2005,2.81,17.21),
('L\'Oréal',2006,3.40,20.83),
('L\'Oréal',2007,5.13,24.91),
('L\'Oréal',2008,3.67,24.52),
('L\'Oréal',2009,3.54,25.03),
('L\'Oréal',2010,4.19,25.93),
('L\'Oréal',2011,4.50,26.41),
('L\'Oréal',2012,4.96,28.62),
('L\'Oréal',2013,5.42,30.55),
('L\'Oréal',2014,4.73,27.40),
('L\'Oréal',2015,4.89,26.55),
('L\'Oréal',2016,4.51,26.20),
('L\'Oréal',2017,5.67,31.22),
('L\'Oréal',2018,5.93,30.81),
('L\'Oréal',2019,6.06,33.46),
('L\'Oréal',2020,5.87,34.42),
('L\'Oréal',2021,6.84,36.56),
('L\'Oréal',2022,8.16,41.04),
('L\'Oréal',2023,8.84,45.52),
('Linde',1996,0.70,4.44),
('Linde',1997,0.82,4.73),
('Linde',1998,0.85,4.83),
('Linde',1999,0.80,4.63),
('Linde',2000,0.69,5.04),
('Linde',2001,0.80,5.15),
('Linde',2002,0.92,5.12),
('Linde',2003,0.92,5.61),
('Linde',2004,1.10,6.59),
('Linde',2005,1.29,7.65),
('Linde',2006,1.51,8.32),
('Linde',2007,1.78,9.40),
('Linde',2008,1.90,10.79),
('Linde',2009,1.57,8.95),
('Linde',2010,2.08,10.11),
('Linde',2011,2.47,11.25),
('Linde',2012,2.45,11.22),
('Linde',2013,2.62,11.92),
('Linde',2014,2.60,12.27),
('Linde',2015,2.32,10.77),
('Linde',2016,2.23,10.53),
('Linde',2017,2.44,11.43),
('Linde',2018,5.25,14.85),
('Linde',2019,3.12,28.22),
('Linde',2020,3.63,27.24),
('Linde',2021,5.26,30.79),
('Linde',2022,5.75,33.36),
('Linde',2023,8.40,32.85),
('Linde',2024,8.56,32.76),
('LVMH',2001,0.58,10.80),
('LVMH',2002,1.37,13.26),
('LVMH',2003,2.03,15.06),
('LVMH',2004,2.64,16.93),
('LVMH',2005,2.81,16.47),
('LVMH',2006,3.95,20.19),
('LVMH',2007,4.63,24.06),
('LVMH',2008,4.47,24.03),
('LVMH',2009,4.03,24.43),
('LVMH',2010,6.35,27.02),
('LVMH',2011,6.37,30.72),
('LVMH',2012,7.58,36.99),
('LVMH',2013,7.87,40.07),
('LVMH',2014,10.18,37.26),
('LVMH',2015,6.52,38.99),
('LVMH',2016,6.92,39.54),
('LVMH',2017,9.66,51.15),
('LVMH',2018,10.85,53.56),
('LVMH',2019,12.00,60.12),
('LVMH',2020,9.05,54.92),
('LVMH',2021,19.48,72.72),
('LVMH',2022,21.57,84.93),
('LVMH',2023,23.90,95.23),
('Mastercard',2003,-0.62,2.23),
('Mastercard',2004,0.34,2.59),
('Mastercard',2005,0.39,2.93),
('Mastercard',2006,0.29,3.32),
('Mastercard',2007,1.67,4.06),
('Mastercard',2008,-0.39,4.99),
('Mastercard',2009,2.21,5.09),
('Mastercard',2010,2.75,5.53),
('Mastercard',2011,2.74,6.71),
('Mastercard',2012,3.93,7.39),
('Mastercard',2013,4.50,8.34),
('Mastercard',2014,5.07,9.44),
('Mastercard',2015,4.95,9.66),
('Mastercard',2016,5.64,10.77),
('Mastercard',2017,6.52,12.49),
('Mastercard',2018,7.20,14.95),
('Mastercard',2019,9.73,16.88),
('Mastercard',2020,7.76,15.30),
('Mastercard',2021,10.30,18.88),
('Mastercard',2022,11.73,22.23),
('Mastercard',2023,13.63,25.09),
('Mastercard',2024,14.34,25.69),
('McDonald',1996,2.25,10.68),
('McDonald',1997,2.40,11.40),
('McDonald',1998,2.30,12.42),
('McDonald',1999,2.88,13.25),
('McDonald',2000,2.88,14.24),
('McDonald',2001,2.32,14.87),
('McDonald',2002,1.66,15.40),
('McDonald',2003,2.34,17.14),
('McDonald',2004,3.20,19.06),
('McDonald',2005,3.70,20.46),
('McDonald',2006,3.88,20.81),
('McDonald',2007,3.57,22.78),
('McDonald',2008,6.15,23.52),
('McDonald',2009,6.48,22.74),
('McDonald',2010,7.00,24.07),
('McDonald',2011,8.01,27.00),
('McDonald',2012,8.07,27.56),
('McDonald',2013,8.20,28.10),
('McDonald',2014,7.37,27.44),
('McDonald',2015,6.55,25.41),
('McDonald',2016,6.86,24.62),
('McDonald',2017,8.57,22.82),
('McDonald',2018,7.81,21.02),
('McDonald',2019,8.01,21.28),
('McDonald',2020,6.14,19.20),
('McDonald',2021,9.12,23.22),
('McDonald',2022,7.82,23.18),
('McDonald',2023,10.52,25.49),
('McDonald',2024,10.66,25.76),
('Merck',1996,4.98,19.82),
('Merck',1997,5.66,23.63),
('Merck',1998,6.37,26.89),
('Merck',1999,7.59,32.71),
('Merck',2000,9.08,40.36),
('Merck',2001,9.72,47.71),
('Merck',2002,9.48,44.32),
('Merck',2003,8.37,22.48),
('Merck',2004,6.62,22.93),
('Merck',2005,5.86,22.01),
('Merck',2006,3.68,22.63),
('Merck',2007,5.61,24.19),
('Merck',2008,9.48,23.85),
('Merck',2009,15.74,27.42),
('Merck',2010,2.36,45.98),
('Merck',2011,8.05,48.04),
('Merck',2012,9.45,47.26),
('Merck',2013,6.34,44.03),
('Merck',2014,18.01,42.23),
('Merck',2015,6.07,39.49),
('Merck',2016,5.35,39.80),
('Merck',2017,7.27,40.12),
('Merck',2018,9.47,42.29),
('Merck',2019,12.35,46.84),
('Merck',2020,8.12,44.85),
('Merck',2021,14.68,48.70),
('Merck',2022,17.40,59.28),
('Merck',2023,3.03,60.11),
('Merck',2024,5.11,61.40),
('Meta Platforms (Facebook)',2011,1.73,3.71),
('Meta Platforms (Facebook)',2012,0.54,5.08),
('Meta Platforms (Facebook)',2013,2.79,7.87),
('Meta Platforms (Facebook)',2014,4.93,12.46),
('Meta Platforms (Facebook)',2015,6.21,17.92),
('Meta Platforms (Facebook)',2016,12.51,27.63),
('Meta Platforms (Facebook)',2017,20.59,40.65),
('Meta Platforms (Facebook)',2018,25.37,55.83),
('Meta Platforms (Facebook)',2019,24.83,70.69),
('Meta Platforms (Facebook)',2020,32.67,85.96),
('Meta Platforms (Facebook)',2021,46.75,117.92),
('Meta Platforms (Facebook)',2022,29.14,116.60),
('Meta Platforms (Facebook)',2023,47.87,134.90),
('Meta Platforms (Facebook)',2024,54.82,142.71),
('Microsoft',1996,3.80,9.43),
('Microsoft',1997,6.20,13.09),
('Microsoft',1998,9.69,17.15),
('Microsoft',1999,13.34,22.61),
('Microsoft',2000,15.03,23.77),
('Microsoft',2001,9.00,26.72),
('Microsoft',2002,11.91,30.78),
('Microsoft',2003,12.27,34.26),
('Microsoft',2004,14.92,38.47),
('Microsoft',2005,17.37,41.35),
('Microsoft',2006,17.41,46.05),
('Microsoft',2007,24.29,57.89),
('Microsoft',2008,22.40,61.98),
('Microsoft',2009,21.84,58.68),
('Microsoft',2010,27.09,66.69),
('Microsoft',2011,27.88,72.05),
('Microsoft',2012,20.02,72.93),
('Microsoft',2013,28.03,83.43),
('Microsoft',2014,27.28,93.45),
('Microsoft',2015,16.12,88.08),
('Microsoft',2016,23.23,88.89),
('Microsoft',2017,29.79,99.98),
('Microsoft',2018,39.92,118.45),
('Microsoft',2019,49.85,134.24),
('Microsoft',2020,60.72,153.28),
('Microsoft',2021,79.68,184.90),
('Microsoft',2022,82.58,204.09),
('Microsoft',2023,101.21,227.58),
('Microsoft',2024,105.26,236.58),
('Morgan Stanley',1996,1.84,8.74),
('Morgan Stanley',1997,3.80,14.50),
('Morgan Stanley',1998,5.34,17.61),
('Morgan Stanley',1999,7.72,22.50),
('Morgan Stanley',2000,8.52,27.27),
('Morgan Stanley',2001,5.68,22.68),
('Morgan Stanley',2002,4.63,20.45),
('Morgan Stanley',2003,4.88,22.02),
('Morgan Stanley',2004,6.30,24.82),
('Morgan Stanley',2005,7.05,27.27),
('Morgan Stanley',2006,10.58,32.20),
('Morgan Stanley',2007,3.83,27.56),
('Morgan Stanley',2008,2.28,20.08),
('Morgan Stanley',2009,1.44,21.20),
('Morgan Stanley',2010,6.20,29.65),
('Morgan Stanley',2011,6.17,30.40),
('Morgan Stanley',2012,0.50,23.19),
('Morgan Stanley',2013,4.53,30.73),
('Morgan Stanley',2014,3.59,32.46),
('Morgan Stanley',2015,8.49,33.26),
('Morgan Stanley',2016,8.84,32.71),
('Morgan Stanley',2017,10.40,35.85),
('Morgan Stanley',2018,11.23,37.71),
('Morgan Stanley',2019,11.30,38.92),
('Morgan Stanley',2020,14.41,45.87),
('Morgan Stanley',2021,19.66,56.41),
('Morgan Stanley',2022,14.08,50.21),
('Morgan Stanley',2023,11.81,50.66),
('Morgan Stanley',2024,12.44,51.24),
('Nestlé',1998,6.80,80.91),
('Nestlé',1999,7.73,84.20),
('Nestlé',2000,9.40,91.83),
('Nestlé',2001,9.88,95.52),
('Nestlé',2002,10.92,100.55),
('Nestlé',2003,6.71,71.14),
('Nestlé',2004,6.85,74.25),
('Nestlé',2005,7.88,69.24),
('Nestlé',2006,9.94,80.92),
('Nestlé',2007,11.94,95.01),
('Nestlé',2008,9.91,98.84),
('Nestlé',2009,11.44,97.25),
('Nestlé',2010,12.17,94.18),
('Nestlé',2011,12.84,89.29),
('Nestlé',2012,13.89,98.54),
('Nestlé',2013,14.01,104.11),
('Nestlé',2014,10.38,92.92),
('Nestlé',2015,11.92,90.16),
('Nestlé',2016,12.29,88.13),
('Nestlé',2017,9.71,92.34),
('Nestlé',2018,13.20,93.27),
('Nestlé',2019,15.54,95.87),
('Nestlé',2020,15.79,96.05),
('Nestlé',2021,11.82,95.73),
('Nestlé',2022,12.21,102.59),
('Nestlé',2023,15.10,111.03),
('Netflix',2003,-0.01,0.27),
('Netflix',2004,0.00,0.50),
('Netflix',2005,0.00,0.67),
('Netflix',2006,0.06,0.99),
('Netflix',2007,0.09,1.20),
('Netflix',2008,0.13,1.36),
('Netflix',2009,0.19,1.67),
('Netflix',2010,0.28,2.16),
('Netflix',2011,0.37,3.20),
('Netflix',2012,0.05,3.60),
('Netflix',2013,0.20,4.37),
('Netflix',2014,0.40,5.50),
('Netflix',2015,0.31,6.77),
('Netflix',2016,0.41,8.83),
('Netflix',2017,0.85,11.69),
('Netflix',2018,1.71,15.79),
('Netflix',2019,2.74,20.15),
('Netflix',2020,4.60,24.99),
('Netflix',2021,6.66,29.69),
('Netflix',2022,5.97,31.61),
('Netflix',2023,7.02,33.72),
('Netflix',2024,8.92,36.30),
('Nextera Energy',1996,1.17,6.03),
('Nextera Energy',1997,1.22,6.36),
('Nextera Energy',1998,1.25,6.66),
('Nextera Energy',1999,1.17,6.43),
('Nextera Energy',2000,1.24,7.08),
('Nextera Energy',2001,1.39,8.47),
('Nextera Energy',2002,1.18,8.38),
('Nextera Energy',2003,1.53,9.34),
('Nextera Energy',2004,1.49,10.52),
('Nextera Energy',2005,1.49,11.84),
('Nextera Energy',2006,2.10,15.71),
('Nextera Energy',2007,2.28,15.26),
('Nextera Energy',2008,2.79,16.40),
('Nextera Energy',2009,2.79,15.64),
('Nextera Energy',2010,3.46,15.31),
('Nextera Energy',2011,3.48,15.34),
('Nextera Energy',2012,3.64,14.25),
('Nextera Energy',2013,3.57,15.13),
('Nextera Energy',2014,4.90,17.02),
('Nextera Energy',2015,5.20,17.48),
('Nextera Energy',2016,5.48,16.15),
('Nextera Energy',2017,6.22,17.19),
('Nextera Energy',2018,8.83,16.71),
('Nextera Energy',2019,6.08,19.20),
('Nextera Energy',2020,4.36,17.99),
('Nextera Energy',2021,3.77,17.06),
('Nextera Energy',2022,4.86,20.95),
('Nextera Energy',2023,10.61,28.11),
('Nextera Energy',2024,8.60,25.85),
('Novartis',2000,0.80,20.81),
('Novartis',2001,1.46,19.46),
('Novartis',2002,9.86,23.32),
('Novartis',2003,6.06,24.86),
('Novartis',2004,6.90,28.24),
('Novartis',2005,7.26,32.45),
('Novartis',2006,7.95,35.00),
('Novartis',2007,7.45,38.76),
('Novartis',2008,9.49,42.58),
('Novartis',2009,9.92,45.10),
('Novartis',2010,11.70,51.56),
('Novartis',2011,10.77,59.37),
('Novartis',2012,11.00,57.56),
('Novartis',2013,10.68,55.75),
('Novartis',2014,12.27,53.63),
('Novartis',2015,8.13,50.38),
('Novartis',2016,7.81,49.43),
('Novartis',2017,8.99,50.13),
('Novartis',2018,14.02,47.86),
('Novartis',2019,8.94,48.67),
('Novartis',2020,9.87,49.89),
('Novartis',2021,26.13,52.87),
('Novartis',2022,8.03,49.76),
('Novartis',2023,9.12,46.66),
('Novartis',2024,10.89,48.86),
('Novo Nordisk',1997,0.27,2.42),
('Novo Nordisk',1998,0.30,2.70),
('Novo Nordisk',1999,0.40,3.04),
('Novo Nordisk',2000,0.53,4.28),
('Novo Nordisk',2001,1.88,3.51),
('Novo Nordisk',2002,0.88,3.54),
('Novo Nordisk',2003,0.76,4.23),
('Novo Nordisk',2004,1.18,4.94),
('Novo Nordisk',2005,1.31,5.51),
('Novo Nordisk',2006,1.55,6.62),
('Novo Nordisk',2007,1.66,7.85),
('Novo Nordisk',2008,2.60,9.10),
('Novo Nordisk',2009,2.87,9.65),
('Novo Nordisk',2010,3.59,10.73),
('Novo Nordisk',2011,4.22,12.25),
('Novo Nordisk',2012,4.87,13.62),
('Novo Nordisk',2013,5.79,14.89),
('Novo Nordisk',2014,5.99,15.51),
('Novo Nordisk',2015,6.49,15.99),
('Novo Nordisk',2016,7.10,16.57),
('Novo Nordisk',2017,7.42,17.22),
('Novo Nordisk',2018,7.55,17.62),
('Novo Nordisk',2019,7.30,18.27),
('Novo Nordisk',2020,8.26,19.72),
('Novo Nordisk',2021,9.29,22.01),
('Novo Nordisk',2022,9.78,25.05),
('Novo Nordisk',2023,15.42,33.81),
('Novo Nordisk',2024,16.56,35.45),
('NVIDIA',1999,0.05,0.37),
('NVIDIA',2000,0.13,0.73),
('NVIDIA',2001,0.24,1.36),
('NVIDIA',2002,0.14,1.90),
('NVIDIA',2003,0.09,1.82),
('NVIDIA',2004,0.11,2.01),
('NVIDIA',2005,0.33,2.37),
('NVIDIA',2006,0.45,3.06),
('NVIDIA',2007,0.83,4.09),
('NVIDIA',2008,-0.04,3.42),
('NVIDIA',2009,-0.08,3.32),
('NVIDIA',2010,0.27,3.54),
('NVIDIA',2011,0.66,3.99),
('NVIDIA',2012,0.66,4.28),
('NVIDIA',2013,0.53,4.13),
('NVIDIA',2014,0.80,4.68),
('NVIDIA',2015,0.79,5.01),
('NVIDIA',2016,1.96,6.91),
('NVIDIA',2017,3.25,9.71),
('NVIDIA',2018,3.95,11.71),
('NVIDIA',2019,3.02,10.91),
('NVIDIA',2020,4.59,16.67),
('NVIDIA',2021,10.17,26.91),
('NVIDIA',2022,4.44,26.97),
('NVIDIA',2023,34.07,60.92),
('NVIDIA',2024,49.14,79.77),
('Oracle',1996,1.06,4.84),
('Oracle',1997,1.34,6.30),
('Oracle',1998,1.58,7.96),
('Oracle',1999,2.13,9.32),
('Oracle',2000,3.76,10.74),
('Oracle',2001,3.73,10.56),
('Oracle',2002,3.37,9.43),
('Oracle',2003,3.59,9.70),
('Oracle',2004,4.22,10.55),
('Oracle',2005,4.35,12.88),
('Oracle',2006,5.41,16.07),
('Oracle',2007,6.87,20.08),
('Oracle',2008,8.52,23.52),
('Oracle',2009,8.80,23.22),
('Oracle',2010,9.89,31.99),
('Oracle',2011,13.18,36.70),
('Oracle',2012,14.27,37.23),
('Oracle',2013,14.64,37.55),
('Oracle',2014,14.83,38.82),
('Oracle',2015,13.16,37.47),
('Oracle',2016,13.11,37.23),
('Oracle',2017,13.66,38.79),
('Oracle',2018,14.77,39.68),
('Oracle',2019,14.23,39.58),
('Oracle',2020,14.58,39.40),
('Oracle',2021,11.28,41.40),
('Oracle',2022,13.27,46.07),
('Oracle',2023,14.04,51.62),
('Oracle',2024,15.25,52.96),
('Pepsico',1996,3.36,31.64),
('Pepsico',1997,3.57,23.53),
('Pepsico',1998,2.87,22.34),
('Pepsico',1999,2.88,20.36),
('Pepsico',2000,3.49,21.95),
('Pepsico',2001,4.16,23.94),
('Pepsico',2002,4.96,25.18),
('Pepsico',2003,4.89,26.97),
('Pepsico',2004,5.40,29.26),
('Pepsico',2005,5.92,32.56),
('Pepsico',2006,6.42,34.95),
('Pepsico',2007,7.17,39.47),
('Pepsico',2008,7.85,43.25),
('Pepsico',2009,8.47,43.23),
('Pepsico',2010,9.13,57.83),
('Pepsico',2011,9.69,66.50),
('Pepsico',2012,9.20,65.49),
('Pepsico',2013,9.80,66.41),
('Pepsico',2014,9.66,66.68),
('Pepsico',2015,8.41,63.05),
('Pepsico',2016,9.89,62.79),
('Pepsico',2017,10.75,63.52),
('Pepsico',2018,10.71,64.66),
('Pepsico',2019,10.30,67.16),
('Pepsico',2020,10.19,70.37),
('Pepsico',2021,11.68,79.47),
('Pepsico',2022,11.64,86.39),
('Pepsico',2023,12.23,91.47),
('Pepsico',2024,12.70,92.05),
('PetroChina',2009,14.12,149.42),
('PetroChina',2010,21.25,218.32),
('PetroChina',2011,29.05,312.39),
('PetroChina',2012,30.43,349.02),
('PetroChina',2013,30.31,368.71),
('PetroChina',2014,38.00,369.10),
('PetroChina',2015,30.38,273.73),
('PetroChina',2016,13.88,241.80),
('PetroChina',2017,14.31,300.89),
('PetroChina',2018,10.97,353.83),
('PetroChina',2019,20.59,364.12),
('PetroChina',2020,19.36,281.80),
('PetroChina',2021,12.26,404.61),
('PetroChina',2022,27.48,479.13),
('PetroChina',2023,36.90,424.78),
('PetroChina',2024,36.82,430.65),
('Pfizer',1996,3.01,11.30),
('Pfizer',1997,3.28,12.15),
('Pfizer',1998,3.60,13.54),
('Pfizer',1999,5.76,21.69),
('Pfizer',2000,8.51,29.41),
('Pfizer',2001,10.97,32.18),
('Pfizer',2002,11.94,30.23),
('Pfizer',2003,10.74,44.93),
('Pfizer',2004,17.02,52.51),
('Pfizer',2005,14.60,49.39),
('Pfizer',2006,14.28,48.37),
('Pfizer',2007,10.33,48.41),
('Pfizer',2008,14.87,48.29),
('Pfizer',2009,12.11,50.00),
('Pfizer',2010,11.11,67.26),
('Pfizer',2011,14.11,66.34),
('Pfizer',2012,13.11,56.87),
('Pfizer',2013,17.13,51.58),
('Pfizer',2014,13.60,49.60),
('Pfizer',2015,10.16,48.85),
('Pfizer',2016,9.53,52.82),
('Pfizer',2017,13.57,52.54),
('Pfizer',2018,13.20,53.64),
('Pfizer',2019,19.25,51.75),
('Pfizer',2020,5.29,36.17),
('Pfizer',2021,25.96,81.08),
('Pfizer',2022,35.96,100.33),
('Pfizer',2023,3.26,58.70),
('Pfizer',2024,0.89,55.09),
('Philip Morris',2006,8.36,48.26),
('Philip Morris',2007,9.02,22.79),
('Philip Morris',2008,10.17,25.29),
('Philip Morris',2009,10.04,25.03),
('Philip Morris',2010,11.27,27.20),
('Philip Morris',2011,13.46,31.09),
('Philip Morris',2012,13.99,31.37),
('Philip Morris',2013,13.66,31.21),
('Philip Morris',2014,11.82,29.76),
('Philip Morris',2015,10.74,26.79),
('Philip Morris',2016,10.99,26.68),
('Philip Morris',2017,11.68,28.74),
('Philip Morris',2018,11.52,29.62),
('Philip Morris',2019,10.66,29.80),
('Philip Morris',2020,11.68,28.69),
('Philip Morris',2021,12.96,31.40),
('Philip Morris',2022,12.40,31.76),
('Philip Morris',2023,11.97,35.17),
('Philip Morris',2024,13.16,36.44),
('Pinduoduo',2017,-0.09,0.26),
('Pinduoduo',2018,-1.59,1.94),
('Pinduoduo',2019,-0.99,4.33),
('Pinduoduo',2020,-0.94,8.79),
('Pinduoduo',2021,1.67,14.53),
('Pinduoduo',2022,5.31,19.19),
('Pinduoduo',2023,10.12,34.87),
('Pinduoduo',2024,13.30,41.41),
('Procter & Gamble',1996,5.09,35.21),
('Procter & Gamble',1997,5.84,36.71),
('Procter & Gamble',1998,6.33,37.60),
('Procter & Gamble',1999,6.23,39.18),
('Procter & Gamble',2000,5.75,39.59),
('Procter & Gamble',2001,4.87,39.26),
('Procter & Gamble',2002,7.47,41.87),
('Procter & Gamble',2003,8.81,46.99),
('Procter & Gamble',2004,10.30,54.18),
('Procter & Gamble',2005,11.79,61.67),
('Procter & Gamble',2006,14.70,73.60),
('Procter & Gamble',2007,16.05,79.20),
('Procter & Gamble',2008,16.65,82.03),
('Procter & Gamble',2009,16.37,77.36),
('Procter & Gamble',2010,15.60,79.57),
('Procter & Gamble',2011,14.32,84.02),
('Procter & Gamble',2012,15.83,83.32),
('Procter & Gamble',2013,14.63,83.18),
('Procter & Gamble',2014,13.95,75.92),
('Procter & Gamble',2015,12.27,68.16),
('Procter & Gamble',2016,13.45,65.23),
('Procter & Gamble',2017,14.49,65.73),
('Procter & Gamble',2018,13.93,66.91),
('Procter & Gamble',2019,7.53,69.59),
('Procter & Gamble',2020,17.66,73.97),
('Procter & Gamble',2021,18.15,78.34),
('Procter & Gamble',2022,18.07,80.28),
('Procter & Gamble',2023,19.75,83.93),
('Procter & Gamble',2024,20.06,84.06),
('Prosus',2017,0.54,1.83),
('Prosus',2018,11.58,2.30),
('Prosus',2019,4.70,2.65),
('Prosus',2020,3.96,3.33),
('Prosus',2021,7.59,5.11),
('Prosus',2022,18.99,5.22),
('Prosus',2023,10.07,5.76),
('QUALCOMM',1996,0.00,1.05),
('QUALCOMM',1997,0.13,2.49),
('QUALCOMM',1998,0.26,3.50),
('QUALCOMM',1999,0.58,4.11),
('QUALCOMM',2000,0.10,2.73),
('QUALCOMM',2001,0.58,2.69),
('QUALCOMM',2002,0.93,3.43),
('QUALCOMM',2003,1.44,4.05),
('QUALCOMM',2004,2.14,5.06),
('QUALCOMM',2005,2.44,6.02),
('QUALCOMM',2006,2.62,7.80),
('QUALCOMM',2007,3.06,9.29),
('QUALCOMM',2008,3.48,11.21),
('QUALCOMM',2009,2.70,10.56),
('QUALCOMM',2010,4.62,11.66),
('QUALCOMM',2011,6.05,16.29),
('QUALCOMM',2012,7.23,20.45),
('QUALCOMM',2013,7.64,25.47),
('QUALCOMM',2014,9.32,26.96),
('QUALCOMM',2015,6.07,23.95),
('QUALCOMM',2016,6.30,23.77),
('QUALCOMM',2017,2.66,22.32),
('QUALCOMM',2018,1.78,21.44),
('QUALCOMM',2019,8.48,24.50),
('QUALCOMM',2020,7.97,26.69),
('QUALCOMM',2021,12.09,36.03),
('QUALCOMM',2022,14.02,42.95),
('QUALCOMM',2023,8.73,36.29),
('QUALCOMM',2024,9.33,36.40),
('Raytheon Technologies',1996,1.54,23.27),
('Raytheon Technologies',1997,1.74,24.49),
('Raytheon Technologies',1998,2.01,23.32),
('Raytheon Technologies',1999,1.23,23.84),
('Raytheon Technologies',2000,2.76,26.20),
('Raytheon Technologies',2001,3.23,27.89),
('Raytheon Technologies',2002,3.65,28.21),
('Raytheon Technologies',2003,3.84,31.03),
('Raytheon Technologies',2004,4.34,37.44),
('Raytheon Technologies',2005,5.18,42.72),
('Raytheon Technologies',2006,6.09,47.82),
('Raytheon Technologies',2007,7.05,54.75),
('Raytheon Technologies',2008,7.62,59.48),
('Raytheon Technologies',2009,6.46,52.92),
('Raytheon Technologies',2010,7.24,54.28),
('Raytheon Technologies',2011,8.06,56.35),
('Raytheon Technologies',2012,7.80,57.70),
('Raytheon Technologies',2013,9.34,62.62),
('Raytheon Technologies',2014,9.85,63.54),
('Raytheon Technologies',2015,7.41,56.09),
('Raytheon Technologies',2016,8.29,57.24),
('Raytheon Technologies',2017,8.78,59.83),
('Raytheon Technologies',2018,9.50,66.50),
('Raytheon Technologies',2019,7.71,60.61),
('Raytheon Technologies',2020,-0.95,56.58),
('Raytheon Technologies',2021,6.22,64.38),
('Raytheon Technologies',2022,7.36,67.07),
('Raytheon Technologies',2023,5.48,68.92),
('Raytheon Technologies',2024,4.54,72.41),
('Reliance Industries',2014,4.93,67.30),
('Reliance Industries',2015,5.81,43.64),
('Reliance Industries',2016,5.86,41.71),
('Reliance Industries',2017,7.18,55.61),
('Reliance Industries',2018,7.92,78.97),
('Reliance Industries',2019,8.31,85.62),
('Reliance Industries',2020,6.49,60.98),
('Reliance Industries',2021,10.53,86.61),
('Reliance Industries',2022,11.61,109.43),
('Reliance Industries',2023,12.21,106.14),
('Reliance Industries',2024,12.61,108.57),
('Roche',1998,6.15,27.81),
('Roche',1999,8.52,31.09),
('Roche',2000,10.67,32.33),
('Roche',2001,5.37,32.89),
('Roche',2002,-3.61,33.21),
('Roche',2003,3.94,25.24),
('Roche',2004,5.77,25.88),
('Roche',2005,6.96,26.98),
('Roche',2006,10.34,34.55),
('Roche',2007,13.51,40.75),
('Roche',2008,13.57,43.74),
('Roche',2009,9.89,47.42),
('Roche',2010,11.99,50.80),
('Roche',2011,12.66,45.33),
('Roche',2012,13.32,49.85),
('Roche',2013,16.54,52.72),
('Roche',2014,12.66,48.01),
('Roche',2015,12.13,48.72),
('Roche',2016,12.76,49.64),
('Roche',2017,12.57,54.73),
('Roche',2018,14.38,57.79),
('Roche',2019,17.15,63.45),
('Roche',2020,20.37,66.15),
('Roche',2021,19.04,68.73),
('Roche',2022,17.67,71.24),
('Roche',2023,16.74,71.88),
('Royal Bank Of Canada',1996,1.76,6.08),
('Royal Bank Of Canada',1997,2.03,6.73),
('Royal Bank Of Canada',1998,1.84,6.80),
('Royal Bank Of Canada',1999,2.05,7.39),
('Royal Bank Of Canada',2000,2.54,8.40),
('Royal Bank Of Canada',2001,2.43,9.82),
('Royal Bank Of Canada',2002,2.70,10.06),
('Royal Bank Of Canada',2003,3.17,13.01),
('Royal Bank Of Canada',2004,3.43,14.37),
('Royal Bank Of Canada',2005,4.00,16.18),
('Royal Bank Of Canada',2006,5.78,18.80),
('Royal Bank Of Canada',2007,6.35,21.81),
('Royal Bank Of Canada',2008,5.38,20.67),
('Royal Bank Of Canada',2009,5.65,26.78),
('Royal Bank Of Canada',2010,7.68,27.58),
('Royal Bank Of Canada',2011,8.94,28.49),
('Royal Bank Of Canada',2012,10.05,30.11),
('Royal Bank Of Canada',2013,9.97,29.58),
('Royal Bank Of Canada',2014,10.63,30.70),
('Royal Bank Of Canada',2015,9.68,26.81),
('Royal Bank Of Canada',2016,10.73,28.83),
('Royal Bank Of Canada',2017,11.62,32.69),
('Royal Bank Of Canada',2018,12.01,33.20),
('Royal Bank Of Canada',2019,12.38,35.49),
('Royal Bank Of Canada',2020,11.21,35.44),
('Royal Bank Of Canada',2021,16.93,39.78),
('Royal Bank Of Canada',2022,15.17,37.33),
('Royal Bank Of Canada',2023,12.92,40.41),
('Royal Bank Of Canada',2024,13.28,40.75),
('S&P Global',1996,0.42,3.07),
('S&P Global',1997,0.48,3.53),
('S&P Global',1998,0.55,3.72),
('S&P Global',1999,0.67,3.99),
('S&P Global',2000,0.75,4.26),
('S&P Global',2001,0.65,4.64),
('S&P Global',2002,0.92,4.75),
('S&P Global',2003,1.13,4.77),
('S&P Global',2004,1.17,5.30),
('S&P Global',2005,1.36,6.00),
('S&P Global',2006,1.41,6.25),
('S&P Global',2007,1.66,6.77),
('S&P Global',2008,1.35,6.35),
('S&P Global',2009,1.25,5.95),
('S&P Global',2010,1.40,6.14),
('S&P Global',2011,1.41,6.24),
('S&P Global',2012,0.96,2.84),
('S&P Global',2013,1.39,4.83),
('S&P Global',2014,0.11,5.05),
('S&P Global',2015,1.91,5.31),
('S&P Global',2016,3.36,5.66),
('S&P Global',2017,2.61,6.06),
('S&P Global',2018,2.81,6.25),
('S&P Global',2019,3.12,6.69),
('S&P Global',2020,3.36,7.44),
('S&P Global',2021,4.28,8.29),
('S&P Global',2022,5.00,11.18),
('S&P Global',2023,4.00,12.49),
('S&P Global',2024,4.26,12.82),
('Salesforce',2003,-0.02,0.09),
('Salesforce',2004,0.01,0.17),
('Salesforce',2005,0.03,0.30),
('Salesforce',2006,0.01,0.49),
('Salesforce',2007,0.05,0.74),
('Salesforce',2008,0.09,1.07),
('Salesforce',2009,0.14,1.30),
('Salesforce',2010,0.10,1.65),
('Salesforce',2011,-0.03,2.26),
('Salesforce',2012,-0.13,3.05),
('Salesforce',2013,-0.36,4.07),
('Salesforce',2014,-0.22,5.37),
('Salesforce',2015,0.06,6.66),
('Salesforce',2016,0.03,8.39),
('Salesforce',2017,0.28,10.52),
('Salesforce',2018,0.98,13.28),
('Salesforce',2019,0.70,17.09),
('Salesforce',2020,2.56,21.25),
('Salesforce',2021,1.53,26.49),
('Salesforce',2022,0.66,31.35),
('Salesforce',2023,4.95,34.85),
('Salesforce',2024,6.49,35.74),
('Samsung',2007,10.45,106.73),
('Samsung',2008,6.24,104.33),
('Samsung',2009,10.21,113.64),
('Samsung',2010,16.69,133.94),
('Samsung',2011,15.21,146.43),
('Samsung',2012,27.42,184.22),
('Samsung',2013,35.35,210.86),
('Samsung',2014,26.44,195.22),
('Samsung',2015,22.65,174.66),
('Samsung',2016,26.59,175.51),
('Samsung',2017,50.37,214.57),
('Samsung',2018,55.67,221.67),
('Samsung',2019,26.14,198.03),
('Samsung',2020,31.26,203.43),
('Samsung',2021,45.85,240.71),
('Samsung',2022,35.85,233.13),
('Samsung',2023,8.34,196.77),
('Samsung',2024,12.66,201.06),
('SAP',1999,0.82,5.32),
('SAP',2000,0.74,5.85),
('SAP',2001,1.10,6.19),
('SAP',2002,-6.08,7.26),
('SAP',2003,2.03,8.20),
('SAP',2004,2.59,9.54),
('SAP',2005,2.82,10.35),
('SAP',2006,3.23,11.94),
('SAP',2007,3.85,14.30),
('SAP',2008,4.12,17.16),
('SAP',2009,3.25,15.03),
('SAP',2010,3.32,16.41),
('SAP',2011,6.54,19.52),
('SAP',2012,5.21,21.12),
('SAP',2013,6.10,22.41),
('SAP',2014,5.77,22.78),
('SAP',2015,4.68,22.99),
('SAP',2016,5.61,24.28),
('SAP',2017,6.17,26.98),
('SAP',2018,6.98,29.00),
('SAP',2019,5.92,30.83),
('SAP',2020,9.31,31.72),
('SAP',2021,8.30,32.35),
('SAP',2022,4.87,31.48),
('SAP',2023,6.89,33.88),
('SAP',2024,5.20,35.12),
('Saudi Aramco',2019,177.79,331.95),
('Saudi Aramco',2020,99.34,229.97),
('Saudi Aramco',2021,205.34,400.74),
('Saudi Aramco',2022,307.36,604.17),
('Saudi Aramco',2023,236.96,495.34),
('Saudi Aramco',2024,230.48,489.43),
('ServiceNow',2012,-0.04,0.24),
('ServiceNow',2013,-0.07,0.42),
('ServiceNow',2014,-0.15,0.68),
('ServiceNow',2015,-0.17,1.00),
('ServiceNow',2016,-0.42,1.39),
('ServiceNow',2017,-0.07,1.91),
('ServiceNow',2018,0.01,2.60),
('ServiceNow',2019,0.10,3.46),
('ServiceNow',2020,0.18,4.51),
('ServiceNow',2021,0.27,5.89),
('ServiceNow',2022,0.42,7.24),
('ServiceNow',2023,1.03,8.97),
('ServiceNow',2024,1.42,9.95),
('Shell',2005,44.56,306.73),
('Shell',2006,44.62,318.84),
('Shell',2007,50.57,355.78),
('Shell',2008,50.82,458.36),
('Shell',2009,21.02,287.49),
('Shell',2010,35.34,377.11),
('Shell',2011,55.66,470.17),
('Shell',2012,50.51,467.15),
('Shell',2013,33.59,451.23),
('Shell',2014,28.31,421.10),
('Shell',2015,2.04,264.96),
('Shell',2016,5.60,233.59),
('Shell',2017,18.13,305.17),
('Shell',2018,35.62,388.37),
('Shell',2019,25.48,344.87),
('Shell',2020,-26.97,180.54),
('Shell',2021,29.82,261.50),
('Shell',2022,64.81,381.31),
('Shell',2023,32.62,316.61),
('Shell',2024,29.31,302.13),
('T-Mobile US',2006,0.42,1.54),
('T-Mobile US',2007,0.46,2.23),
('T-Mobile US',2008,0.46,2.75),
('T-Mobile US',2009,0.53,3.48),
('T-Mobile US',2010,0.57,4.06),
('T-Mobile US',2011,0.74,4.84),
('T-Mobile US',2012,-6.84,12.33),
('T-Mobile US',2013,1.27,24.42),
('T-Mobile US',2014,1.76,29.56),
('T-Mobile US',2015,2.47,32.05),
('T-Mobile US',2016,4.05,37.43),
('T-Mobile US',2017,4.83,40.60),
('T-Mobile US',2018,5.27,43.31),
('T-Mobile US',2019,5.73,44.99),
('T-Mobile US',2020,6.26,68.39),
('T-Mobile US',2021,6.70,80.11),
('T-Mobile US',2022,6.51,79.57),
('T-Mobile US',2023,14.33,78.55),
('T-Mobile US',2024,14.94,78.52),
('Tata Consultancy Services',2012,3.20,11.17),
('Tata Consultancy Services',2013,3.87,12.82),
('Tata Consultancy Services',2014,4.65,15.01),
('Tata Consultancy Services',2015,4.39,16.14),
('Tata Consultancy Services',2016,5.10,17.39),
('Tata Consultancy Services',2017,5.19,18.65),
('Tata Consultancy Services',2018,5.81,20.35),
('Tata Consultancy Services',2019,6.15,22.12),
('Tata Consultancy Services',2020,5.70,21.54),
('Tata Consultancy Services',2021,6.95,24.93),
('Tata Consultancy Services',2022,6.97,27.18),
('Tata Consultancy Services',2023,7.42,28.89),
('Tata Consultancy Services',2024,7.56,29.03),
('Tencent',2011,1.83,4.44),
('Tencent',2012,2.59,6.97),
('Tencent',2013,3.14,9.87),
('Tencent',2014,4.83,12.76),
('Tencent',2015,5.98,16.27),
('Tencent',2016,8.07,22.71),
('Tencent',2017,13.62,35.53),
('Tencent',2018,15.00,46.90),
('Tencent',2019,16.92,54.46),
('Tencent',2020,27.47,70.35),
('Tencent',2021,39.67,86.61),
('Tencent',2022,32.28,82.03),
('Tencent',2023,35.41,85.00),
('Tesla',2009,-0.05,0.11),
('Tesla',2010,-0.16,0.11),
('Tesla',2011,-0.26,0.20),
('Tesla',2012,-0.40,0.41),
('Tesla',2013,-0.04,2.01),
('Tesla',2014,-0.19,3.19),
('Tesla',2015,-0.76,4.04),
('Tesla',2016,-0.55,7.00),
('Tesla',2017,-1.74,11.75),
('Tesla',2018,-0.35,21.46),
('Tesla',2019,0.02,24.57),
('Tesla',2020,1.90,31.53),
('Tesla',2021,6.71,53.82),
('Tesla',2022,13.91,81.46),
('Tesla',2023,10.12,96.77),
('Tesla',2024,7.93,95.31),
('Texas Instruments',1996,-0.19,8.66),
('Texas Instruments',1997,0.61,9.75),
('Texas Instruments',1998,0.40,8.46),
('Texas Instruments',1999,1.73,9.68),
('Texas Instruments',2000,2.33,11.86),
('Texas Instruments',2001,-0.59,8.20),
('Texas Instruments',2002,0.28,8.38),
('Texas Instruments',2003,0.96,9.83),
('Texas Instruments',2004,2.20,12.58),
('Texas Instruments',2005,2.67,12.87),
('Texas Instruments',2006,3.36,14.25),
('Texas Instruments',2007,3.49,13.83),
('Texas Instruments',2008,2.48,12.50),
('Texas Instruments',2009,2.20,10.42),
('Texas Instruments',2010,4.53,13.96),
('Texas Instruments',2011,2.99,13.73),
('Texas Instruments',2012,2.02,12.82),
('Texas Instruments',2013,2.84,12.20),
('Texas Instruments',2014,3.96,13.04),
('Texas Instruments',2015,4.30,13.00),
('Texas Instruments',2016,5.01,13.37),
('Texas Instruments',2017,6.15,14.96),
('Texas Instruments',2018,6.81,15.78),
('Texas Instruments',2019,5.89,14.38),
('Texas Instruments',2020,6.20,14.46),
('Texas Instruments',2021,9.10,18.34),
('Texas Instruments',2022,10.24,20.02),
('Texas Instruments',2023,7.77,17.51),
('Texas Instruments',2024,6.45,16.09),
('Thermo Fisher Scientific',1996,0.30,2.93),
('Thermo Fisher Scientific',1997,0.41,3.55),
('Thermo Fisher Scientific',1998,0.34,3.86),
('Thermo Fisher Scientific',1999,0.18,1.10),
('Thermo Fisher Scientific',2000,0.16,2.19),
('Thermo Fisher Scientific',2001,0.08,2.18),
('Thermo Fisher Scientific',2002,0.28,2.08),
('Thermo Fisher Scientific',2003,0.22,1.99),
('Thermo Fisher Scientific',2004,0.25,2.20),
('Thermo Fisher Scientific',2005,0.28,2.63),
('Thermo Fisher Scientific',2006,0.20,3.79),
('Thermo Fisher Scientific',2007,0.88,9.74),
('Thermo Fisher Scientific',2008,1.14,10.49),
('Thermo Fisher Scientific',2009,0.92,10.10),
('Thermo Fisher Scientific',2010,1.12,10.63),
('Thermo Fisher Scientific',2011,1.12,11.64),
('Thermo Fisher Scientific',2012,1.26,12.50),
('Thermo Fisher Scientific',2013,1.31,13.09),
('Thermo Fisher Scientific',2014,2.08,16.88),
('Thermo Fisher Scientific',2015,1.93,16.96),
('Thermo Fisher Scientific',2016,2.02,18.27),
('Thermo Fisher Scientific',2017,2.42,20.91),
('Thermo Fisher Scientific',2018,3.26,24.35),
('Thermo Fisher Scientific',2019,4.07,25.54),
('Thermo Fisher Scientific',2020,7.22,32.21),
('Thermo Fisher Scientific',2021,8.84,39.21),
('Thermo Fisher Scientific',2022,7.83,44.91),
('Thermo Fisher Scientific',2023,6.29,42.85),
('Thermo Fisher Scientific',2024,6.52,42.49),
('TotalEnergies',2000,1.75,111.68),
('TotalEnergies',2001,2.62,94.15),
('TotalEnergies',2002,0.40,104.82),
('TotalEnergies',2003,15.71,129.04),
('TotalEnergies',2004,21.96,158.78),
('TotalEnergies',2005,28.90,168.72),
('TotalEnergies',2006,32.49,173.59),
('TotalEnergies',2007,37.39,194.43),
('TotalEnergies',2008,43.22,237.14),
('TotalEnergies',2009,58.85,155.55),
('TotalEnergies',2010,27.45,180.91),
('TotalEnergies',2011,38.81,230.85),
('TotalEnergies',2012,31.93,237.35),
('TotalEnergies',2013,27.17,227.96),
('TotalEnergies',2014,13.61,212.01),
('TotalEnergies',2015,7.40,143.42),
('TotalEnergies',2016,8.28,127.92),
('TotalEnergies',2017,12.72,149.09),
('TotalEnergies',2018,20.05,184.10),
('TotalEnergies',2019,19.71,176.24),
('TotalEnergies',2020,-4.72,119.70),
('TotalEnergies',2021,27.85,184.63),
('TotalEnergies',2022,45.67,263.31),
('TotalEnergies',2023,37.63,218.94),
('TotalEnergies',2024,36.60,210.24),
('Toyota',2000,24.03,111.94),
('Toyota',2001,8.08,112.16),
('Toyota',2002,12.74,123.85),
('Toyota',2003,11.77,142.91),
('Toyota',2004,16.73,172.03),
('Toyota',2005,15.48,185.82),
('Toyota',2006,18.98,196.31),
('Toyota',2007,20.89,223.11),
('Toyota',2008,7.07,231.73),
('Toyota',2009,-5.32,183.22),
('Toyota',2010,7.83,226.29),
('Toyota',2011,3.37,221.22),
('Toyota',2012,14.76,268.95),
('Toyota',2013,25.35,251.82),
('Toyota',2014,25.69,246.79),
('Toyota',2015,25.04,236.48),
('Toyota',2016,21.51,250.85),
('Toyota',2017,21.92,260.43),
('Toyota',2018,21.47,272.78),
('Toyota',2019,23.92,281.70),
('Toyota',2020,18.74,251.62),
('Toyota',2021,42.32,276.57),
('Toyota',2022,28.02,267.02),
('Toyota',2023,43.03,307.48),
('Toyota',2024,48.02,307.87),
('TSMC',1997,0.46,1.33),
('TSMC',1998,0.41,1.53),
('TSMC',1999,0.64,2.32),
('TSMC',2000,1.94,5.05),
('TSMC',2001,0.30,3.96),
('TSMC',2002,0.82,4.94),
('TSMC',2003,1.47,6.32),
('TSMC',2004,2.80,7.83),
('TSMC',2005,2.97,8.40),
('TSMC',2006,4.09,9.74),
('TSMC',2007,3.75,9.94),
('TSMC',2008,3.39,10.14),
('TSMC',2009,2.98,9.25),
('TSMC',2010,5.86,14.44),
('TSMC',2011,4.92,14.49),
('TSMC',2012,6.25,17.46),
('TSMC',2013,7.19,19.90),
('TSMC',2014,9.84,24.87),
('TSMC',2015,10.95,26.36),
('TSMC',2016,11.89,29.22),
('TSMC',2017,13.36,32.96),
('TSMC',2018,13.01,33.75),
('TSMC',2019,12.96,35.57),
('TSMC',2020,20.83,47.71),
('TSMC',2021,23.97,57.39),
('TSMC',2022,37.32,73.86),
('Unilever',1996,4.49,49.85),
('Unilever',1997,7.48,47.65),
('Unilever',1998,-5.49,45.64),
('Unilever',1999,14.58,45.61),
('Unilever',2000,3.98,70.26),
('Unilever',2001,3.16,45.87),
('Unilever',2002,3.31,44.05),
('Unilever',2003,4.97,49.60),
('Unilever',2004,3.29,50.95),
('Unilever',2005,5.52,46.85),
('Unilever',2006,6.11,50.30),
('Unilever',2007,7.17,55.78),
('Unilever',2008,10.55,60.31),
('Unilever',2009,6.93,56.06),
('Unilever',2010,8.07,58.20),
('Union Pacific Corporation',1996,1.11,8.78),
('Union Pacific Corporation',1997,0.66,10.59),
('Union Pacific Corporation',1998,-0.68,11.32),
('Union Pacific Corporation',1999,1.20,11.27),
('Union Pacific Corporation',2000,1.31,11.86),
('Union Pacific Corporation',2001,1.53,11.97),
('Union Pacific Corporation',2002,1.99,12.14),
('Union Pacific Corporation',2003,1.63,11.55),
('Union Pacific Corporation',2004,0.85,12.21),
('Union Pacific Corporation',2005,1.43,13.57),
('Union Pacific Corporation',2006,2.52,15.57),
('Union Pacific Corporation',2007,3.00,16.28),
('Union Pacific Corporation',2008,3.65,17.97),
('Union Pacific Corporation',2009,2.97,14.14),
('Union Pacific Corporation',2010,4.43,16.96),
('Union Pacific Corporation',2011,5.26,19.55),
('Union Pacific Corporation',2012,6.31,20.92),
('Union Pacific Corporation',2013,7.04,21.96),
('Union Pacific Corporation',2014,8.34,23.98),
('Union Pacific Corporation',2015,7.65,21.81),
('Union Pacific Corporation',2016,6.76,19.94),
('Union Pacific Corporation',2017,7.63,21.24),
('Union Pacific Corporation',2018,7.74,22.83),
('Union Pacific Corporation',2019,7.74,21.70),
('Union Pacific Corporation',2020,6.98,19.53),
('Union Pacific Corporation',2021,8.47,21.80),
('Union Pacific Corporation',2022,9.07,24.87),
('Union Pacific Corporation',2023,8.23,24.11),
('Union Pacific Corporation',2024,8.45,24.13),
('UnitedHealth',1996,0.58,10.07),
('UnitedHealth',1997,0.74,11.79),
('UnitedHealth',1998,-0.05,17.35),
('UnitedHealth',1999,0.89,19.56),
('UnitedHealth',2000,1.15,21.12),
('UnitedHealth',2001,1.47,23.45),
('UnitedHealth',2002,2.09,25.02),
('UnitedHealth',2003,2.84,28.56),
('UnitedHealth',2004,3.97,36.83),
('UnitedHealth',2005,4.97,45.70),
('UnitedHealth',2006,6.52,70.67),
('UnitedHealth',2007,7.30,75.43),
('UnitedHealth',2008,4.62,80.41),
('UnitedHealth',2009,5.80,87.13),
('UnitedHealth',2010,7.38,93.08),
('UnitedHealth',2011,7.95,101.20),
('UnitedHealth',2012,8.62,111.11),
('UnitedHealth',2013,8.91,122.48),
('UnitedHealth',2014,9.65,130.47),
('UnitedHealth',2015,10.23,157.10),
('UnitedHealth',2016,11.86,184.84),
('UnitedHealth',2017,14.02,201.15),
('UnitedHealth',2018,15.94,226.24),
('UnitedHealth',2019,17.98,242.15),
('UnitedHealth',2020,20.74,257.14),
('UnitedHealth',2021,22.31,287.59),
('UnitedHealth',2022,26.34,324.16),
('UnitedHealth',2023,29.11,371.62),
('UnitedHealth',2024,21.78,379.48),
('Verizon',1996,3.31,17.12),
('Verizon',1997,3.98,30.19),
('Verizon',1998,4.99,31.56),
('Verizon',1999,10.13,45.74),
('Verizon',2000,17.81,64.64),
('Verizon',2001,2.76,67.19),
('Verizon',2002,6.22,67.50),
('Verizon',2003,6.32,67.66),
('Verizon',2004,12.52,71.28),
('Verizon',2005,13.44,74.04),
('Verizon',2006,11.01,85.73),
('Verizon',2007,14.54,93.46),
('Verizon',2008,20.37,97.35),
('Verizon',2009,11.56,107.80),
('Verizon',2010,10.78,106.56),
('Verizon',2011,10.48,110.87),
('Verizon',2012,9.89,115.84),
('Verizon',2013,29.27,120.55),
('Verizon',2014,15.27,127.07),
('Verizon',2015,28.24,131.62),
('Verizon',2016,20.98,125.98),
('Verizon',2017,20.59,126.03),
('Verizon',2018,19.62,130.86),
('Verizon',2019,22.73,131.86),
('Verizon',2020,23.96,128.29),
('Verizon',2021,29.42,133.61),
('Verizon',2022,28.27,136.83),
('Verizon',2023,16.98,133.97),
('Verizon',2024,16.48,134.24),
('Visa',2007,-1.03,4.23),
('Visa',2008,1.60,6.51),
('Visa',2009,4.25,7.13),
('Visa',2010,4.81,8.34),
('Visa',2011,5.89,9.49),
('Visa',2012,2.39,10.72),
('Visa',2013,7.53,12.08),
('Visa',2014,7.90,12.92),
('Visa',2015,9.37,14.06),
('Visa',2016,8.35,15.97),
('Visa',2017,11.95,18.75),
('Visa',2018,13.19,21.25),
('Visa',2019,15.22,23.52),
('Visa',2020,13.56,21.47),
('Visa',2021,17.21,25.47),
('Visa',2022,18.21,30.18),
('Visa',2023,22.10,33.35),
('Visa',2024,23.18,34.91),
('Walmart',1996,5.69,106.16),
('Walmart',1997,6.50,119.29),
('Walmart',1998,8.12,139.20),
('Walmart',1999,10.10,166.80),
('Walmart',2000,11.49,193.29),
('Walmart',2001,12.08,219.78),
('Walmart',2002,13.55,236.25),
('Walmart',2003,15.16,258.68),
('Walmart',2004,17.29,288.00),
('Walmart',2005,18.87,313.90),
('Walmart',2006,20.77,348.65),
('Walmart',2007,22.28,378.70),
('Walmart',2008,23.08,404.74),
('Walmart',2009,24.02,408.14),
('Walmart',2010,25.74,421.84),
('Walmart',2011,26.72,446.95),
('Walmart',2012,27.96,469.01),
('Walmart',2013,26.99,476.29),
('Walmart',2014,27.26,485.65),
('Walmart',2015,24.18,482.13),
('Walmart',2016,22.86,485.87),
('Walmart',2017,17.45,500.34),
('Walmart',2018,13.80,514.40),
('Walmart',2019,22.71,523.96),
('Walmart',2020,22.87,559.15),
('Walmart',2021,20.69,572.75),
('Walmart',2022,19.14,611.28),
('Walmart',2023,24.53,648.12),
('Walmart',2024,28.92,657.33),
('Walt Disney',1996,3.58,21.18),
('Walt Disney',1997,4.02,22.53),
('Walt Disney',1998,3.36,23.23),
('Walt Disney',1999,2.97,23.76),
('Walt Disney',2000,2.56,25.90),
('Walt Disney',2001,2.62,24.83),
('Walt Disney',2002,2.11,25.48),
('Walt Disney',2003,3.59,28.51),
('Walt Disney',2004,3.99,30.86),
('Walt Disney',2005,3.96,32.13),
('Walt Disney',2006,5.94,34.86),
('Walt Disney',2007,7.14,36.38),
('Walt Disney',2008,7.23,36.99),
('Walt Disney',2009,6.14,36.28),
('Walt Disney',2010,7.80,39.04),
('Walt Disney',2011,8.67,40.95),
('Walt Disney',2012,9.49,42.84),
('Walt Disney',2013,10.87,46.00),
('Walt Disney',2014,12.95,49.89),
('Walt Disney',2015,15.12,54.31),
('Walt Disney',2016,14.64,55.17),
('Walt Disney',2017,14.34,55.70),
('Walt Disney',2018,15.11,59.38),
('Walt Disney',2019,14.57,75.16),
('Walt Disney',2020,-2.64,60.76),
('Walt Disney',2021,5.71,72.98),
('Walt Disney',2022,7.02,84.41),
('Walt Disney',2023,7.90,88.93),
('Walt Disney',2024,6.43,89.20),
('Wells Fargo',1996,1.78,6.27),
('Wells Fargo',1997,2.04,7.00),
('Wells Fargo',1998,5.13,21.06),
('Wells Fargo',1999,5.94,16.77),
('Wells Fargo',2000,6.18,20.09),
('Wells Fargo',2001,5.47,20.15),
('Wells Fargo',2002,8.85,24.49),
('Wells Fargo',2003,9.47,28.90),
('Wells Fargo',2004,10.76,30.05),
('Wells Fargo',2005,11.54,32.94),
('Wells Fargo',2006,12.74,34.95),
('Wells Fargo',2007,11.62,38.65),
('Wells Fargo',2008,3.30,42.78),
('Wells Fargo',2009,17.99,88.50),
('Wells Fargo',2010,19.00,84.43),
('Wells Fargo',2011,23.65,79.46),
('Wells Fargo',2012,28.47,84.60),
('Wells Fargo',2013,32.62,82.30),
('Wells Fargo',2014,33.91,81.96),
('Wells Fargo',2015,33.64,83.82),
('Wells Fargo',2016,32.12,86.72),
('Wells Fargo',2017,27.61,87.34),
('Wells Fargo',2018,28.53,86.40),
('Wells Fargo',2019,24.19,85.06),
('Wells Fargo',2020,1.48,73.40),
('Wells Fargo',2021,28.81,78.49),
('Wells Fargo',2022,15.23,73.99),
('Wells Fargo',2023,21.63,82.59),
('Wells Fargo',2024,21.37,82.73);
/*!40000 ALTER TABLE `company_performance` ENABLE KEYS */;
UNLOCK TABLES;

--
-- Table structure for table `country`
--

DROP TABLE IF EXISTS `country`;
/*!40101 SET @saved_cs_client     = @@character_set_client */;
/*!40101 SET character_set_client = utf8 */;
CREATE TABLE `country` (
  `country_name` varchar(255) NOT NULL,
  PRIMARY KEY (`country_name`)
) ENGINE=InnoDB DEFAULT CHARSET=utf8mb4 COLLATE=utf8mb4_general_ci;
/*!40101 SET character_set_client = @saved_cs_client */;

--
-- Dumping data for table `country`
--

LOCK TABLES `country` WRITE;
/*!40000 ALTER TABLE `country` DISABLE KEYS */;
INSERT INTO `country` VALUES
(' Australia'),
(' Canada'),
(' China'),
(' Denmark'),
(' France'),
(' Germany'),
(' India'),
(' Ireland'),
(' Japan'),
(' Mexico'),
(' Netherlands'),
(' Saudi Arabia'),
(' South Korea'),
(' Spain'),
(' Switzerland'),
(' Taiwan'),
(' UK'),
(' United Arab Emirates'),
(' USA');
/*!40000 ALTER TABLE `country` ENABLE KEYS */;
UNLOCK TABLES;

--
-- Table structure for table `stock`
--

DROP TABLE IF EXISTS `stock`;
/*!40101 SET @saved_cs_client     = @@character_set_client */;
/*!40101 SET character_set_client = utf8 */;
CREATE TABLE `stock` (
  `stock_code` varchar(255) NOT NULL,
  `current_price` decimal(10,2) DEFAULT NULL,
  `current_marketcap` decimal(20,2) DEFAULT NULL,
  `company_name` varchar(255) DEFAULT NULL,
  PRIMARY KEY (`stock_code`),
  KEY `company_name` (`company_name`),
  CONSTRAINT `stock_ibfk_1` FOREIGN KEY (`company_name`) REFERENCES `company` (`company_name`)
) ENGINE=InnoDB DEFAULT CHARSET=utf8mb4 COLLATE=utf8mb4_general_ci;
/*!40101 SET character_set_client = @saved_cs_client */;

--
-- Dumping data for table `stock`
--

LOCK TABLES `stock` WRITE;
/*!40000 ALTER TABLE `stock` DISABLE KEYS */;
INSERT INTO `stock` VALUES
('005930.KS',58.27,385.27,'Samsung'),
('0941.HK',9.44,206.48,'China Mobile'),
('1398.HK',0.55,266.14,'ICBC'),
('2222.SR',7.33,1.77,'Saudi Aramco'),
('600519.SS',192.26,241.51,'Kweichow Moutai'),
('601288.SS',0.65,219.97,'Agricultural Bank of China'),
('601857.SS',1.23,217.50,'PetroChina'),
('601939.SS',1.04,178.75,'China Construction Bank'),
('601988.SS',0.65,174.32,'Bank of China'),
('AAPL',218.36,3.35,'Apple'),
('ABBV',189.71,335.00,'AbbVie'),
('ABT',110.15,191.64,'Abbott Laboratories'),
('ACN',328.08,205.50,'Accenture'),
('ADBE',546.41,242.27,'Adobe'),
('AMAT',196.30,162.53,'Applied Materials'),
('AMD',132.54,214.51,'AMD'),
('AMGN',335.53,179.99,'Amgen'),
('AMZN',184.07,1.93,'Amazon'),
('ASML',883.71,361.59,'ASML'),
('AVGO',147.02,684.36,'Broadcom'),
('AXP',248.68,176.78,'American Express'),
('AZN',81.20,251.76,'AstraZeneca'),
('BABA',77.98,188.55,'Alibaba'),
('BAC',39.50,306.50,'Bank of America '),
('BRK-B',431.81,930.23,'Berkshire Hathaway '),
('CAT',331.52,162.13,'Caterpillar'),
('CBA.AX',86.24,148.44,'Commonwealth Bank'),
('CMCSA',40.26,155.90,'Comcast'),
('COST',816.89,362.15,'Costco'),
('CRM',253.06,245.21,'Salesforce'),
('CSCO',47.39,190.92,'Cisco'),
('CVX',152.62,279.11,'Chevron'),
('DHR',280.76,202.76,'Danaher'),
('DIS',93.05,169.63,'Walt Disney'),
('FMX',110.02,196.83,'Fomento Económico Mexicano'),
('GE',169.75,184.06,'General Electric'),
('GOOG',172.45,2.11,'Alphabet (Google)'),
('GS',500.12,161.27,'Goldman Sachs'),
('HD',358.58,355.57,'Home Depot'),
('HDB',60.51,153.64,'HDFC Bank'),
('HSBC',42.46,167.17,'HSBC'),
('IBM',189.66,174.70,'IBM'),
('IDEXY',24.11,151.21,'Inditex'),
('IHC.AE',112.18,246.06,'International Holding Company'),
('INTU',637.82,178.30,'Intuit'),
('ISRG',450.94,160.24,'Intuitive Surgical'),
('JNJ',160.76,386.98,'Johnson & Johnson'),
('JPM',207.96,591.66,'JPMorgan Chase'),
('KO',67.96,292.89,'Coca-Cola'),
('LIN',453.34,217.92,'Linde'),
('LLY',832.44,749.53,'Eli Lilly'),
('MA',462.41,427.19,'Mastercard'),
('MC.PA',689.11,344.24,'LVMH'),
('MCD',268.75,193.68,'McDonald'),
('META',497.74,1.26,'Meta Platforms (Facebook)'),
('MRK',113.82,288.28,'Merck'),
('MS',101.76,164.74,'Morgan Stanley'),
('MSFT',417.11,3.10,'Microsoft'),
('NEE',78.39,161.11,'Nextera Energy'),
('NESN.SW',102.32,263.10,'Nestlé'),
('NFLX',624.85,268.16,'Netflix'),
('NOW',811.38,167.02,'ServiceNow'),
('NVDA',109.21,2.69,'NVIDIA'),
('NVO',132.46,591.39,'Novo Nordisk'),
('NVS',112.10,227.24,'Novartis'),
('OR.PA',417.52,223.25,'L\'Oréal'),
('ORCL',137.51,378.95,'Oracle'),
('PDD',127.82,177.51,'Pinduoduo'),
('PEP',174.96,240.31,'Pepsico'),
('PFE',30.65,173.68,'Pfizer'),
('PG',165.69,390.54,'Procter & Gamble'),
('PM',117.46,182.62,'Philip Morris'),
('PRX.AS',34.14,149.15,'Prosus'),
('QCOM',164.00,182.69,'QUALCOMM'),
('RELIANCE.NS',35.81,242.32,'Reliance Industries'),
('RMS.PA',2143.00,224.47,'Hermès'),
('ROG.SW',325.49,262.26,'Roche'),
('RTX',116.74,155.29,'Raytheon Technologies'),
('RY',109.87,156.13,'Royal Bank Of Canada'),
('SAP',205.56,241.71,'SAP'),
('SHEL',72.94,228.10,'Shell'),
('SPGI',490.53,153.53,'S&P Global'),
('T',19.47,139.60,'AT&T'),
('TCEHY',46.20,429.25,'Tencent'),
('TCS.NS',51.15,185.07,'Tata Consultancy Services'),
('TM',179.07,242.73,'Toyota'),
('TMO',621.77,237.33,'Thermo Fisher Scientific'),
('TMUS',187.07,218.26,'T-Mobile US'),
('TSLA',216.86,692.78,'Tesla'),
('TSM',158.18,820.33,'TSMC'),
('TTE',66.93,155.71,'TotalEnergies'),
('TXN',193.33,176.51,'Texas Instruments'),
('UL',61.63,153.54,'Unilever'),
('UNH',572.77,527.16,'UnitedHealth'),
('UNP',244.47,148.93,'Union Pacific Corporation'),
('V',265.93,517.46,'Visa'),
('VZ',40.85,171.95,'Verizon'),
('WFC',56.88,193.60,'Wells Fargo'),
('WMT',69.79,561.35,'Walmart'),
('XOM',116.95,524.62,'Exxon Mobil');
/*!40000 ALTER TABLE `stock` ENABLE KEYS */;
UNLOCK TABLES;

--
-- Table structure for table `stock_category`
--

DROP TABLE IF EXISTS `stock_category`;
/*!40101 SET @saved_cs_client     = @@character_set_client */;
/*!40101 SET character_set_client = utf8 */;
CREATE TABLE `stock_category` (
  `category_name` varchar(255) NOT NULL,
  `stock_code` varchar(255) NOT NULL,
  PRIMARY KEY (`category_name`,`stock_code`),
  KEY `stock_code` (`stock_code`),
  CONSTRAINT `stock_category_ibfk_1` FOREIGN KEY (`category_name`) REFERENCES `category` (`category_name`),
  CONSTRAINT `stock_category_ibfk_2` FOREIGN KEY (`stock_code`) REFERENCES `stock` (`stock_code`)
) ENGINE=InnoDB DEFAULT CHARSET=utf8mb4 COLLATE=utf8mb4_general_ci;
/*!40101 SET character_set_client = @saved_cs_client */;

--
-- Dumping data for table `stock_category`
--

LOCK TABLES `stock_category` WRITE;
/*!40000 ALTER TABLE `stock_category` DISABLE KEYS */;
INSERT INTO `stock_category` VALUES
(' 🏭 Manufacturing','005930.KS'),
('🔌 Electronics','005930.KS'),
('📟 Semiconductors','005930.KS'),
('💻 Tech Hardware','005930.KS'),
('👩‍💻 Tech','005930.KS'),
('📡 Telecommunication','0941.HK'),
('🏦 Banks','1398.HK'),
('💳 Financial services','1398.HK'),
(' ⚡ Energy','2222.SR'),
('🛢 Oil&Gas','2222.SR'),
('🍷 Alcoholic beverages','600519.SS'),
('🥤 Beverages','600519.SS'),
('🏦 Banks','601288.SS'),
('💳 Financial services','601288.SS'),
(' ⚡ Energy','601857.SS'),
('🛢 Oil&Gas','601857.SS'),
('🏦 Banks','601939.SS'),
('💳 Financial services','601939.SS'),
('🏦 Banks','601988.SS'),
('💳 Financial services','601988.SS'),
('\n👨‍💻 Software','AAPL'),
('🦾 AI','AAPL'),
('🔌 Electronics','AAPL'),
('💻 Tech Hardware','AAPL'),
('👩‍💻 Tech','AAPL'),
('🇺🇸 Dow jones','AAPL'),
('🧬 Biotech','ABBV'),
('💊 Pharmaceuticals','ABBV'),
(' Medical devices','ABT'),
('💼 Professional services','ACN'),
('\n👨‍💻 Software','ADBE'),
('🦾 AI','ADBE'),
('👩‍💻 Tech','ADBE'),
('📟 Semiconductors','AMAT'),
('💻 Tech Hardware','AMAT'),
('👩‍💻 Tech','AMAT'),
('🔌 Electronics','AMD'),
('📟 Semiconductors','AMD'),
('💻 Tech Hardware','AMD'),
('👩‍💻 Tech','AMD'),
('🧬 Biotech','AMGN'),
('💊 Pharmaceuticals','AMGN'),
('🇺🇸 Dow jones','AMGN'),
('🛒 E-Commerce','AMZN'),
('👩‍💻 Tech','AMZN'),
('🖥️ Internet','AMZN'),
('🛍️ Retail','AMZN'),
('🇺🇸 Dow jones','AMZN'),
('📟 Semiconductors','ASML'),
('💻 Tech Hardware','ASML'),
('👩‍💻 Tech','ASML'),
('📟 Semiconductors','AVGO'),
('👩‍💻 Tech','AVGO'),
('💳 Financial services','AXP'),
('🇺🇸 Dow jones','AXP'),
('🧬 Biotech','AZN'),
('💊 Pharmaceuticals','AZN'),
('🛒 E-Commerce','BABA'),
('👩‍💻 Tech','BABA'),
('🖥️ Internet','BABA'),
('🛍️ Retail','BABA'),
('🏦 Banks','BAC'),
('💳 Financial services','BAC'),
('💰 Investment','BRK-B'),
(' 🏭 Manufacturing','CAT'),
('⚙️ Machinery manufacturing','CAT'),
('🇺🇸 Dow jones','CAT'),
('🏦 Banks','CBA.AX'),
('💳 Financial services','CBA.AX'),
(' Entertainment','CMCSA'),
('📰 Media/Press','CMCSA'),
('📡 Telecommunication','CMCSA'),
(' 🛒 Supermarket Chains','COST'),
('🛍️ Retail','COST'),
('\n👨‍💻 Software','CRM'),
('👩‍💻 Tech','CRM'),
('🇺🇸 Dow jones','CRM'),
(' 📡 Telecommunications equipment','CSCO'),
('🔌 Electronics','CSCO'),
('📞 Networking hardware','CSCO'),
('💻 Tech Hardware','CSCO'),
('👩‍💻 Tech','CSCO'),
('🇺🇸 Dow jones','CSCO'),
(' ⚡ Energy','CVX'),
('🛢 Oil&Gas','CVX'),
('🇺🇸 Dow jones','CVX'),
('🏙 Conglomerate','DHR'),
(' Entertainment','DIS'),
('🇺🇸 Dow jones','DIS'),
('🥤 Beverages','FMX'),
('🚀 Aerospace','GE'),
('🏙 Conglomerate','GE'),
('\n👨‍💻 Software','GOOG'),
('🦾 AI','GOOG'),
('🤖 Autonomous driving','GOOG'),
('👩‍💻 Tech','GOOG'),
('🖥️ Internet','GOOG'),
('🏦 Banks','GS'),
('💳 Financial services','GS'),
('🇺🇸 Dow jones','GS'),
('🛍️ Retail','HD'),
('🇺🇸 Dow jones','HD'),
('🏦 Banks','HDB'),
('💳 Financial services','HDB'),
('🏦 Banks','HSBC'),
('💳 Financial services','HSBC'),
('\n👨‍💻 Software','IBM'),
('🦾 AI','IBM'),
('👩‍💻 Tech','IBM'),
('🇺🇸 Dow jones','IBM'),
('👚 Clothing','IDEXY'),
('🛍️ Retail','IDEXY'),
('🏙 Conglomerate','IHC.AE'),
('💰 Investment','IHC.AE'),
('\n👨‍💻 Software','INTU'),
('👩‍💻 Tech','INTU'),
(' Medical devices','ISRG'),
('🧬 Biotech','JNJ'),
('💊 Pharmaceuticals','JNJ'),
('🇺🇸 Dow jones','JNJ'),
('🏦 Banks','JPM'),
('💳 Financial services','JPM'),
('🇺🇸 Dow jones','JPM'),
('🥤 Beverages','KO'),
('🇺🇸 Dow jones','KO'),
('🧪 Chemicals','LIN'),
('🧬 Biotech','LLY'),
('💊 Pharmaceuticals','LLY'),
('💳 Financial services','MA'),
('⌚ Luxury goods','MC.PA'),
('👚 Clothing','MC.PA'),
('🇫🇷 CAC 40','MC.PA'),
('🍴 Food','MCD'),
('🍔 Restaurant chains','MCD'),
('🇺🇸 Dow jones','MCD'),
('🦾 AI','META'),
('👩‍💻 Tech','META'),
('🖥️ Internet','META'),
('🧬 Biotech','MRK'),
('💊 Pharmaceuticals','MRK'),
('🇺🇸 Dow jones','MRK'),
('🏦 Banks','MS'),
('💳 Financial services','MS'),
('💰 Investment','MS'),
('\n👨‍💻 Software','MSFT'),
('🦾 AI','MSFT'),
('🎮 Video games','MSFT'),
('👩‍💻 Tech','MSFT'),
('🇺🇸 Dow jones','MSFT'),
(' ⚡ Energy','NEE'),
('🔋 Electricity','NEE'),
('🌞 Renewable energy','NEE'),
('🚰 Utility companies','NEE'),
('🍴 Food','NESN.SW'),
(' Entertainment','NFLX'),
('👩‍💻 Tech','NFLX'),
('🖥️ Internet','NFLX'),
('\n👨‍💻 Software','NOW'),
('👩‍💻 Tech','NOW'),
('🖥️ Internet','NOW'),
('🦾 AI','NVDA'),
('🤖 Autonomous driving','NVDA'),
('🔌 Electronics','NVDA'),
('📟 Semiconductors','NVDA'),
('💻 Tech Hardware','NVDA'),
('👩‍💻 Tech','NVDA'),
('🧬 Biotech','NVO'),
('💊 Pharmaceuticals','NVO'),
('🧬 Biotech','NVS'),
('💊 Pharmaceuticals','NVS'),
('🛍 Consumer goods','OR.PA'),
('💄 Cosmetics and Beauty','OR.PA'),
('🇫🇷 CAC 40','OR.PA'),
('\n👨‍💻 Software','ORCL'),
('👩‍💻 Tech','ORCL'),
('🛒 E-Commerce','PDD'),
('👩‍💻 Tech','PDD'),
('🖥️ Internet','PDD'),
('🥤 Beverages','PEP'),
('🧬 Biotech','PFE'),
('💊 Pharmaceuticals','PFE'),
('🛍 Consumer goods','PG'),
('🇺🇸 Dow jones','PG'),
('🚬 Tobacco','PM'),
('💰 Investment','PRX.AS'),
('📟 Semiconductors','QCOM'),
('💻 Tech Hardware','QCOM'),
('👩‍💻 Tech','QCOM'),
('🏙 Conglomerate','RELIANCE.NS'),
('⌚ Luxury goods','RMS.PA'),
('👚 Clothing','RMS.PA'),
('🇫🇷 CAC 40','RMS.PA'),
('🧬 Biotech','ROG.SW'),
('💊 Pharmaceuticals','ROG.SW'),
('🚀 Aerospace','RTX'),
('🔫 Defense contractors','RTX'),
('🏦 Banks','RY'),
('💳 Financial services','RY'),
('\n👨‍💻 Software','SAP'),
('👩‍💻 Tech','SAP'),
('🇩🇪 DAX','SAP'),
(' ⚡ Energy','SHEL'),
('🛢 Oil&Gas','SHEL'),
('💳 Financial services','SPGI'),
('📡 Telecommunication','T'),
('🎮 Video games','TCEHY'),
('👩‍💻 Tech','TCEHY'),
('🕹️ Esports','TCEHY'),
('🖥️ Internet','TCEHY'),
('💼 Professional services','TCS.NS'),
('🖥️ IT services','TCS.NS'),
(' 🏭 Manufacturing','TM'),
('🚗 Automakers','TM'),
('⚕️ Diagnostics and Testing','TMO'),
('🧬 Biotech','TMO'),
('🔬 Scientific & Technical Instruments','TMO'),
('📡 Telecommunication','TMUS'),
(' ₿ Bitcoin','TSLA'),
(' 🏭 Manufacturing','TSLA'),
('🦾 AI','TSLA'),
('🚗 Automakers','TSLA'),
('🤖 Autonomous driving','TSLA'),
('🔋 Electric Vehicles','TSLA'),
('🔌​ EV charging','TSLA'),
('👩‍💻 Tech','TSLA'),
(' 🏭 Manufacturing','TSM'),
('📟 Semiconductors','TSM'),
('💻 Tech Hardware','TSM'),
('👩‍💻 Tech','TSM'),
(' ⚡ Energy','TTE'),
('🛢 Oil&Gas','TTE'),
('🇫🇷 CAC 40','TTE'),
('📟 Semiconductors','TXN'),
('💻 Tech Hardware','TXN'),
('👩‍💻 Tech','TXN'),
('🛍 Consumer goods','UL'),
('🍴 Food','UL'),
('⚕️ Healthcare','UNH'),
('🏦 Insurance','UNH'),
('🇺🇸 Dow jones','UNH'),
('🚂 Railways','UNP'),
('🚚 Transportation','UNP'),
('🛣️ Infrastructure','UNP'),
('💳 Financial services','V'),
('🇺🇸 Dow jones','V'),
('📡 Telecommunication','VZ'),
('🇺🇸 Dow jones','VZ'),
('🏦 Banks','WFC'),
('💳 Financial services','WFC'),
(' 🛒 Supermarket Chains','WMT'),
('🛍️ Retail','WMT'),
('🇺🇸 Dow jones','WMT'),
(' ⚡ Energy','XOM'),
('🛢 Oil&Gas','XOM');
/*!40000 ALTER TABLE `stock_category` ENABLE KEYS */;
UNLOCK TABLES;
/*!40103 SET TIME_ZONE=@OLD_TIME_ZONE */;

/*!40101 SET SQL_MODE=@OLD_SQL_MODE */;
/*!40014 SET FOREIGN_KEY_CHECKS=@OLD_FOREIGN_KEY_CHECKS */;
/*!40014 SET UNIQUE_CHECKS=@OLD_UNIQUE_CHECKS */;
/*!40101 SET CHARACTER_SET_CLIENT=@OLD_CHARACTER_SET_CLIENT */;
/*!40101 SET CHARACTER_SET_RESULTS=@OLD_CHARACTER_SET_RESULTS */;
/*!40101 SET COLLATION_CONNECTION=@OLD_COLLATION_CONNECTION */;
/*!40111 SET SQL_NOTES=@OLD_SQL_NOTES */;

-- Dump completed on 2024-08-02 19:36:58
