/*!999999\- enable the sandbox mode */ 
-- MariaDB dump 10.19-11.4.2-MariaDB, for Win64 (AMD64)
--
-- Host: localhost    Database: tugas_seleksi
-- ------------------------------------------------------
-- Server version	11.4.2-MariaDB

/*!40101 SET @OLD_CHARACTER_SET_CLIENT=@@CHARACTER_SET_CLIENT */;
/*!40101 SET @OLD_CHARACTER_SET_RESULTS=@@CHARACTER_SET_RESULTS */;
/*!40101 SET @OLD_COLLATION_CONNECTION=@@COLLATION_CONNECTION */;
/*!40101 SET NAMES utf8mb4 */;
/*!40103 SET @OLD_TIME_ZONE=@@TIME_ZONE */;
/*!40103 SET TIME_ZONE='+00:00' */;
/*!40014 SET @OLD_UNIQUE_CHECKS=@@UNIQUE_CHECKS, UNIQUE_CHECKS=0 */;
/*!40014 SET @OLD_FOREIGN_KEY_CHECKS=@@FOREIGN_KEY_CHECKS, FOREIGN_KEY_CHECKS=0 */;
/*!40101 SET @OLD_SQL_MODE=@@SQL_MODE, SQL_MODE='NO_AUTO_VALUE_ON_ZERO' */;
/*M!100616 SET @OLD_NOTE_VERBOSITY=@@NOTE_VERBOSITY, NOTE_VERBOSITY=0 */;

--
-- Table structure for table `dimensions`
--

DROP TABLE IF EXISTS `dimensions`;
/*!40101 SET @saved_cs_client     = @@character_set_client */;
/*!40101 SET character_set_client = utf8 */;
CREATE TABLE `dimensions` (
  `name` varchar(255) NOT NULL,
  `height_mm` decimal(7,3) DEFAULT NULL,
  `width_mm` decimal(7,3) DEFAULT NULL,
  `thickness_mm` decimal(7,3) DEFAULT NULL,
  PRIMARY KEY (`name`),
  CONSTRAINT `dimensions_ibfk_1` FOREIGN KEY (`name`) REFERENCES `phones` (`name`),
  CONSTRAINT `CONSTRAINT_1` CHECK (`height_mm` > 0),
  CONSTRAINT `CONSTRAINT_2` CHECK (`width_mm` > 0),
  CONSTRAINT `CONSTRAINT_3` CHECK (`thickness_mm` > 0)
) ENGINE=InnoDB DEFAULT CHARSET=latin1 COLLATE=latin1_swedish_ci;
/*!40101 SET character_set_client = @saved_cs_client */;

--
-- Dumping data for table `dimensions`
--

LOCK TABLES `dimensions` WRITE;
/*!40000 ALTER TABLE `dimensions` DISABLE KEYS */;
INSERT INTO `dimensions` VALUES
('alcatel 1 (2021)',137.600,65.700,9.800),
('alcatel 1B (2022)',146.700,71.900,10.000),
('alcatel 1L (2021)',155.900,74.500,9.900),
('alcatel 1S (2021)',165.600,75.600,8.800),
('alcatel 1SE (2020)',159.200,75.200,8.700),
('alcatel 3L (2021)',165.600,75.600,8.700),
('alcatel Go Flip 3',104.900,53.100,20.100),
('alcatel Go Flip V',104.900,52.800,18.700),
('Allview Soul X7 Pro',161.900,76.800,8.300),
('Allview Soul X7 Style',157.600,75.200,8.300),
('Apple iPhone 11',150.900,75.700,8.300),
('Apple iPhone 11 Pro',144.000,71.400,8.100),
('Apple iPhone 11 Pro Max',158.000,77.800,8.100),
('Apple iPhone 12',146.700,71.500,7.400),
('Apple iPhone 12 mini',131.500,64.200,7.400),
('Apple iPhone 12 Pro',146.700,71.500,7.400),
('Apple iPhone 12 Pro Max',160.800,78.100,7.400),
('Apple iPhone 13',146.700,71.500,7.700),
('Apple iPhone 13 mini',131.500,64.200,7.700),
('Apple iPhone 13 Pro',146.700,71.500,7.700),
('Apple iPhone 13 Pro Max',160.800,78.100,7.700),
('Apple iPhone 14',146.700,71.500,7.800),
('Apple iPhone 14 Plus',160.800,78.100,7.800),
('Apple iPhone 14 Pro',147.500,71.500,7.900),
('Apple iPhone 14 Pro Max',160.700,77.600,7.900),
('Apple iPhone 15',147.600,71.600,7.800),
('Apple iPhone 15 Plus',160.900,77.800,7.800),
('Apple iPhone 15 Pro',146.600,70.600,8.300),
('Apple iPhone 15 Pro Max',159.900,76.700,8.300),
('Apple iPhone SE (2020)',138.400,67.300,7.300),
('Apple iPhone SE (2022)',138.400,67.300,7.300),
('Asus ROG Phone 3',171.000,78.000,9.900),
('Asus ROG Phone 3 Strix',171.000,78.000,9.900),
('Asus ROG Phone 5',172.800,77.300,10.300),
('Asus ROG Phone 5 Pro',172.800,77.300,10.300),
('Asus ROG Phone 5 Ultimate',172.800,77.300,10.300),
('Asus ROG Phone 5s',172.800,77.300,9.900),
('Asus ROG Phone 5s Pro',172.800,77.300,9.900),
('Asus ROG Phone 6',173.000,77.000,10.300),
('Asus ROG Phone 6 Batman Edition',173.000,77.000,10.400),
('Asus ROG Phone 6 Pro',173.000,77.000,10.300),
('Asus ROG Phone 6D',173.000,77.000,10.400),
('Asus ROG Phone 8',163.800,76.800,8.900),
('Asus ROG Phone 8 Pro',163.800,76.800,8.900),
('Asus Smartphone for Snapdragon Insiders',173.200,77.300,9.600),
('Asus Zenfone 10',146.500,68.100,9.400),
('Asus Zenfone 11 Ultra',163.800,76.800,8.900),
('Asus Zenfone 7',165.100,77.300,9.600),
('Asus Zenfone 7 Pro',165.100,77.300,9.600),
('Asus Zenfone 8 Flip',165.000,77.300,9.600),
('Blackview A200 Pro',162.200,73.600,8.600),
('Blackview A52',164.200,62.000,9.100),
('Blackview A85',164.300,76.100,8.700),
('Blackview Active 8 Pro',256.300,165.800,16.800),
('Blackview BL8800',176.200,83.500,17.700),
('Blackview BL8800 Pro',176.200,83.500,17.700),
('Blackview BV5200',161.600,77.900,13.700),
('Blackview BV5200 Pro',161.600,77.900,13.700),
('Blackview BV7100',174.000,81.400,18.900),
('Blackview BV7200',165.300,81.600,16.000),
('Blackview BV8800',176.200,83.500,17.700),
('Blackview BV8900',172.400,82.200,19.800),
('Blackview BV9200',174.500,81.800,13.600),
('Blackview BV9300',184.600,85.600,22.800),
('Blackview N6000',133.000,65.300,18.400),
('BLU A5L',124.500,64.500,10.600),
('BLU Bold N2',158.700,74.100,8.600),
('BLU C7',165.000,76.500,8.900),
('BLU C7X',165.600,76.700,9.800),
('BLU F91',168.700,76.800,8.900),
('BLU F92e',164.700,76.000,8.900),
('BLU G50',147.800,70.900,10.100),
('BLU G50 Plus',158.700,76.000,9.100),
('BLU G51 Plus',165.000,76.500,9.300),
('BLU G61',164.600,75.800,9.300),
('BLU G71',165.000,76.600,8.900),
('BLU G80',163.900,75.500,8.400),
('BLU G90',164.600,76.500,8.800),
('BLU G90 Pro',162.000,77.000,10.100),
('BLU G91',163.000,76.000,9.000),
('BLU G91 Max',168.600,77.000,8.900),
('BLU G91 Pro',165.200,76.900,8.900),
('BLU G91s',168.000,76.500,8.900),
('BLU J6S',152.900,73.300,9.700),
('BLU M7L',194.400,109.200,11.000),
('BLU S91',164.800,76.300,8.900),
('BLU Studio X10',146.000,73.500,9.300),
('BLU Studio X10+',146.000,72.300,9.000),
('BLU Studio X12',160.000,77.500,9.000),
('BLU Studio X9 HD',143.000,73.000,10.100),
('Cat S22 Flip',119.400,61.000,23.000),
('Cat S42 H+',161.300,77.200,12.700),
('Cat S53',171.000,81.000,16.000),
('Cat S62',157.500,76.200,12.700),
('Cat S62 Pro',158.500,76.700,11.900),
('Coolpad Cool 10',165.700,76.500,9.100),
('Coolpad Cool 10A',165.000,76.000,8.800),
('Coolpad Cool 12A',156.200,75.200,8.900),
('Coolpad Cool 20',164.300,75.700,8.700),
('Coolpad Cool 20 Pro',162.800,74.800,8.300),
('Coolpad Cool 20s',163.000,74.800,8.300),
('Coolpad Cool 6',162.400,76.500,9.200),
('Coolpad CP12',164.200,75.700,8.300),
('Coolpad CP12p',166.200,76.700,8.300),
('Cubot KingKong 8',169.900,80.200,20.000),
('Cubot KingKong Star',180.200,80.800,17.800),
('Cubot KingKong X',170.900,82.200,18.700),
('Cubot Max 5',173.900,78.900,9.200),
('Cubot Note 21',165.800,75.900,10.600),
('Cubot Note 40',165.800,75.800,10.100),
('Cubot Note 50',165.800,75.800,10.100),
('Doogee Smini',133.000,60.000,13.500),
('Doogee V20 Pro',170.500,81.200,14.000),
('Doogee V30',178.400,83.100,18.300),
('Doogee X96',165.200,76.700,9.700),
('Energizer E242s',130.800,53.600,13.000),
('Energizer E280s',134.500,56.000,16.800),
('Energizer Hardcase H620S',163.000,78.200,12.000),
('Fairphone 3+',158.000,71.800,9.900),
('Fairphone 4',162.000,75.500,10.500),
('Fairphone 5',161.600,75.800,9.600),
('Gionee G13 Pro',158.000,76.000,9.200),
('Gionee K6',157.600,75.900,10.200),
('Gionee M12',163.900,76.800,9.300),
('Gionee M3',163.200,75.900,9.300),
('Gionee Max',148.000,70.900,10.800),
('Gionee Max Pro',165.000,75.000,10.000),
('Gionee P12',156.100,73.700,9.700),
('Gionee P15 Pro',173.800,78.500,9.500),
('Gionee S12',164.600,76.600,8.800),
('Google Pixel 3a',151.300,70.100,8.200),
('Google Pixel 3a XL',160.100,76.100,8.200),
('Google Pixel 4',147.100,68.800,8.200),
('Google Pixel 4 XL',160.400,75.100,8.200),
('Google Pixel 4a',144.000,69.400,8.200),
('Google Pixel 4a 5G',153.900,74.000,8.200),
('Google Pixel 5',144.700,70.400,8.000),
('Google Pixel 5a 5G',156.200,73.200,8.800),
('Google Pixel 6',158.600,74.800,8.900),
('Google Pixel 6 Pro',163.900,75.900,8.900),
('Google Pixel 6a',152.200,71.800,8.900),
('Google Pixel 7',155.600,73.200,8.700),
('Google Pixel 7 Pro',162.900,76.600,8.900),
('Google Pixel 7a',152.000,72.900,9.000),
('Google Pixel 8',150.500,70.800,8.900),
('Google Pixel 8 Pro',162.600,76.500,8.800),
('Google Pixel 8a',152.100,72.700,8.900),
('Google Pixel Fold',139.700,79.500,12.100),
('HMD 105',115.500,49.500,14.000),
('HMD 110',115.500,49.500,14.000),
('HMD T21',247.500,157.300,7.500),
('HMD Vibe',163.800,75.200,8.400),
('Honor 100',161.900,74.100,7.800),
('Honor 100 Pro',163.700,74.700,8.200),
('Honor 10X Lite',165.700,76.900,9.300),
('Honor 200 Lite',161.100,74.600,6.800),
('Honor 20e',154.800,73.600,8.000),
('Honor 30',160.300,74.200,8.100),
('Honor 30 Pro',160.300,73.600,8.400),
('Honor 30 Pro+',160.300,73.600,8.400),
('Honor 30 Youth',160.000,75.300,8.400),
('Honor 30i',157.200,73.200,7.700),
('Honor 30S',162.300,75.000,8.600),
('Honor 50',160.000,73.800,7.800),
('Honor 50 Lite',161.800,74.700,8.500),
('Honor 50 Pro',163.500,74.700,8.000),
('Honor 50 SE',164.700,75.600,8.000),
('Honor 60',161.400,73.300,8.000),
('Honor 60 Pro',163.900,74.800,8.200),
('Honor 60 SE',161.300,73.400,7.700),
('Honor 70',161.400,73.300,7.900),
('Honor 70 Lite',163.700,75.100,8.700),
('Honor 70 Pro',163.900,74.600,8.200),
('Honor 70 Pro+',163.900,74.600,8.200),
('Honor 80',161.100,73.900,7.700),
('Honor 80 GT',162.500,75.300,7.900),
('Honor 80 Pro',163.300,74.900,7.800),
('Honor 80 Pro Flat',162.300,75.300,7.900),
('Honor 80 SE',161.300,73.400,7.700),
('Honor 8A 2020',156.300,73.500,8.200),
('Honor 8A Prime',156.300,73.500,8.200),
('Honor 8S 2020',147.100,70.800,8.500),
('Honor 90',161.900,74.100,7.800),
('Honor 90 GT',161.000,74.200,7.900),
('Honor 90 Lite',162.900,74.500,7.500),
('Honor 90 Pro',163.800,74.900,8.100),
('Honor 9A',159.100,74.100,9.000),
('Honor 9C',159.800,76.100,8.100),
('Honor 9S',146.500,70.900,8.400),
('Honor 9X',163.500,77.300,8.800),
('Honor 9X Lite',160.400,76.600,7.800),
('Honor 9X Pro',163.500,77.300,8.800),
('Honor Magic V',160.400,72.700,14.300),
('Honor Magic V Flip',86.500,75.600,14.900),
('Honor Magic V2',156.700,74.100,9.900),
('Honor Magic V2 RSR Porsche Design',156.700,74.000,9.900),
('Honor Magic V3',156.600,74.000,9.200),
('Honor Magic Vs',160.300,72.600,12.900),
('Honor Magic Vs Ultimate',160.300,72.600,12.900),
('Honor Magic Vs2',157.500,74.400,10.700),
('Honor Magic Vs3',156.800,74.000,9.800),
('Honor Magic3',162.800,74.900,8.990),
('Honor Magic3 Pro',162.800,74.900,9.000),
('Honor Magic3 Pro+',162.800,74.900,9.900),
('Honor Magic4',163.600,74.500,8.800),
('Honor Magic4 Lite',166.000,75.800,8.000),
('Honor Magic4 Pro',163.600,74.700,9.100),
('Honor Magic4 Ultimate',163.600,74.700,11.400),
('Honor Magic5',161.400,75.500,7.800),
('Honor Magic5 Lite',161.600,73.900,7.900),
('Honor Magic5 Pro',162.900,76.700,8.800),
('Honor Magic5 Ultimate',162.900,76.700,8.800),
('Honor Magic6',161.800,75.400,8.100),
('Honor Magic6 Lite',163.600,75.500,8.000),
('Honor Magic6 Pro',162.500,75.800,8.900),
('Honor Magic6 RSR Porsche Design',162.500,75.800,8.900),
('Honor Magic6 Ultimate',162.500,75.800,8.900),
('Honor Play 20',164.000,75.800,8.900),
('Honor Play 30',163.700,75.100,8.700),
('Honor Play 30 Plus',167.600,77.200,8.600),
('Honor Play 40',163.300,75.100,8.400),
('Honor Play 40 Plus',167.500,76.900,8.300),
('Honor Play 4T',159.800,76.100,8.100),
('Honor Play 4T Pro',157.400,73.200,7.800),
('Honor Play 50 Plus',166.700,76.500,8.200),
('Honor Play 5T Pro',160.700,73.300,8.400),
('Honor Play 5T Youth',165.200,76.000,9.200),
('Honor Play 60 Plus',167.000,76.800,8.100),
('Honor Play 8T',166.700,76.500,8.200),
('Honor Play 9A',159.100,74.100,9.000),
('Honor Play4',170.000,78.500,8.900),
('Honor Play4 Pro',162.700,75.800,8.900),
('Honor Play5 5G',161.600,74.800,7.500),
('Honor Play5 Youth',161.800,74.700,8.500),
('Honor Play6C',163.700,75.100,8.700),
('Honor Play6T',167.600,77.200,8.600),
('Honor Play6T Pro',163.400,74.700,7.500),
('Honor Play7T',167.500,76.900,8.300),
('Honor Play7T Pro',162.900,74.500,7.400),
('Honor V Purse',156.500,74.700,8.600),
('Honor V40 5G',163.100,74.300,8.000),
('Honor V40 Lite',160.100,74.100,7.600),
('Honor V6',245.200,154.900,7.800),
('Honor X10 5G',163.700,76.500,8.800),
('Honor X10 Max 5G',174.400,84.900,8.300),
('Honor X20',161.800,74.700,8.500),
('Honor X20 SE',160.700,73.300,8.400),
('Honor X30',166.100,75.800,8.100),
('Honor X30 Max',174.400,84.900,8.300),
('Honor X30i',163.400,74.700,7.500),
('Honor X40',161.600,73.900,7.900),
('Honor X40 GT',166.100,75.800,8.500),
('Honor X40 GT Racing',166.100,75.800,8.500),
('Honor X40i',162.900,74.500,7.400),
('Honor X5',164.000,75.600,8.900),
('Honor X50',163.600,75.500,8.000),
('Honor X50 GT',163.600,75.500,8.000),
('Honor X50i',162.900,74.500,7.500),
('Honor X50i+',161.100,74.600,6.800),
('Honor X6a',163.300,75.100,8.400),
('Honor X7a',167.500,76.900,8.300),
('Honor X7b',166.700,76.500,8.200),
('Honor X8',163.400,74.700,7.500),
('Honor X8 5G',163.700,75.100,8.700),
('Honor X8a',162.900,74.500,7.500),
('Honor X8b',161.100,74.600,6.800),
('Honor X9',166.100,75.800,8.100),
('Honor X9 5G',166.100,75.800,8.100),
('Honor X9a',161.600,73.900,7.900),
('HTC A101 Plus',256.600,168.200,7.500),
('HTC Desire 19+',156.200,74.800,8.500),
('HTC Desire 19s',156.200,74.800,8.500),
('HTC Desire 20 Pro',162.000,77.000,9.400),
('HTC Desire 20+',164.900,75.700,9.000),
('HTC Desire 21 Pro 5G',167.100,78.100,9.400),
('HTC Desire 22 Pro',166.300,76.900,9.400),
('HTC U19e',156.600,75.900,8.000),
('HTC U23 Pro',166.600,77.100,8.900),
('HTC U24 Pro',167.100,74.900,9.000),
('HTC Wildfire E',147.900,71.400,8.900),
('HTC Wildfire E plus',164.100,75.900,8.800),
('HTC Wildfire E1',157.500,75.000,8.900),
('HTC Wildfire E1 lite',147.900,71.400,8.900),
('HTC Wildfire E1 plus',157.500,75.000,8.900),
('HTC Wildfire E2',158.400,75.900,9.000),
('HTC Wildfire E2 Plus',174.200,78.600,9.300),
('HTC Wildfire E3',165.700,76.600,9.000),
('HTC Wildfire X',156.700,74.900,8.000),
('Huawei Enjoy 20 5G',165.200,76.000,9.200),
('Huawei Enjoy 20 Plus 5G',163.500,76.500,9.000),
('Huawei Enjoy 20 Pro',160.000,75.300,8.400),
('Huawei Enjoy 20 SE',165.700,76.900,9.300),
('Huawei Enjoy 20e',159.100,74.100,9.000),
('Huawei Enjoy 50z',164.300,75.800,8.900),
('Huawei Enjoy 60',168.300,77.700,9.000),
('Huawei Enjoy 60X',171.600,79.900,8.900),
('Huawei Enjoy 70',168.300,77.700,8.900),
('Huawei Enjoy 70z',168.300,77.700,9.000),
('Huawei Enjoy Z 5G',160.000,75.300,8.400),
('Huawei Mate 30 Pro',158.100,73.100,8.800),
('Huawei Mate 30 Pro 5G',158.100,73.100,8.800),
('Huawei Mate 30E Pro 5G',158.100,73.100,8.800),
('Huawei Mate 40',158.600,72.500,8.800),
('Huawei Mate 40 Pro',162.900,75.500,9.100),
('Huawei Mate 40 Pro 4G',162.900,75.500,9.100),
('Huawei Mate 40 Pro+',162.900,75.500,8.800),
('Huawei Mate 40 RS Porsche Design',162.900,75.500,10.100),
('Huawei Mate 40E',158.600,72.500,8.800),
('Huawei Mate 40E 4G',158.600,72.500,8.800),
('Huawei Mate 50',161.500,76.100,8.000),
('Huawei Mate 50 Pro',162.100,75.500,8.500),
('Huawei Mate 50 RS Porsche Design',162.100,75.500,9.900),
('Huawei Mate 50E',161.500,76.100,8.000),
('Huawei Mate 60',161.400,76.000,8.000),
('Huawei Mate 60 Pro',163.700,79.000,8.100),
('Huawei Mate 60 RS Ultimate',163.700,79.000,8.100),
('Huawei Mate X2',161.800,74.600,14.700),
('Huawei Mate X2 4G',161.800,74.600,14.700),
('Huawei Mate X3',156.900,72.400,11.100),
('Huawei Mate Xs',161.300,78.500,11.000),
('Huawei Mate Xs 2',156.500,75.500,11.100),
('Huawei nova 10',162.200,73.900,6.900),
('Huawei nova 10 Pro',164.200,74.500,7.900),
('Huawei nova 10 SE',162.400,75.500,7.400),
('Huawei nova 10 Youth',164.600,75.600,7.900),
('Huawei nova 10z',160.700,73.300,8.400),
('Huawei nova 11',161.300,75.000,6.900),
('Huawei nova 11 Pro',164.300,74.400,7.900),
('Huawei nova 11 SE',162.400,75.500,7.400),
('Huawei nova 11i',164.600,75.600,8.600),
('Huawei nova 12',161.500,75.400,7.000),
('Huawei nova 12 Lite',161.300,75.000,6.900),
('Huawei nova 12 Pro',163.100,75.000,7.700),
('Huawei nova 12 Ultra',163.100,75.000,7.700),
('Huawei nova 5T',154.300,74.000,7.800),
('Huawei nova 7 5G',160.600,74.300,8.000),
('Huawei nova 7 Pro 5G',160.400,73.700,8.000),
('Huawei nova 7 SE 5G Youth',162.300,75.000,8.600),
('Huawei nova 7i',159.200,76.300,8.700),
('Huawei nova 8',160.100,74.100,7.600),
('Huawei nova 8 5G',160.100,74.100,7.600),
('Huawei nova 8 Pro 5G',163.300,74.100,7.900),
('Huawei nova 8 SE',161.100,74.800,7.500),
('Huawei nova 8 SE 4G',161.500,74.800,7.500),
('Huawei nova 8 SE Youth',160.700,73.300,8.400),
('Huawei nova 8i',161.900,74.700,8.600),
('Huawei nova 9 Pro',163.400,74.400,8.000),
('Huawei nova 9 SE',164.600,75.600,7.900),
('Huawei nova Y60',165.200,76.000,9.200),
('Huawei nova Y90',163.300,74.700,8.400),
('Huawei nova Y91',171.600,79.900,8.900),
('Huawei P smart 2020',155.200,73.400,8.000),
('Huawei P smart 2021',165.700,76.900,9.300),
('Huawei P Smart S',157.400,73.200,7.800),
('Huawei P30',149.100,71.400,7.600),
('Huawei P30 lite',152.900,72.700,7.400),
('Huawei P30 lite New Edition',152.900,72.700,7.400),
('Huawei P30 Pro',158.000,73.400,8.400),
('Huawei P30 Pro New Edition',158.000,73.400,8.400),
('Huawei P40',148.900,71.100,8.500),
('Huawei P40 4G',148.900,71.100,8.500),
('Huawei P40 lite',159.200,76.300,8.700),
('Huawei P40 lite 5G',162.300,75.000,8.600),
('Huawei P40 lite E',159.800,76.100,8.100),
('Huawei P40 Pro',158.200,72.600,9.000),
('Huawei P40 Pro+',158.200,72.600,9.000),
('Huawei P50',156.500,73.800,7.900),
('Huawei P50 Pocket',87.300,75.500,15.200),
('Huawei P50E',156.500,73.800,7.900),
('Huawei P60',161.000,74.500,8.300),
('Huawei P60 Art',161.000,74.500,8.300),
('Huawei P60 Pro',161.000,74.500,8.300),
('Huawei Pocket 2',87.800,75.500,15.300),
('Huawei Pocket S',87.300,75.500,15.200),
('Huawei Pura 70',157.600,74.300,8.000),
('Huawei Pura 70 Pro',162.600,75.100,8.400),
('Huawei Pura 70 Pro+',162.600,75.100,8.400),
('Huawei Pura 70 Ultra',162.600,75.100,8.400),
('Huawei Y5 (2019)',147.100,70.800,8.500),
('Huawei Y5p',146.500,70.900,8.400),
('Huawei Y6p',159.100,74.100,9.000),
('Huawei Y7a',165.700,76.900,9.300),
('Huawei Y7p',159.800,76.100,8.100),
('Huawei Y8p',157.400,73.200,7.800),
('Huawei Y8s',162.400,77.100,8.100),
('Huawei Y9 Prime (2019)',163.500,77.300,8.900),
('Huawei Y9a',163.500,76.500,9.000),
('Huawei Y9s',163.100,77.200,8.800),
('Infinix GT 10 Pro',162.700,75.900,8.100),
('Infinix Hot 10',171.100,77.600,8.900),
('Infinix Hot 11',164.700,76.200,8.900),
('Infinix Hot 11 2022',166.800,76.600,9.100),
('Infinix Hot 11s',168.900,77.000,8.800),
('Infinix Hot 12',170.500,77.600,8.300),
('Infinix Hot 12 Play',171.000,78.000,8.900),
('Infinix Hot 12 Pro',164.200,75.800,8.400),
('Infinix Hot 12i',164.800,76.400,8.800),
('Infinix Hot 20',170.700,77.400,8.300),
('Infinix Hot 20 5G',166.300,76.500,8.900),
('Infinix Hot 20 Play',171.000,78.000,8.900),
('Infinix Hot 20i',164.800,76.400,8.800),
('Infinix Hot 9 Play',171.800,78.000,8.900),
('Infinix Hot 9 Pro',165.000,76.800,8.700),
('Infinix Note 10 Pro',172.800,78.300,7.800),
('Infinix Note 11',164.400,76.700,7.900),
('Infinix Note 12',164.400,76.700,7.900),
('Infinix Note 12 (2023)',164.400,76.500,7.800),
('Infinix Note 12 5G',164.700,76.900,8.000),
('Infinix Note 12 G96',164.600,76.800,8.000),
('Infinix Note 12 Pro',164.400,76.500,7.800),
('Infinix Note 12 Pro 5G',164.700,76.900,8.000),
('Infinix Note 12 VIP',163.500,76.700,7.900),
('Infinix Note 12i',170.700,77.400,8.300),
('Infinix Note 12i 2022',164.500,76.700,7.800),
('Infinix Note 30 VIP',162.700,75.900,8.200),
('Infinix Note 40',164.100,74.500,7.800),
('Infinix Note 40 5G',165.500,75.900,7.900),
('Infinix Note 40 Pro',164.300,74.500,8.100),
('Infinix Note 40 Pro 4G',164.400,74.600,7.800),
('Infinix Note 40 Pro+',164.300,74.500,8.100),
('Infinix S5 Pro',162.500,76.900,9.000),
('Infinix Smart 5',165.400,76.400,8.800),
('Infinix Smart 5 (India)',171.800,78.000,8.900),
('Infinix Smart 6 Plus (India)',172.600,77.700,8.700),
('Infinix Smart 7',163.800,75.600,8.700),
('Infinix Smart 7 (India)',164.200,75.600,9.400),
('Infinix Smart 7 HD',163.900,75.500,8.700),
('Infinix Smart 8',163.600,75.600,8.500),
('Infinix Smart HD 2021',158.300,75.200,9.800),
('Infinix Zero 20',164.400,76.700,8.000),
('Infinix Zero 30 4G',164.500,75.000,7.900),
('Infinix Zero 5G',168.700,76.500,8.800),
('Infinix Zero 5G 2023',168.700,76.500,8.900),
('Infinix Zero 8',168.700,76.100,9.100),
('Infinix Zero 8i',168.700,76.100,9.100),
('Infinix Zero Ultra',165.500,74.500,8.800),
('Infinix Zero X',164.100,75.700,7.800),
('Infinix Zero X Pro',164.100,75.700,7.800),
('Lava Agni 5G',168.800,76.800,9.100),
('Lava Blaze 2 5G',164.200,76.000,8.500),
('Lava Blaze 2 Pro',163.000,75.200,8.500),
('Lava Blaze 5G',165.300,76.400,8.900),
('Lava Blaze Curve',161.800,74.000,8.800),
('Lava Blaze Nxt',164.800,76.300,8.900),
('Lava Blaze Pro',164.800,76.300,8.900),
('Lava Blaze X',162.400,73.900,8.500),
('Lava O2',165.000,76.100,8.700),
('Lava X2',165.000,76.000,9.000),
('Lava X3',164.600,75.800,9.200),
('Lava Yuva 2',165.000,76.100,8.700),
('Lava Yuva 2 Pro',164.500,76.000,9.000),
('Lava Yuva 3 Pro',165.000,76.100,8.700),
('Lava Yuva 5G',163.400,76.200,9.100),
('Lava Yuva Pro',164.400,75.800,8.900),
('Lava Z1',145.100,73.300,10.300),
('Lava Z2',164.500,75.800,9.000),
('Lava Z2 Max',174.700,78.600,9.100),
('Lava Z2s',164.500,75.800,9.000),
('Lava Z3 Pro',164.500,75.800,8.900),
('Lava Z4',164.500,75.800,9.000),
('Lava Z6',164.500,75.800,9.000),
('Lenovo A8 2020',163.800,75.600,9.300),
('Lenovo K10 Note',156.600,74.300,7.900),
('Lenovo K12 (China)',165.200,75.700,9.200),
('Lenovo K12 Pro',172.100,76.800,9.700),
('Lenovo K13',165.100,75.900,9.200),
('Lenovo K13 Note',165.200,75.700,9.100),
('Lenovo Legion 2 Pro',176.000,78.500,9.900),
('Lenovo Legion Duel',169.200,78.500,9.900),
('Lenovo Legion Duel 2',176.000,78.500,9.900),
('Lenovo Legion Y70',163.600,77.000,8.000),
('Lenovo Legion Y700',207.100,128.100,7.900),
('Lenovo Legion Y700 (2023)',208.900,129.500,7.600),
('Lenovo Legion Y90',177.000,78.400,10.100),
('Lenovo M10 Plus',244.200,153.300,8.200),
('Lenovo Z6',157.000,74.500,8.000),
('Lenovo Z6 Pro',157.500,74.600,8.700),
('Lenovo Z6 Pro 5G',157.500,74.600,8.700),
('LG G8 ThinQ',151.900,71.800,8.400),
('LG G8S ThinQ',155.300,76.600,8.000),
('LG G8X ThinQ',159.300,75.800,8.400),
('LG K22',155.700,75.400,8.400),
('LG K31',147.800,71.100,8.600),
('LG K41S',165.800,76.500,8.300),
('LG K42',165.000,76.700,8.400),
('LG K51S',165.200,76.700,8.300),
('LG K52',165.000,76.700,8.400),
('LG K61',164.500,77.500,8.400),
('LG K62',165.000,76.700,8.400),
('LG K92 5G',166.400,77.200,8.400),
('LG Q31',147.900,71.000,8.700),
('LG Q52',165.000,76.700,8.400),
('LG Q92 5G',166.500,77.300,8.500),
('LG Stylo 6',171.200,77.700,8.600),
('LG V50 ThinQ 5G',159.200,76.100,8.300),
('LG V60 ThinQ 5G',169.300,77.600,8.900),
('LG V60 ThinQ 5G UW',169.300,77.600,8.900),
('LG Velvet',167.100,74.100,7.900),
('LG Velvet 5G',167.200,74.100,7.900),
('LG W10 Alpha',147.300,71.000,8.900),
('LG W31',166.200,76.300,8.400),
('LG W31+',166.200,76.300,8.400),
('LG W41',166.500,77.300,9.300),
('LG W41 Pro',166.500,77.300,9.300),
('LG W41+',166.500,77.300,9.300),
('LG Wing 5G',169.500,74.500,10.900),
('Meizu 17',160.000,77.200,8.500),
('Meizu 17 Pro',160.000,77.200,8.500),
('Meizu 18',152.400,69.200,8.200),
('Meizu 18 Pro',162.500,73.000,8.100),
('Meizu 18s',152.400,69.200,8.200),
('Meizu 18s Pro',162.500,73.000,8.100),
('Meizu 18x',165.100,76.400,8.000),
('Meizu 20',157.900,73.500,8.000),
('Meizu 20 Classic',157.900,73.500,8.000),
('Meizu 20 Infinity',163.400,73.300,8.200),
('Meizu 20 Pro',164.200,76.400,7.800),
('Meizu 21',156.700,75.300,7.900),
('Meizu 21 Note',162.400,76.900,8.200),
('Meizu 21 Pro',165.000,74.400,8.000),
('Micromax In 1',165.200,77.000,9.000),
('Micromax In 1b',164.500,75.800,8.900),
('Micromax In 2b',164.300,75.700,8.600),
('Micromax In 2c',164.300,75.700,8.600),
('Micromax In note 1',165.200,77.000,9.000),
('Micromax In note 2',159.900,74.300,8.300),
('Microsoft Surface Duo',145.200,93.300,9.900),
('Microsoft Surface Duo 2',145.200,92.100,11.000);
/*!40000 ALTER TABLE `dimensions` ENABLE KEYS */;
UNLOCK TABLES;

--
-- Table structure for table `phones`
--

DROP TABLE IF EXISTS `phones`;
/*!40101 SET @saved_cs_client     = @@character_set_client */;
/*!40101 SET character_set_client = utf8 */;
CREATE TABLE `phones` (
  `name` varchar(255) NOT NULL,
  `brand` varchar(255) NOT NULL,
  `battery_mah` int(11) DEFAULT NULL,
  `ram_gb` decimal(7,3) DEFAULT NULL,
  `storage_gb` decimal(7,3) DEFAULT NULL,
  `weight_gr` int(11) DEFAULT NULL,
  `release_date` date DEFAULT NULL,
  `os` varchar(20) DEFAULT NULL,
  `nfc` enum('Yes','No') DEFAULT NULL,
  `display_size_inch` decimal(7,3) DEFAULT NULL,
  `price` decimal(7,3) DEFAULT NULL,
  PRIMARY KEY (`name`),
  CONSTRAINT `CONSTRAINT_1` CHECK (`battery_mah` > 0),
  CONSTRAINT `CONSTRAINT_2` CHECK (`ram_gb` > 0),
  CONSTRAINT `CONSTRAINT_3` CHECK (`storage_gb` > 0),
  CONSTRAINT `CONSTRAINT_4` CHECK (`weight_gr` > 0),
  CONSTRAINT `CONSTRAINT_5` CHECK (`display_size_inch` > 0),
  CONSTRAINT `CONSTRAINT_6` CHECK (`price` >= 0)
) ENGINE=InnoDB DEFAULT CHARSET=latin1 COLLATE=latin1_swedish_ci;
/*!40101 SET character_set_client = @saved_cs_client */;

--
-- Dumping data for table `phones`
--

LOCK TABLES `phones` WRITE;
/*!40000 ALTER TABLE `phones` DISABLE KEYS */;
INSERT INTO `phones` VALUES
('alcatel 1 (2021)','alcatel',2000,1.000,16.000,134,'2021-10-22','Android','No',5.000,64.800),
('alcatel 1B (2022)','alcatel',3000,2.000,32.000,172,'2022-05-31','Android','No',5.500,108.000),
('alcatel 1L (2021)','alcatel',3000,2.000,32.000,179,'2021-04-26','Android','No',6.100,118.800),
('alcatel 1S (2021)','alcatel',4000,3.000,32.000,190,'2021-03-25','Android','No',6.520,140.400),
('alcatel 1SE (2020)','alcatel',4000,4.000,128.000,175,'2020-10-28','Android','No',6.220,162.000),
('alcatel 3L (2021)','alcatel',4000,4.000,64.000,194,'2021-04-26','Android','Yes',6.520,356.400),
('alcatel Go Flip 3','alcatel',1350,0.500,4.000,118,'2019-09-19','KaiOS','No',2.800,86.400),
('alcatel Go Flip V','alcatel',1350,1.000,8.000,118,'2019-07-11','KaiOS','No',2.800,86.400),
('Allview Soul X7 Pro','Allview',4000,4.000,64.000,193,'2020-05-26','Android','No',6.530,248.400),
('Allview Soul X7 Style','Allview',3400,4.000,64.000,7,'2020-05-26','Android','No',6.210,140.400),
('Apple iPhone 11','Apple',3110,4.000,256.000,194,'2019-09-20','iOS','Yes',6.100,217.340),
('Apple iPhone 11 Pro','Apple',3046,4.000,512.000,188,'2019-09-20','iOS','Yes',5.800,256.000),
('Apple iPhone 11 Pro Max','Apple',3969,4.000,512.000,226,'2019-09-20','iOS','Yes',6.500,289.290),
('Apple iPhone 12','Apple',2815,4.000,256.000,164,'2020-10-23','iOS','Yes',6.100,266.310),
('Apple iPhone 12 mini','Apple',2227,4.000,256.000,135,'2020-11-13','iOS','Yes',5.400,218.750),
('Apple iPhone 12 Pro','Apple',2815,6.000,512.000,189,'2020-10-23','iOS','Yes',6.100,357.860),
('Apple iPhone 12 Pro Max','Apple',3687,6.000,512.000,228,'2020-11-13','iOS','Yes',6.700,401.190),
('Apple iPhone 13','Apple',3240,4.000,512.000,174,'2021-09-24','iOS','Yes',6.100,343.830),
('Apple iPhone 13 mini','Apple',2438,4.000,512.000,141,'2021-09-24','iOS','Yes',5.400,349.950),
('Apple iPhone 13 Pro','Apple',3095,6.000,1024.000,204,'2021-09-24','iOS','Yes',6.100,481.980),
('Apple iPhone 13 Pro Max','Apple',4352,6.000,1024.000,240,'2021-09-24','iOS','Yes',6.700,530.000),
('Apple iPhone 14','Apple',3279,6.000,512.000,172,'2022-09-16','iOS','Yes',6.100,445.840),
('Apple iPhone 14 Plus','Apple',4323,6.000,512.000,203,'2022-10-07','iOS','Yes',6.700,479.000),
('Apple iPhone 14 Pro','Apple',3200,6.000,1024.000,206,'2022-09-16','iOS','Yes',6.100,598.950),
('Apple iPhone 14 Pro Max','Apple',4323,6.000,1024.000,240,'2022-09-16','iOS','Yes',6.700,726.820),
('Apple iPhone 15','Apple',3349,6.000,512.000,171,'2023-09-22','iOS','Yes',6.100,549.990),
('Apple iPhone 15 Plus','Apple',4383,6.000,512.000,201,'2023-09-22','iOS','Yes',6.700,609.990),
('Apple iPhone 15 Pro','Apple',3274,8.000,1024.000,187,'2023-09-22','iOS','Yes',6.100,791.940),
('Apple iPhone 15 Pro Max','Apple',4441,8.000,1024.000,221,'2023-09-22','iOS','Yes',6.700,877.900),
('Apple iPhone SE (2020)','Apple',1821,3.000,256.000,148,'2020-04-24','iOS','Yes',4.700,89.000),
('Apple iPhone SE (2022)','Apple',2018,4.000,256.000,144,'2022-03-18','iOS','Yes',4.700,99.940),
('Asus ROG Phone 3','Asus',6000,16.000,512.000,240,'2020-07-23','Android','Yes',6.590,702.000),
('Asus ROG Phone 3 Strix','Asus',6000,8.000,256.000,240,'2020-07-23','Android','Yes',6.590,1512.000),
('Asus ROG Phone 5','Asus',6000,16.000,256.000,238,'2021-04-26','Android','Yes',6.780,413.800),
('Asus ROG Phone 5 Pro','Asus',6000,16.000,512.000,238,'2021-07-02','Android','Yes',6.780,734.400),
('Asus ROG Phone 5 Ultimate','Asus',6000,18.000,512.000,238,'2021-06-07','Android','Yes',6.780,1404.000),
('Asus ROG Phone 5s','Asus',6000,18.000,512.000,238,'2021-08-26','Android','Yes',6.780,1112.400),
('Asus ROG Phone 5s Pro','Asus',6000,18.000,512.000,238,'2021-08-24','Android','Yes',6.780,2160.000),
('Asus ROG Phone 6','Asus',6000,16.000,512.000,239,'2022-07-13','Android','Yes',6.780,415.000),
('Asus ROG Phone 6 Batman Edition','Asus',6000,12.000,256.000,239,'2022-10-10','Android','Yes',6.780,1620.000),
('Asus ROG Phone 6 Pro','Asus',6000,18.000,512.000,239,'2022-07-13','Android','Yes',6.780,864.000),
('Asus ROG Phone 6D','Asus',6000,16.000,256.000,239,'2022-10-11','Android','Yes',6.780,689.000),
('Asus ROG Phone 8','Asus',5500,16.000,256.000,225,'2024-01-18','Android','Yes',6.780,949.000),
('Asus ROG Phone 8 Pro','Asus',5500,24.000,1024.000,225,'2024-01-18','Android','Yes',6.780,1099.000),
('Asus Smartphone for Snapdragon Insiders','Asus',4000,16.000,512.000,210,'2021-08-31','Android','Yes',6.780,1371.600),
('Asus Zenfone 10','Asus',4300,16.000,512.000,172,'2023-07-10','Android','Yes',5.920,602.000),
('Asus Zenfone 11 Ultra','Asus',5500,16.000,512.000,224,'2024-04-14','Android','Yes',6.780,870.000),
('Asus Zenfone 7','Asus',5000,8.000,128.000,230,'2020-09-01','Android','Yes',6.670,982.800),
('Asus Zenfone 7 Pro','Asus',5000,8.000,256.000,230,'2020-09-01','Android','Yes',6.670,723.600),
('Asus Zenfone 8 Flip','Asus',5000,8.000,256.000,230,'2021-05-13','Android','Yes',6.670,410.400),
('Blackview A200 Pro','Blackview',5050,12.000,256.000,196,'2023-08-21','Android','Yes',6.670,209.990),
('Blackview A52','Blackview',5180,2.000,32.000,6,'2022-11-25','Android','No',6.500,108.000),
('Blackview A85','Blackview',4480,8.000,128.000,193,'2022-11-25','Android','Yes',6.500,172.800),
('Blackview Active 8 Pro','Blackview',22000,8.000,256.000,976,'2023-07-10','Android','Yes',10.360,237.600),
('Blackview BL8800','Blackview',8380,8.000,128.000,367,'2022-05-09','Android','Yes',6.580,518.400),
('Blackview BL8800 Pro','Blackview',8380,8.000,128.000,367,'2022-05-09','Android','Yes',6.580,324.000),
('Blackview BV5200','Blackview',5180,4.000,32.000,268,'2022-09-14','Android','Yes',6.100,129.600),
('Blackview BV5200 Pro','Blackview',5180,4.000,64.000,268,'2022-12-05','Android','Yes',6.100,108.000),
('Blackview BV7100','Blackview',13000,6.000,128.000,460,'2022-09-14','Android','Yes',6.580,237.600),
('Blackview BV7200','Blackview',5180,6.000,128.000,288,'2022-11-01','Android','Yes',6.100,270.000),
('Blackview BV8800','Blackview',8380,8.000,128.000,367,'2022-01-10','Android','Yes',6.580,378.000),
('Blackview BV8900','Blackview',10380,8.000,256.000,398,'2023-06-12','Android','Yes',6.500,313.200),
('Blackview BV9200','Blackview',5000,8.000,256.000,310,'2023-01-09','Android','Yes',6.600,216.000),
('Blackview BV9300','Blackview',15080,12.000,256.000,520,'2023-05-10','Android','Yes',6.700,98.880),
('Blackview N6000','Blackview',3880,8.000,256.000,208,'2023-07-24','Android','Yes',4.300,205.200),
('BLU A5L','BLU',1400,1.000,16.000,118,'2021-02-09','Android','No',4.000,43.200),
('BLU Bold N2','BLU',4200,8.000,256.000,180,'2022-08-11','Android','No',6.600,248.400),
('BLU C7','BLU',4000,1.000,32.000,186,'2021-05-22','Android','No',6.500,64.800),
('BLU C7X','BLU',4000,1.000,32.000,203,'2022-07-07','Android','No',6.500,64.800),
('BLU F91','BLU',5000,8.000,128.000,209,'2022-04-20','Android','Yes',6.800,302.400),
('BLU F92e','BLU',5000,4.000,128.000,202,'2023-01-19','Android','No',6.500,205.200),
('BLU G50','BLU',4000,2.000,32.000,190,'2020-09-18','Android','No',5.500,75.600),
('BLU G50 Plus','BLU',4000,2.000,32.000,180,'2020-09-22','Android','No',6.200,97.200),
('BLU G51 Plus','BLU',4000,3.000,64.000,200,'2021-05-22','Android','No',6.500,118.800),
('BLU G61','BLU',5000,3.000,64.000,196,'2021-02-09','Android','No',6.500,118.800),
('BLU G71','BLU',5000,3.000,64.000,194,'2021-02-19','Android','No',6.500,86.400),
('BLU G80','BLU',4000,3.000,64.000,185,'2020-06-24','Android','No',6.500,97.200),
('BLU G90','BLU',4000,4.000,64.000,185,'2020-06-24','Android','No',6.500,129.600),
('BLU G90 Pro','BLU',5100,4.000,128.000,215,'2020-08-25','Android','No',6.500,183.600),
('BLU G91','BLU',5000,4.000,128.000,196,'2021-02-24','Android','No',6.500,162.000),
('BLU G91 Max','BLU',5000,8.000,128.000,213,'2022-02-23','Android','No',6.800,216.000),
('BLU G91 Pro','BLU',5000,6.000,128.000,201,'2021-08-26','Android','No',6.700,162.000),
('BLU G91s','BLU',6000,4.000,128.000,202,'2021-12-07','Android','No',6.800,216.000),
('BLU J6S','BLU',3000,1.000,32.000,161,'2022-07-07','Android','No',6.100,54.000),
('BLU M7L','BLU',2800,2.000,32.000,286,'2021-02-09','Android','No',7.000,54.000),
('BLU S91','BLU',5000,4.000,128.000,202,'2022-06-24','Android','No',6.500,183.600),
('BLU Studio X10','BLU',2100,1.000,16.000,169,'2020-08-05','Android','No',5.000,54.000),
('BLU Studio X10+','BLU',2550,1.000,32.000,167,'2021-02-09','Android','No',5.500,54.000),
('BLU Studio X12','BLU',3000,1.000,32.000,189,'2021-02-16','Android','No',6.000,64.800),
('BLU Studio X9 HD','BLU',2000,1.000,8.000,144,'2020-03-25','Android','No',5.000,54.000),
('Cat S22 Flip','Cat',2000,2.000,16.000,224,'2021-09-18','Android','No',2.800,216.000),
('Cat S42 H+','Cat',4200,3.000,32.000,220,'2021-04-20','Android','Yes',5.500,248.400),
('Cat S53','Cat',5500,6.000,128.000,320,'2022-07-19','Android','Yes',6.500,572.400),
('Cat S62','Cat',4000,4.000,128.000,260,'2021-06-18','Android','Yes',5.700,475.200),
('Cat S62 Pro','Cat',4000,6.000,128.000,248,'2020-08-17','Android','Yes',5.700,572.400),
('Coolpad Cool 10','Coolpad',5000,6.000,128.000,8,'2020-06-12','Android','No',6.520,118.800),
('Coolpad Cool 10A','Coolpad',4000,2.000,64.000,200,'2021-03-29','Android','No',6.520,97.200),
('Coolpad Cool 12A','Coolpad',4000,4.000,64.000,5,'2020-10-05','Android','No',6.300,75.600),
('Coolpad Cool 20','Coolpad',4500,6.000,128.000,6,'2021-06-01','Android','No',6.520,97.200),
('Coolpad Cool 20 Pro','Coolpad',4500,8.000,128.000,193,'2021-12-02','Android','No',6.580,270.000),
('Coolpad Cool 20s','Coolpad',4500,8.000,256.000,180,'2022-06-14','Android','No',6.580,151.200),
('Coolpad Cool 6','Coolpad',4000,6.000,128.000,198,'2020-10-15','Android','No',6.530,140.400),
('Coolpad CP12','Coolpad',4500,4.000,128.000,190,'2023-06-15','Android','No',6.520,97.200),
('Coolpad CP12p','Coolpad',4500,4.000,128.000,194,'2023-04-15','Android','No',6.520,118.800),
('Cubot KingKong 8','Cubot',10600,12.000,256.000,382,'2023-10-23','Android','Yes',6.530,132.490),
('Cubot KingKong Star','Cubot',10600,12.000,256.000,395,'2023-08-07','Android','Yes',6.780,259.560),
('Cubot KingKong X','Cubot',10200,16.000,512.000,388,'2024-07-23','Android','Yes',6.580,247.990),
('Cubot Max 5','Cubot',5100,12.000,256.000,223,'2024-07-22','Android','Yes',6.950,249.990),
('Cubot Note 21','Cubot',5200,6.000,128.000,214,'2023-09-18','Android','No',6.560,88.410),
('Cubot Note 40','Cubot',5200,6.000,256.000,222,'2023-10-16','Android','No',6.560,117.300),
('Cubot Note 50','Cubot',5200,8.000,256.000,233,'2023-08-07','Android','Yes',6.560,140.400),
('Doogee Smini','Doogee',3000,8.000,256.000,155,'2023-11-11','Android','Yes',4.500,140.990),
('Doogee V20 Pro','Doogee',6000,12.000,256.000,296,'2023-06-01','Android','Yes',6.430,455.990),
('Doogee V30','Doogee',10800,8.000,256.000,376,'2022-12-22','Android','Yes',6.580,356.400),
('Doogee X96','Doogee',5400,2.000,32.000,198,'2021-10-11','Android','No',6.520,140.400),
('Energizer E242s','Energizer',1700,0.500,4.000,116,'2022-04-10','KaiOS','No',2.400,43.200),
('Energizer E280s','Energizer',3000,0.500,4.000,113,'2021-05-31','KaiOS','No',2.800,43.200),
('Energizer Hardcase H620S','Energizer',5000,4.000,64.000,250,'2021-02-09','Android','Yes',6.200,324.000),
('Fairphone 3+','Fairphone',3040,4.000,64.000,189,'2020-09-14','Android','Yes',5.650,475.200),
('Fairphone 4','Fairphone',3905,8.000,256.000,225,'2021-10-25','Android','Yes',6.300,432.000),
('Fairphone 5','Fairphone',4200,8.000,256.000,212,'2023-09-14','Android','Yes',6.460,758.000),
('Gionee G13 Pro','Gionee',3500,4.000,32.000,195,'2022-01-30','HarmonyOS','No',6.260,86.400),
('Gionee K6','Gionee',4350,8.000,128.000,192,'2020-05-27','Android','No',6.200,108.000),
('Gionee M12','Gionee',5100,6.000,128.000,196,'2020-11-16','Android','No',6.550,162.000),
('Gionee M3','Gionee',5000,8.000,256.000,201,'2021-04-14','Android','No',6.530,129.600),
('Gionee M30','Gionee',10000,8.000,128.000,305,'2020-08-31','Android','No',6.000,183.600),
('Gionee Max','Gionee',5000,2.000,32.000,185,'2020-08-31','Android','No',6.100,75.600),
('Gionee Max Pro','Gionee',6000,3.000,32.000,212,'2021-03-08','Android','No',6.520,86.400),
('Gionee P12','Gionee',3200,2.000,16.000,178,'2020-11-09','Android','No',6.100,86.400),
('Gionee P15 Pro','Gionee',6000,3.000,64.000,208,'2021-03-29','Android','No',6.820,129.600),
('Gionee S12','Gionee',4000,4.000,64.000,181,'2020-07-15','Android','No',6.520,151.200),
('Google Pixel 3a','Google',3000,4.000,64.000,147,'2019-05-15','Android','Yes',5.600,89.950),
('Google Pixel 3a XL','Google',3700,4.000,64.000,167,'2019-05-15','Android','Yes',6.000,313.200),
('Google Pixel 4','Google',2800,6.000,128.000,162,'2019-10-22','Android','Yes',5.700,114.000),
('Google Pixel 4 XL','Google',3700,6.000,128.000,193,'2019-10-22','Android','Yes',6.300,139.000),
('Google Pixel 4a','Google',3140,6.000,128.000,143,'2020-08-20','Android','Yes',5.810,95.950),
('Google Pixel 4a 5G','Google',3885,6.000,128.000,168,'2020-11-05','Android','Yes',6.200,138.000),
('Google Pixel 5','Google',4080,8.000,128.000,151,'2020-10-15','Android','Yes',6.000,129.950),
('Google Pixel 5a 5G','Google',4680,6.000,128.000,183,'2021-08-26','Android','Yes',6.340,185.000),
('Google Pixel 6','Google',4614,8.000,256.000,207,'2021-10-28','Android','Yes',6.400,163.740),
('Google Pixel 6 Pro','Google',5003,12.000,512.000,210,'2021-10-28','Android','Yes',6.700,227.500),
('Google Pixel 6a','Google',4410,6.000,128.000,178,'2022-07-21','Android','Yes',6.100,159.940),
('Google Pixel 7','Google',4355,8.000,256.000,197,'2022-10-13','Android','Yes',6.300,226.100),
('Google Pixel 7 Pro','Google',5000,12.000,512.000,212,'2022-10-13','Android','Yes',6.700,303.990),
('Google Pixel 7a','Google',4385,8.000,128.000,5,'2023-05-10','Android','Yes',6.100,198.990),
('Google Pixel 8','Google',4575,8.000,256.000,187,'2023-10-12','Android','Yes',6.200,404.990),
('Google Pixel 8 Pro','Google',5050,12.000,1024.000,213,'2023-10-12','Android','Yes',6.700,592.980),
('Google Pixel 8a','Google',4492,8.000,256.000,188,'2024-05-14','Android','Yes',6.100,364.980),
('Google Pixel Fold','Google',4821,12.000,512.000,283,'2023-06-27','Android','Yes',7.600,828.830),
('HMD 105','HMD',1000,0.004,0.004,5,'2024-07-08','RTOS','No',2.000,21.600),
('HMD 110','HMD',1000,0.004,0.004,78,'2024-07-05','RTOS','No',2.000,21.600),
('HMD T21','HMD',8200,4.000,128.000,467,'2024-05-15','Android','Yes',10.360,324.000),
('HMD Vibe','HMD',4000,6.000,128.000,186,'2024-06-04','Android','No',6.560,149.990),
('Honor 100','Honor',5000,16.000,512.000,183,'2023-11-23','Android','Yes',6.700,345.600),
('Honor 100 Pro','Honor',5000,16.000,1024.000,195,'2023-11-23','Android','Yes',6.780,475.200),
('Honor 10X Lite','Honor',5000,4.000,128.000,206,'2020-10-29','Android','Yes',6.670,248.400),
('Honor 200 Lite','Honor',4500,12.000,256.000,166,'2024-05-03','Android','Yes',6.700,239.000),
('Honor 20e','Honor',3400,4.000,64.000,164,'2020-04-27','Android','Yes',6.210,194.400),
('Honor 30','Honor',4000,8.000,256.000,185,'2020-04-21','Android','Yes',6.530,1263.600),
('Honor 30 Pro','Honor',4000,8.000,256.000,186,'2020-04-21','Android','Yes',6.570,723.600),
('Honor 30 Pro+','Honor',4000,12.000,256.000,190,'2020-04-21','Android','Yes',6.570,702.000),
('Honor 30 Youth','Honor',4000,8.000,128.000,192,'2020-07-08','Android','No',6.500,237.600),
('Honor 30i','Honor',4000,4.000,128.000,5,'2020-09-12','Android','Yes',6.300,216.000),
('Honor 30S','Honor',4000,8.000,256.000,190,'2020-04-07','Android','No',6.500,334.800),
('Honor 50','Honor',4300,12.000,256.000,175,'2021-06-25','Android','Yes',6.570,369.500),
('Honor 50 Lite','Honor',4300,8.000,128.000,192,'2021-11-17','Android','Yes',6.670,595.000),
('Honor 50 Pro','Honor',4000,12.000,256.000,187,'2021-06-25','Android','Yes',6.720,518.400),
('Honor 50 SE','Honor',4000,12.000,256.000,191,'2021-07-02','Android','No',6.780,334.800),
('Honor 60','Honor',4800,12.000,256.000,179,'2021-12-10','Android','Yes',6.670,540.000),
('Honor 60 Pro','Honor',4800,12.000,256.000,192,'2021-12-10','Android','Yes',6.780,421.200),
('Honor 60 SE','Honor',4300,12.000,256.000,175,'2022-02-17','Android','No',6.670,324.000),
('Honor 70','Honor',4800,12.000,512.000,178,'2022-06-02','Android','Yes',6.670,643.500),
('Honor 70 Lite','Honor',5000,4.000,128.000,194,'2023-03-31','Android','Yes',6.500,395.000),
('Honor 70 Pro','Honor',4500,12.000,512.000,192,'2022-06-13','Android','Yes',6.780,561.600),
('Honor 70 Pro+','Honor',4500,12.000,256.000,192,'2022-06-17','Android','Yes',6.780,648.000),
('Honor 80','Honor',4800,12.000,512.000,180,'2022-12-02','Android','Yes',6.670,399.600),
('Honor 80 GT','Honor',4800,12.000,512.000,187,'2022-12-26','Android','Yes',6.670,486.000),
('Honor 80 Pro','Honor',4800,12.000,512.000,188,'2022-12-02','Android','Yes',6.780,453.600),
('Honor 80 Pro Flat','Honor',4800,12.000,256.000,186,'2023-01-06','Android','Yes',6.670,486.000),
('Honor 80 SE','Honor',4600,12.000,256.000,175,'2022-12-09','Android','No',6.670,399.600),
('Honor 8A 2020','Honor',3020,3.000,64.000,150,'2020-04-15','Android','Yes',6.090,162.000),
('Honor 8A Prime','Honor',3020,3.000,64.000,150,'2020-03-30','Android','Yes',6.090,118.800),
('Honor 8S 2020','Honor',3020,3.000,64.000,146,'2020-05-27','Android','No',5.710,118.800),
('Honor 90','Honor',5000,16.000,512.000,183,'2023-06-07','Android','Yes',6.700,388.000),
('Honor 90 GT','Honor',5000,24.000,1024.000,185,'2023-12-21','Android','Yes',6.700,356.400),
('Honor 90 Lite','Honor',4500,8.000,256.000,179,'2023-06-20','Android','Yes',6.700,166.000),
('Honor 90 Pro','Honor',5000,16.000,512.000,192,'2023-06-07','Android','Yes',6.780,475.200),
('Honor 9A','Honor',5000,3.000,64.000,185,'2020-05-04','Android','Yes',6.300,162.000),
('Honor 9C','Honor',4000,4.000,64.000,176,'2020-05-04','Android','No',6.390,172.800),
('Honor 9S','Honor',3020,2.000,32.000,144,'2020-05-04','Android','No',5.450,97.200),
('Honor 9X','Honor',4000,6.000,128.000,8,'2019-11-14','Android','No',6.590,259.200),
('Honor 9X Lite','Honor',3750,4.000,128.000,188,'2020-05-14','Android','Yes',6.500,237.600),
('Honor 9X Pro','Honor',4000,8.000,256.000,202,'2019-08-09','Android','No',6.590,248.400),
('Honor Magic V','Honor',4750,12.000,512.000,288,'2022-01-18','Android','Yes',7.900,1512.000),
('Honor Magic V Flip','Honor',4800,16.000,1024.000,193,'2024-06-19','Android','Yes',6.800,691.200),
('Honor Magic V2','Honor',5000,16.000,1024.000,231,'2023-07-27','Android','Yes',7.920,1325.000),
('Honor Magic V2 RSR Porsche Design','Honor',5000,16.000,1024.000,234,'2024-01-12','Android','Yes',7.920,2916.000),
('Honor Magic V3','Honor',5150,16.000,1024.000,226,'2024-07-19','Android','Yes',7.920,1231.200),
('Honor Magic Vs','Honor',5000,12.000,512.000,261,'2022-12-30','Android','Yes',7.900,3175.200),
('Honor Magic Vs Ultimate','Honor',5000,16.000,512.000,265,'2022-12-30','Android','Yes',7.900,1620.000),
('Honor Magic Vs2','Honor',5000,16.000,512.000,229,'2023-10-17','Android','Yes',7.920,982.800),
('Honor Magic Vs3','Honor',5000,16.000,1024.000,229,'2024-07-19','Android','Yes',7.920,1058.400),
('Honor Magic3','Honor',4600,8.000,256.000,203,'2021-08-20','Android','Yes',6.760,723.600),
('Honor Magic3 Pro','Honor',4600,12.000,512.000,212,'2021-09-01','Android','Yes',6.760,864.000),
('Honor Magic3 Pro+','Honor',4600,12.000,512.000,236,'2021-09-19','Android','Yes',6.760,1155.600),
('Honor Magic4','Honor',4800,12.000,512.000,199,'2022-03-30','Android','Yes',6.810,972.000),
('Honor Magic4 Lite','Honor',4800,8.000,128.000,189,'2022-04-26','Android','Yes',6.810,194.400),
('Honor Magic4 Pro','Honor',4600,12.000,512.000,209,'2022-04-09','Android','Yes',6.810,1145.000),
('Honor Magic4 Ultimate','Honor',4600,12.000,512.000,242,'2022-04-22','Android','Yes',6.810,1242.000),
('Honor Magic5','Honor',5100,16.000,512.000,191,'2023-03-31','Android','Yes',6.730,972.000),
('Honor Magic5 Lite','Honor',5100,8.000,256.000,175,'2023-02-20','Android','Yes',6.670,271.630),
('Honor Magic5 Pro','Honor',5100,16.000,512.000,219,'2023-03-31','Android','Yes',6.810,759.000),
('Honor Magic5 Ultimate','Honor',5450,16.000,512.000,217,'2023-03-20','Android','Yes',6.810,972.000),
('Honor Magic6','Honor',5450,16.000,512.000,199,'2024-01-18','Android','Yes',6.780,615.600),
('Honor Magic6 Lite','Honor',5300,8.000,512.000,185,'2023-12-27','Android','Yes',6.780,269.100),
('Honor Magic6 Pro','Honor',5600,16.000,1024.000,225,'2024-01-18','Android','Yes',6.800,975.000),
('Honor Magic6 RSR Porsche Design','Honor',5600,24.000,1024.000,237,'2024-03-22','Android','Yes',6.800,2390.000),
('Honor Magic6 Ultimate','Honor',5600,16.000,1024.000,227,'2024-03-22','Android','Yes',6.800,972.000),
('Honor Play 20','Honor',5000,8.000,128.000,198,'2021-05-01','Android','No',6.520,118.800),
('Honor Play 30','Honor',5000,8.000,128.000,194,'2022-05-27','Android','No',6.500,162.000),
('Honor Play 30 Plus','Honor',5000,8.000,128.000,198,'2022-01-02','Android','No',6.740,162.000),
('Honor Play 40','Honor',5200,8.000,256.000,188,'2023-07-05','Android','No',6.560,194.400),
('Honor Play 40 Plus','Honor',6000,8.000,256.000,196,'2022-10-28','Android','No',6.740,183.600),
('Honor Play 4T','Honor',4000,6.000,128.000,176,'2020-04-14','Android','No',6.390,172.800),
('Honor Play 4T Pro','Honor',4000,8.000,128.000,165,'2020-04-09','Android','No',6.300,216.000),
('Honor Play 50 Plus','Honor',6000,12.000,256.000,199,'2023-10-10','Android','No',6.800,205.200),
('Honor Play 5T Pro','Honor',4000,8.000,128.000,179,'2021-08-05','Android','No',6.600,216.000),
('Honor Play 5T Youth','Honor',5000,8.000,128.000,191,'2021-04-27','Android','No',6.600,183.600),
('Honor Play 60 Plus','Honor',6000,12.000,512.000,197,'2024-06-28','Android','No',6.770,216.000),
('Honor Play 8T','Honor',6000,12.000,256.000,199,'2023-10-17','Android','No',6.800,151.200),
('Honor Play 9A','Honor',5000,4.000,128.000,185,'2020-04-03','Android','No',6.300,129.600),
('Honor Play4','Honor',4300,8.000,128.000,213,'2020-06-13','Android','No',6.810,270.000),
('Honor Play4 Pro','Honor',4200,8.000,128.000,213,'2020-06-10','Android','Yes',6.570,388.800),
('Honor Play5 5G','Honor',3800,8.000,256.000,179,'2021-05-26','Android','Yes',6.530,291.600),
('Honor Play5 Youth','Honor',4300,8.000,256.000,192,'2021-11-02','Android','No',6.670,259.200),
('Honor Play6C','Honor',5000,8.000,128.000,194,'2022-10-15','Android','No',6.500,162.000),
('Honor Play6T','Honor',5000,8.000,256.000,198,'2022-04-16','Android','No',6.740,194.400),
('Honor Play6T Pro','Honor',4000,8.000,256.000,175,'2022-04-13','Android','No',6.700,216.000),
('Honor Play7T','Honor',6000,8.000,256.000,196,'2023-04-04','Android','No',6.740,162.000),
('Honor Play7T Pro','Honor',4000,8.000,256.000,175,'2023-04-06','Android','No',6.700,216.000),
('Honor V Purse','Honor',4500,16.000,512.000,214,'2023-09-19','Android','Yes',7.710,831.600),
('Honor V40 5G','Honor',4000,8.000,256.000,189,'2021-01-22','Android','Yes',6.720,496.800),
('Honor V40 Lite','Honor',3800,8.000,256.000,169,'2021-03-28','Android','Yes',6.570,421.200),
('Honor V6','Honor',7250,8.000,256.000,480,'2020-06-15','Android','No',10.400,302.400),
('Honor X10 5G','Honor',4300,8.000,128.000,203,'2020-05-26','Android','No',6.630,270.000),
('Honor X10 Max 5G','Honor',5000,8.000,128.000,232,'2020-07-03','Android','Yes',7.090,259.200),
('Honor X20','Honor',4300,8.000,256.000,192,'2021-08-13','Android','No',6.670,270.000),
('Honor X20 SE','Honor',4000,8.000,128.000,179,'2021-07-09','Android','No',6.600,259.200),
('Honor X30','Honor',4800,12.000,256.000,189,'2021-12-25','Android','No',6.810,226.800),
('Honor X30 Max','Honor',5000,8.000,256.000,228,'2021-11-02','Android','Yes',7.090,345.600),
('Honor X30i','Honor',4000,8.000,256.000,175,'2021-11-02','Android','No',6.700,205.200),
('Honor X40','Honor',5100,12.000,256.000,172,'2022-09-15','Android','No',6.670,226.800),
('Honor X40 GT','Honor',4800,12.000,256.000,5,'2022-10-18','Android','Yes',6.810,324.000),
('Honor X40 GT Racing','Honor',4800,12.000,512.000,5,'2023-09-22','Android','Yes',6.810,324.000),
('Honor X40i','Honor',4000,12.000,256.000,175,'2022-07-22','Android','No',6.700,259.200),
('Honor X5','Honor',5000,2.000,32.000,193,'2023-02-14','Android','No',6.500,97.200),
('Honor X50','Honor',5800,16.000,512.000,185,'2023-07-05','Android','No',6.780,194.400),
('Honor X50 GT','Honor',5800,16.000,1024.000,192,'2024-01-09','Android','Yes',6.780,280.800),
('Honor X50i','Honor',4500,12.000,256.000,179,'2023-07-05','Android','No',6.700,194.400),
('Honor X50i+','Honor',4500,12.000,512.000,166,'2023-11-10','Android','No',6.700,226.800),
('Honor X6a','Honor',5200,6.000,256.000,188,'2023-07-28','Android','Yes',6.560,162.000),
('Honor X7a','Honor',6000,6.000,128.000,196,'2023-01-06','Android','Yes',6.750,239.990),
('Honor X7b','Honor',5330,12.000,256.000,199,'2023-12-01','Android','Yes',6.800,380.000),
('Honor X8','Honor',4000,6.000,128.000,177,'2022-03-24','Android','Yes',6.700,459.000),
('Honor X8 5G','Honor',5000,6.000,128.000,194,'2022-08-15','Android','Yes',6.500,183.600),
('Honor X8a','Honor',4500,4.000,256.000,179,'2023-02-11','Android','Yes',6.700,175.000),
('Honor X8b','Honor',4500,8.000,512.000,166,'2023-12-22','Android','No',6.700,199.000),
('Honor X9','Honor',4800,8.000,128.000,189,'2022-04-14','Android','Yes',6.810,248.400),
('Honor X9 5G','Honor',4800,8.000,256.000,189,'2022-03-29','Android','Yes',6.810,259.200),
('Honor X9a','Honor',5100,8.000,256.000,175,'2023-01-06','Android','Yes',6.670,432.000),
('HTC A101 Plus','HTC',7000,8.000,128.000,501,'2024-05-03','Android','No',10.950,162.000),
('HTC Desire 19+','HTC',3850,6.000,128.000,170,'2019-08-07','Android','Yes',6.200,302.400),
('HTC Desire 19s','HTC',3850,3.000,32.000,170,'2019-11-14','Android','Yes',6.200,194.400),
('HTC Desire 20 Pro','HTC',5000,6.000,128.000,201,'2020-07-18','Android','Yes',6.500,712.800),
('HTC Desire 20+','HTC',5000,6.000,128.000,203,'2020-10-22','Android','Yes',6.500,270.000),
('HTC Desire 21 Pro 5G','HTC',5000,8.000,128.000,205,'2021-01-21','Android','Yes',6.700,378.000),
('HTC Desire 22 Pro','HTC',4520,8.000,128.000,5,'2022-07-10','Android','Yes',6.600,496.800),
('HTC U19e','HTC',3930,6.000,128.000,180,'2019-06-11','Android','Yes',6.000,453.600),
('HTC U23 Pro','HTC',4600,12.000,256.000,205,'2023-05-18','Android','Yes',6.700,319.990),
('HTC U24 Pro','HTC',4600,12.000,512.000,7,'2024-07-01','Android','Yes',6.800,604.800),
('HTC Wildfire E','HTC',3000,2.000,32.000,160,'2019-08-15','Android','No',5.450,129.600),
('HTC Wildfire E plus','HTC',5150,2.000,32.000,190,'2022-10-24','Android','No',6.520,140.400),
('HTC Wildfire E1','HTC',3000,3.000,32.000,165,'2019-12-18','Android','No',6.090,97.200),
('HTC Wildfire E1 lite','HTC',3000,2.000,16.000,160,'2020-09-24','Android','No',5.450,86.400),
('HTC Wildfire E1 plus','HTC',3000,3.000,32.000,165,'2019-12-18','Android','No',6.090,129.600),
('HTC Wildfire E2','HTC',4000,4.000,64.000,5,'2020-08-06','Android','No',6.220,108.000),
('HTC Wildfire E2 Plus','HTC',4600,4.000,64.000,210,'2021-12-14','Android','No',6.820,172.800),
('HTC Wildfire E3','HTC',4000,4.000,128.000,186,'2021-04-11','Android','No',6.520,140.400),
('HTC Wildfire X','HTC',3300,4.000,128.000,160,'2019-08-22','Android','No',6.200,162.000),
('Huawei Enjoy 20 5G','Huawei',5000,6.000,128.000,188,'2020-09-10','Android','No',6.600,226.800),
('Huawei Enjoy 20 Plus 5G','Huawei',4200,8.000,128.000,197,'2020-09-10','Android','No',6.630,302.400),
('Huawei Enjoy 20 Pro','Huawei',4000,8.000,128.000,192,'2020-06-24','Android','No',6.500,270.000),
('Huawei Enjoy 20 SE','Huawei',5000,8.000,128.000,206,'2021-01-19','Android','No',6.670,172.800),
('Huawei Enjoy 20e','Huawei',5000,6.000,128.000,185,'2021-11-11','HarmonyOS','No',6.300,140.400),
('Huawei Enjoy 50z','Huawei',5000,8.000,256.000,188,'2022-12-26','HarmonyOS','No',6.520,162.000),
('Huawei Enjoy 60','Huawei',6000,8.000,256.000,199,'2023-03-26','HarmonyOS','No',6.750,183.600),
('Huawei Enjoy 60X','Huawei',7000,8.000,512.000,216,'2023-04-27','HarmonyOS','Yes',6.950,248.400),
('Huawei Enjoy 70','Huawei',6000,8.000,256.000,207,'2023-12-13','HarmonyOS','No',6.750,172.800),
('Huawei Enjoy 70z','Huawei',6000,8.000,256.000,199,'2024-02-22','HarmonyOS','No',6.750,151.200),
('Huawei Enjoy Z 5G','Huawei',4000,8.000,128.000,182,'2020-06-03','Android','No',6.500,237.600),
('Huawei Mate 30 Pro','Huawei',4500,8.000,256.000,198,'2019-09-26','Android','Yes',6.530,1393.200),
('Huawei Mate 30 Pro 5G','Huawei',4500,8.000,512.000,198,'2019-10-23','Android','Yes',6.530,1555.200),
('Huawei Mate 30E Pro 5G','Huawei',4500,8.000,256.000,198,'2020-11-01','Android','Yes',6.530,734.400),
('Huawei Mate 40','Huawei',4200,8.000,256.000,188,'2020-12-21','Android','Yes',6.500,680.400),
('Huawei Mate 40 Pro','Huawei',4400,8.000,512.000,212,'2020-11-01','Android','Yes',6.760,853.200),
('Huawei Mate 40 Pro 4G','Huawei',4400,8.000,512.000,212,'2021-07-09','HarmonyOS','Yes',6.760,864.000),
('Huawei Mate 40 Pro+','Huawei',4400,12.000,256.000,230,'2020-11-01','Android','Yes',6.760,1512.000),
('Huawei Mate 40 RS Porsche Design','Huawei',4400,12.000,512.000,234,'2020-11-04','Android','Yes',6.760,1512.000),
('Huawei Mate 40E','Huawei',4200,8.000,256.000,188,'2021-03-18','Android','Yes',6.500,648.000),
('Huawei Mate 40E 4G','Huawei',4200,8.000,256.000,188,'2021-06-29','HarmonyOS','Yes',6.500,594.000),
('Huawei Mate 50','Huawei',4460,8.000,512.000,202,'2022-09-28','EMUI','Yes',6.700,777.600),
('Huawei Mate 50 Pro','Huawei',4700,8.000,512.000,205,'2022-09-28','EMUI','Yes',6.740,719.990),
('Huawei Mate 50 RS Porsche Design','Huawei',4700,12.000,512.000,232,'2022-09-21','HarmonyOS','Yes',6.740,2030.400),
('Huawei Mate 50E','Huawei',4460,8.000,256.000,201,'2022-10-23','HarmonyOS','Yes',6.700,626.400),
('Huawei Mate 60','Huawei',4750,12.000,1024.000,209,'2023-09-10','HarmonyOS','Yes',6.690,810.000),
('Huawei Mate 60 Pro','Huawei',5000,12.000,1024.000,225,'2023-08-29','HarmonyOS','Yes',6.820,961.200),
('Huawei Mate 60 RS Ultimate','Huawei',5000,16.000,1024.000,242,'2023-09-28','HarmonyOS','Yes',6.820,1674.000),
('Huawei Mate X2','Huawei',4500,12.000,512.000,295,'2021-02-25','Android','Yes',8.000,2484.000),
('Huawei Mate X2 4G','Huawei',4500,8.000,512.000,295,'2021-07-15','HarmonyOS','Yes',8.000,2473.200),
('Huawei Mate X3','Huawei',4800,12.000,1024.000,239,'2023-04-08','HarmonyOS','Yes',7.850,3005.000),
('Huawei Mate Xs','Huawei',4500,8.000,512.000,300,'2020-03-05','Android','Yes',8.000,2106.000),
('Huawei Mate Xs 2','Huawei',4600,12.000,512.000,255,'2022-05-07','EMUI','Yes',7.800,2160.000),
('Huawei nova 10','Huawei',4000,8.000,256.000,168,'2022-07-10','HarmonyOS','Yes',6.670,540.000),
('Huawei nova 10 Pro','Huawei',4500,8.000,256.000,191,'2022-07-10','HarmonyOS','Yes',6.780,788.400),
('Huawei nova 10 SE','Huawei',4500,8.000,256.000,184,'2022-10-25','EMUI','Yes',6.670,299.990),
('Huawei nova 10 Youth','Huawei',4000,8.000,256.000,191,'2023-03-04','HarmonyOS','No',6.780,248.400),
('Huawei nova 10z','Huawei',4000,8.000,256.000,179,'2022-09-26','HarmonyOS','No',6.600,280.800),
('Huawei nova 11','Huawei',4500,8.000,512.000,168,'2023-04-27','HarmonyOS','Yes',6.700,349.200),
('Huawei nova 11 Pro','Huawei',4500,8.000,512.000,188,'2023-04-27','HarmonyOS','Yes',6.780,600.000),
('Huawei nova 11 SE','Huawei',4500,8.000,512.000,186,'2023-11-03','HarmonyOS','Yes',6.670,280.800),
('Huawei nova 11i','Huawei',5000,8.000,256.000,193,'2023-05-11','EMUI','No',6.800,385.000),
('Huawei nova 12','Huawei',4600,8.000,512.000,191,'2024-01-05','HarmonyOS','Yes',6.700,410.400),
('Huawei nova 12 Lite','Huawei',4500,8.000,512.000,168,'2024-01-05','HarmonyOS','Yes',6.700,345.600),
('Huawei nova 12 Pro','Huawei',4600,12.000,512.000,201,'2024-01-05','HarmonyOS','Yes',6.760,550.800),
('Huawei nova 12 Ultra','Huawei',4600,12.000,1024.000,198,'2024-01-12','HarmonyOS','Yes',6.760,648.000),
('Huawei nova 5T','Huawei',3750,8.000,128.000,174,'2019-09-05','Android','Yes',6.260,367.200),
('Huawei nova 7 5G','Huawei',4000,8.000,256.000,180,'2020-04-28','Android','Yes',6.530,421.200),
('Huawei nova 7 Pro 5G','Huawei',4000,8.000,256.000,178,'2020-04-28','Android','Yes',6.570,518.400),
('Huawei nova 7 SE 5G Youth','Huawei',4000,8.000,128.000,189,'2020-10-16','Android','No',6.500,313.200),
('Huawei nova 7i','Huawei',4200,8.000,128.000,183,'2020-02-14','Android','No',6.400,259.200),
('Huawei nova 8','Huawei',3800,8.000,256.000,169,'2021-08-05','Android','Yes',6.570,453.600),
('Huawei nova 8 5G','Huawei',3800,8.000,256.000,169,'2021-01-05','Android','Yes',6.570,442.800),
('Huawei nova 8 Pro 5G','Huawei',4000,8.000,256.000,184,'2021-01-08','Android','Yes',6.720,648.000),
('Huawei nova 8 SE','Huawei',3800,8.000,128.000,178,'2020-11-11','Android','No',6.530,356.400),
('Huawei nova 8 SE 4G','Huawei',3800,8.000,128.000,180,'2021-11-26','HarmonyOS','No',6.500,313.200),
('Huawei nova 8 SE Youth','Huawei',4000,8.000,128.000,179,'2021-08-13','Android','No',6.600,270.000),
('Huawei nova 8i','Huawei',4300,8.000,128.000,190,'2021-07-22','Android','No',6.670,485.000),
('Huawei nova 9 Pro','Huawei',4000,8.000,256.000,186,'2021-09-30','HarmonyOS','Yes',6.720,496.800),
('Huawei nova 9 SE','Huawei',4000,8.000,512.000,191,'2022-03-20','Android','Yes',6.780,645.000),
('Huawei nova Y60','Huawei',5000,4.000,64.000,185,'2021-09-07','Android','No',6.600,162.000),
('Huawei nova Y90','Huawei',5000,8.000,128.000,195,'2022-07-27','EMUI','Yes',6.700,199.990),
('Huawei nova Y91','Huawei',7000,8.000,256.000,214,'2023-06-10','EMUI','No',6.950,302.400),
('Huawei P smart 2020','Huawei',3400,4.000,128.000,160,'2020-05-08','Android','Yes',6.210,216.000),
('Huawei P smart 2021','Huawei',5000,4.000,128.000,206,'2020-09-28','Android','No',6.670,248.400),
('Huawei P Smart S','Huawei',4000,4.000,128.000,163,'2020-06-09','Android','Yes',6.300,280.800),
('Huawei P30','Huawei',3650,8.000,256.000,165,'2019-03-26','Android','Yes',6.100,315.000),
('Huawei P30 lite','Huawei',3340,6.000,256.000,159,'2019-04-25','Android','Yes',6.150,453.600),
('Huawei P30 lite New Edition','Huawei',3340,6.000,256.000,9,'2020-01-14','Android','Yes',6.150,388.800),
('Huawei P30 Pro','Huawei',4200,8.000,512.000,192,'2019-03-26','Android','Yes',6.470,723.600),
('Huawei P30 Pro New Edition','Huawei',4200,8.000,256.000,192,'2020-06-01','Android','Yes',6.470,885.600),
('Huawei P40','Huawei',3800,8.000,256.000,175,'2020-04-07','Android','Yes',6.100,561.600),
('Huawei P40 4G','Huawei',3800,8.000,128.000,175,'2021-02-26','Android','Yes',6.100,540.000),
('Huawei P40 lite','Huawei',4200,8.000,128.000,183,'2020-03-02','Android','Yes',6.400,595.000),
('Huawei P40 lite 5G','Huawei',4000,8.000,128.000,189,'2020-05-28','Android','Yes',6.500,205.200),
('Huawei P40 lite E','Huawei',4000,4.000,64.000,176,'2020-03-12','Android','No',6.390,162.000),
('Huawei P40 Pro','Huawei',4200,8.000,512.000,209,'2020-04-07','Android','Yes',6.580,475.000),
('Huawei P40 Pro+','Huawei',4200,8.000,512.000,226,'2020-06-06','Android','Yes',6.580,1080.000),
('Huawei P50','Huawei',4100,8.000,256.000,181,'2021-10-04','HarmonyOS','Yes',6.500,756.000),
('Huawei P50 Pocket','Huawei',4000,12.000,512.000,190,'2021-12-23','HarmonyOS','Yes',6.900,939.600),
('Huawei P50E','Huawei',4100,8.000,256.000,181,'2022-03-24','HarmonyOS','Yes',6.500,626.400),
('Huawei P60','Huawei',4815,8.000,512.000,197,'2023-03-31','HarmonyOS','Yes',6.670,648.000),
('Huawei P60 Art','Huawei',5100,12.000,1024.000,206,'2023-04-08','HarmonyOS','Yes',6.670,1296.000),
('Huawei P60 Pro','Huawei',4815,12.000,512.000,200,'2023-03-31','HarmonyOS','Yes',6.670,1008.000),
('Huawei Pocket 2','Huawei',4520,16.000,1024.000,199,'2024-02-22','HarmonyOS','Yes',6.940,1036.800),
('Huawei Pocket S','Huawei',4000,8.000,512.000,190,'2022-11-11','HarmonyOS','Yes',6.900,896.400),
('Huawei Pura 70','Huawei',4900,12.000,1024.000,207,'2024-05-06','EMUI','Yes',6.600,895.990),
('Huawei Pura 70 Pro','Huawei',5050,12.000,1024.000,220,'2024-04-29','EMUI','Yes',6.800,998.990),
('Huawei Pura 70 Pro+','Huawei',5050,16.000,1024.000,220,'2024-04-29','HarmonyOS','Yes',6.800,1134.000),
('Huawei Pura 70 Ultra','Huawei',5200,16.000,1024.000,226,'2024-04-29','EMUI','Yes',6.800,1389.590),
('Huawei Y5 (2019)','Huawei',3020,2.000,32.000,146,'2019-04-24','Android','Yes',5.710,140.400),
('Huawei Y5p','Huawei',3020,2.000,32.000,144,'2020-05-06','Android','No',5.450,118.800),
('Huawei Y6p','Huawei',5000,4.000,64.000,185,'2020-05-06','Android','Yes',6.300,172.800),
('Huawei Y7a','Huawei',5000,4.000,128.000,206,'2020-10-30','Android','No',6.670,172.800),
('Huawei Y7p','Huawei',4000,4.000,64.000,176,'2020-02-07','Android','No',6.390,151.200),
('Huawei Y8p','Huawei',4000,6.000,128.000,163,'2020-06-15','Android','Yes',6.300,259.200),
('Huawei Y8s','Huawei',4000,4.000,128.000,180,'2020-05-21','Android','No',6.500,151.200),
('Huawei Y9 Prime (2019)','Huawei',4000,4.000,128.000,8,'2019-08-05','Android','No',6.590,237.600),
('Huawei Y9a','Huawei',4200,8.000,128.000,197,'2020-09-12','Android','No',6.630,216.000),
('Huawei Y9s','Huawei',4000,6.000,128.000,206,'2019-11-08','Android','No',6.590,237.600),
('Infinix GT 10 Pro','Infinix',5000,8.000,256.000,187,'2023-08-13','Android','Yes',6.670,280.800),
('Infinix Hot 10','Infinix',5200,6.000,128.000,195,'2020-10-17','Android','No',6.780,129.600),
('Infinix Hot 11','Infinix',5200,4.000,128.000,201,'2021-09-21','Android','No',6.600,118.800),
('Infinix Hot 11 2022','Infinix',5000,4.000,64.000,6,'2022-04-21','Android','No',6.700,118.800),
('Infinix Hot 11s','Infinix',5000,6.000,128.000,205,'2021-09-21','Android','No',6.780,140.090),
('Infinix Hot 12','Infinix',5000,6.000,128.000,195,'2022-04-26','Android','No',6.820,162.000),
('Infinix Hot 12 Play','Infinix',6000,6.000,128.000,209,'2022-05-30','Android','No',6.820,92.500),
('Infinix Hot 12 Pro','Infinix',5000,8.000,128.000,191,'2022-08-02','Android','Yes',6.600,194.400),
('Infinix Hot 12i','Infinix',5000,4.000,64.000,190,'2022-04-12','Android','No',6.600,151.200),
('Infinix Hot 20','Infinix',5000,8.000,128.000,198,'2022-10-13','Android','Yes',6.820,205.200),
('Infinix Hot 20 5G','Infinix',5000,4.000,128.000,204,'2022-10-06','Android','Yes',6.580,259.200),
('Infinix Hot 20 Play','Infinix',6000,4.000,128.000,6,'2022-10-13','Android','No',6.820,140.400),
('Infinix Hot 20i','Infinix',5000,6.000,128.000,195,'2022-09-28','Android','No',6.600,129.600),
('Infinix Hot 9 Play','Infinix',6000,4.000,64.000,209,'2020-04-09','Android','No',6.820,108.000),
('Infinix Hot 9 Pro','Infinix',5000,4.000,64.000,185,'2020-06-05','Android','No',6.600,54.000),
('Infinix Note 10 Pro','Infinix',5000,8.000,256.000,209,'2021-06-07','Android','No',6.950,194.400),
('Infinix Note 11','Infinix',5000,6.000,128.000,184,'2021-12-08','Android','Yes',6.700,108.000),
('Infinix Note 12','Infinix',5000,6.000,128.000,5,'2022-04-26','Android','Yes',6.700,205.200),
('Infinix Note 12 (2023)','Infinix',5000,8.000,256.000,195,'2022-10-06','Android','Yes',6.700,237.600),
('Infinix Note 12 5G','Infinix',5000,6.000,64.000,186,'2022-07-14','Android','No',6.700,205.200),
('Infinix Note 12 G96','Infinix',5000,8.000,256.000,185,'2022-05-16','Android','No',6.700,189.990),
('Infinix Note 12 Pro','Infinix',5000,8.000,256.000,192,'2022-07-18','Android','Yes',6.700,210.000),
('Infinix Note 12 Pro 5G','Infinix',5000,8.000,256.000,188,'2022-07-15','Android','No',6.700,142.570),
('Infinix Note 12 VIP','Infinix',4500,8.000,256.000,199,'2022-07-13','Android','Yes',6.700,313.200),
('Infinix Note 12i','Infinix',5000,4.000,128.000,198,'2022-05-11','Android','No',6.820,183.600),
('Infinix Note 12i 2022','Infinix',5000,6.000,128.000,188,'2022-09-30','Android','No',6.700,162.000),
('Infinix Note 30 VIP','Infinix',5000,12.000,256.000,190,'2023-06-13','Android','Yes',6.670,302.400),
('Infinix Note 40','Infinix',5000,8.000,256.000,190,'2024-03-19','Android','Yes',6.780,194.400),
('Infinix Note 40 5G','Infinix',5000,12.000,512.000,185,'2024-05-22','Android','Yes',6.780,237.600),
('Infinix Note 40 Pro','Infinix',5000,8.000,256.000,190,'2024-03-19','Android','Yes',6.780,291.600),
('Infinix Note 40 Pro 4G','Infinix',5000,12.000,256.000,190,'2024-03-19','Android','Yes',6.780,259.200),
('Infinix Note 40 Pro+','Infinix',4600,12.000,512.000,190,'2024-03-19','Android','Yes',6.780,313.200),
('Infinix S5 Pro','Infinix',4000,6.000,128.000,195,'2020-03-13','Android','No',6.530,129.600),
('Infinix Smart 5','Infinix',5000,3.000,64.000,183,'2020-08-20','Android','No',6.600,75.600),
('Infinix Smart 5 (India)','Infinix',6000,2.000,32.000,207,'2021-02-18','Android','No',6.820,86.400),
('Infinix Smart 6 Plus (India)','Infinix',5000,3.000,64.000,202,'2022-08-03','Android','No',6.820,108.000),
('Infinix Smart 7','Infinix',5000,4.000,64.000,188,'2023-02-22','Android','No',6.600,97.200),
('Infinix Smart 7 (India)','Infinix',6000,4.000,128.000,207,'2023-02-27','Android','No',6.600,86.400),
('Infinix Smart 7 HD','Infinix',5000,2.000,64.000,5,'2023-04-14','Android','No',6.600,118.800),
('Infinix Smart 8','Infinix',5000,4.000,128.000,184,'2023-11-09','Android','No',6.600,108.000),
('Infinix Smart HD 2021','Infinix',5000,2.000,32.000,195,'2020-12-24','Android','No',6.100,75.600),
('Infinix Zero 20','Infinix',4500,8.000,256.000,196,'2023-01-02','Android','Yes',6.700,216.000),
('Infinix Zero 30 4G','Infinix',5000,8.000,256.000,182,'2023-10-26','Android','Yes',6.780,194.400),
('Infinix Zero 5G','Infinix',5000,8.000,128.000,199,'2022-03-03','Android','No',6.780,270.000),
('Infinix Zero 5G 2023','Infinix',5000,8.000,256.000,201,'2022-12-01','Android','Yes',6.780,270.000),
('Infinix Zero 8','Infinix',4500,8.000,128.000,205,'2020-08-31','Android','No',6.850,226.800),
('Infinix Zero 8i','Infinix',4500,8.000,128.000,5,'2020-12-09','Android','No',6.850,183.600),
('Infinix Zero Ultra','Infinix',4500,8.000,256.000,213,'2022-10-25','Android','Yes',6.800,540.000),
('Infinix Zero X','Infinix',4500,8.000,128.000,193,'2021-09-17','Android','No',6.670,345.600),
('Infinix Zero X Pro','Infinix',4500,8.000,256.000,193,'2021-09-17','Android','No',6.670,194.400),
('itel S23+','itel',5000,8.000,256.000,178,'2023-09-19','Android','Yes',6.780,118.800),
('Lava Agni 5G','Lava',5000,8.000,128.000,204,'2021-11-18','Android','No',6.780,226.800),
('Lava Blaze 2 5G','Lava',5000,6.000,128.000,203,'2023-11-09','Android','No',6.560,118.800),
('Lava Blaze 2 Pro','Lava',5000,8.000,128.000,190,'2023-09-11','Android','No',6.500,118.800),
('Lava Blaze 5G','Lava',5000,6.000,128.000,207,'2022-10-24','Android','No',6.520,140.400),
('Lava Blaze Curve','Lava',5000,8.000,256.000,189,'2024-03-11','Android','No',6.670,216.000),
('Lava Blaze Nxt','Lava',5000,4.000,64.000,5,'2022-12-02','Android','No',6.520,118.800),
('Lava Blaze Pro','Lava',5000,4.000,64.000,187,'2022-09-20','Android','No',6.520,140.400),
('Lava Blaze X','Lava',5000,8.000,128.000,183,'2024-07-20','Android','No',6.670,205.200),
('Lava O2','Lava',5000,8.000,128.000,200,'2024-03-27','Android','No',6.500,108.000),
('Lava X2','Lava',5000,2.000,32.000,192,'2022-03-12','Android','No',6.500,86.400),
('Lava X3','Lava',4000,3.000,32.000,210,'2022-12-27','Android','No',6.520,86.400),
('Lava Yuva 2','Lava',5000,3.000,64.000,202,'2023-08-02','Android','No',6.500,86.400),
('Lava Yuva 2 Pro','Lava',5000,4.000,64.000,204,'2023-02-22','Android','No',6.520,97.200),
('Lava Yuva 3 Pro','Lava',5000,8.000,128.000,200,'2023-12-14','Android','No',6.500,108.000),
('Lava Yuva 5G','Lava',5000,4.000,128.000,208,'2024-06-06','Android','No',6.530,118.800),
('Lava Yuva Pro','Lava',5000,3.000,32.000,191,'2022-10-11','Android','No',6.520,108.000),
('Lava Z1','Lava',3100,2.000,16.000,175,'2021-01-26','Android','No',5.000,64.800),
('Lava Z2','Lava',5000,2.000,32.000,190,'2021-01-11','Android','No',6.510,86.400),
('Lava Z2 Max','Lava',6000,2.000,32.000,216,'2021-05-11','Android','No',7.000,97.200),
('Lava Z2s','Lava',5000,2.000,32.000,190,'2021-01-11','Android','No',6.510,86.400),
('Lava Z3 Pro','Lava',5000,3.000,32.000,192,'2022-05-18','Android','No',6.520,86.400),
('Lava Z4','Lava',5000,4.000,64.000,190,'2021-01-11','Android','No',6.510,108.000),
('Lava Z6','Lava',5000,6.000,64.000,190,'2021-01-11','Android','No',6.510,118.800),
('Lenovo A8 2020','Lenovo',5000,4.000,64.000,205,'2020-10-15','Android','No',6.530,97.200),
('Lenovo K10 Note','Lenovo',4050,6.000,128.000,164,'2019-09-16','Android','No',6.300,194.400),
('Lenovo K12 (China)','Lenovo',5000,4.000,64.000,200,'2020-12-12','Android','No',6.500,108.000),
('Lenovo K12 Pro','Lenovo',6000,4.000,128.000,221,'2020-12-12','Android','Yes',6.800,140.400),
('Lenovo K13','Lenovo',5000,2.000,32.000,200,'2021-08-30','Android','No',6.520,97.200),
('Lenovo K13 Note','Lenovo',5000,4.000,128.000,200,'2021-06-22','Android','Yes',6.500,129.600),
('Lenovo Legion 2 Pro','Lenovo',5500,18.000,512.000,259,'2021-04-26','Android','Yes',6.920,950.400),
('Lenovo Legion Duel','Lenovo',5000,16.000,512.000,239,'2020-10-15','Android','Yes',6.650,550.800),
('Lenovo Legion Duel 2','Lenovo',5500,16.000,512.000,259,'2021-05-10','Android','Yes',6.920,864.000),
('Lenovo Legion Y70','Lenovo',5100,16.000,512.000,209,'2022-08-23','Android','Yes',6.670,475.200),
('Lenovo Legion Y700','Lenovo',6550,12.000,256.000,375,'2022-03-10','Android','No',8.800,388.800),
('Lenovo Legion Y700 (2023)','Lenovo',6550,16.000,512.000,350,'2023-07-22','Android','No',8.800,648.000),
('Lenovo Legion Y90','Lenovo',5600,18.000,640.000,252,'2022-03-10','Android','Yes',6.920,615.600),
('Lenovo M10 FHD REL','Lenovo',7000,3.000,32.000,520,'2020-01-24','Android','No',10.100,194.400),
('Lenovo M10 Plus','Lenovo',5000,4.000,128.000,460,'2020-03-27','Android','No',10.300,216.000),
('Lenovo Z6','Lenovo',4000,8.000,128.000,159,'2019-07-09','Android','No',6.390,270.000),
('Lenovo Z6 Pro','Lenovo',4000,12.000,512.000,185,'2019-04-23','Android','No',6.390,464.400),
('Lenovo Z6 Pro 5G','Lenovo',4000,12.000,512.000,185,'2019-11-15','Android','Yes',6.390,432.000),
('LG G8 ThinQ','LG',3500,6.000,128.000,167,'2019-04-11','Android','Yes',6.100,378.000),
('LG G8S ThinQ','LG',3550,6.000,128.000,181,'2019-07-02','Android','Yes',6.210,518.400),
('LG G8X ThinQ','LG',4000,6.000,128.000,192,'2019-11-01','Android','Yes',6.400,604.800),
('LG K22','LG',3000,3.000,64.000,5,'2020-09-12','Android','No',6.200,151.200),
('LG K31','LG',3000,2.000,32.000,146,'2020-08-21','Android','No',5.700,140.400),
('LG K41S','LG',4000,3.000,32.000,7,'2020-04-27','Android','Yes',6.550,237.600),
('LG K42','LG',4000,3.000,64.000,182,'2020-09-21','Android','Yes',6.600,151.200),
('LG K51S','LG',4000,3.000,64.000,5,'2020-04-27','Android','Yes',6.550,216.000),
('LG K52','LG',4000,4.000,64.000,188,'2020-11-23','Android','Yes',6.600,237.600),
('LG K61','LG',4000,4.000,128.000,191,'2020-04-27','Android','Yes',6.530,324.000),
('LG K62','LG',4000,4.000,128.000,186,'2020-11-27','Android','Yes',6.600,313.200),
('LG K92 5G','LG',4000,6.000,128.000,4,'2020-11-06','Android','Yes',6.700,367.200),
('LG Q31','LG',3000,3.000,32.000,145,'2020-09-25','Android','No',5.700,162.000),
('LG Q52','LG',4000,4.000,64.000,186,'2020-10-26','Android','Yes',6.600,259.200),
('LG Q92 5G','LG',4000,6.000,128.000,193,'2020-08-26','Android','Yes',6.670,388.800),
('LG Stylo 6','LG',4000,3.000,64.000,219,'2020-05-20','Android','No',6.800,216.000),
('LG V50 ThinQ 5G','LG',4000,6.000,128.000,183,'2019-04-19','Android','Yes',6.400,594.000),
('LG V60 ThinQ 5G','LG',5000,8.000,256.000,213,'2020-03-20','Android','Yes',6.800,756.000),
('LG V60 ThinQ 5G UW','LG',5000,8.000,128.000,218,'2020-04-02','Android','Yes',6.800,939.600),
('LG Velvet','LG',4300,6.000,128.000,180,'2020-07-31','Android','Yes',6.800,388.800),
('LG Velvet 5G','LG',4300,8.000,128.000,180,'2020-05-15','Android','Yes',6.800,507.600),
('LG W10 Alpha','LG',3450,3.000,32.000,170,'2020-02-19','Android','No',5.710,140.400),
('LG W31','LG',4000,4.000,128.000,6,'2020-12-23','Android','No',6.520,140.400),
('LG W31+','LG',4000,4.000,128.000,6,'2020-12-23','Android','No',6.520,151.200),
('LG W41','LG',5000,4.000,64.000,201,'2021-03-03','Android','No',6.550,172.800),
('LG W41 Pro','LG',5000,6.000,128.000,201,'2021-03-03','Android','No',6.550,194.400),
('LG W41+','LG',5000,4.000,128.000,201,'2021-03-03','Android','No',6.550,183.600),
('LG Wing 5G','LG',4000,8.000,256.000,260,'2020-10-15','Android','Yes',6.800,918.000),
('Meizu 17','Meizu',4500,8.000,256.000,199,'2020-05-11','Android','Yes',6.600,572.400),
('Meizu 17 Pro','Meizu',4500,12.000,256.000,219,'2020-05-11','Android','Yes',6.600,604.800),
('Meizu 18','Meizu',4000,12.000,256.000,162,'2021-03-08','Android','Yes',6.200,604.800),
('Meizu 18 Pro','Meizu',4500,12.000,256.000,189,'2021-03-08','Android','Yes',6.700,691.200),
('Meizu 18s','Meizu',4000,12.000,256.000,162,'2021-09-23','Android','Yes',6.200,529.200),
('Meizu 18s Pro','Meizu',4500,12.000,256.000,189,'2021-09-23','Android','Yes',6.700,658.800),
('Meizu 18x','Meizu',4300,12.000,256.000,189,'2021-09-22','Android','No',6.670,367.200),
('Meizu 20','Meizu',4700,12.000,512.000,190,'2023-05-22','Android','Yes',6.550,432.000),
('Meizu 20 Classic','Meizu',4700,16.000,512.000,190,'2023-10-31','Android','Yes',6.550,432.000),
('Meizu 20 Infinity','Meizu',4800,16.000,1024.000,215,'2023-06-12','Android','Yes',6.790,885.600),
('Meizu 20 Pro','Meizu',5000,12.000,512.000,209,'2023-06-20','Android','Yes',6.810,572.400),
('Meizu 21','Meizu',4800,12.000,512.000,198,'2023-11-30','Android','Yes',6.550,475.200),
('Meizu 21 Note','Meizu',5500,16.000,512.000,205,'2024-05-21','Flyme','Yes',6.780,356.400),
('Meizu 21 Pro','Meizu',5050,16.000,1024.000,208,'2024-03-02','Android','Yes',6.790,691.200),
('Micromax In 1','Micromax',5000,6.000,128.000,195,'2021-03-26','Android','No',6.670,129.600),
('Micromax In 1b','Micromax',5000,4.000,64.000,188,'2020-11-26','Android','No',6.520,86.400),
('Micromax In 2b','Micromax',5000,6.000,64.000,190,'2021-08-06','Android','No',6.520,97.200),
('Micromax In 2c','Micromax',5000,3.000,32.000,198,'2022-05-01','Android','No',6.520,108.000),
('Micromax In note 1','Micromax',5000,4.000,128.000,196,'2020-11-24','Android','No',6.670,140.400),
('Micromax In note 2','Micromax',5000,4.000,64.000,205,'2022-01-30','Android','No',6.430,162.000),
('Microsoft Surface Duo','Microsoft',3577,6.000,256.000,250,'2020-09-10','Android','No',8.100,702.000),
('Microsoft Surface Duo 2','Microsoft',4449,8.000,512.000,284,'2021-10-21','Android','Yes',8.300,1598.400);
/*!40000 ALTER TABLE `phones` ENABLE KEYS */;
UNLOCK TABLES;
/*!50003 SET @saved_cs_client      = @@character_set_client */ ;
/*!50003 SET @saved_cs_results     = @@character_set_results */ ;
/*!50003 SET @saved_col_connection = @@collation_connection */ ;
/*!50003 SET character_set_client  = utf8mb4 */ ;
/*!50003 SET character_set_results = utf8mb4 */ ;
/*!50003 SET collation_connection  = utf8mb4_general_ci */ ;
/*!50003 SET @saved_sql_mode       = @@sql_mode */ ;
/*!50003 SET sql_mode              = 'STRICT_TRANS_TABLES,ERROR_FOR_DIVISION_BY_ZERO,NO_AUTO_CREATE_USER,NO_ENGINE_SUBSTITUTION' */ ;
DELIMITER ;;
/*!50003 CREATE*/ /*!50017 DEFINER=`root`@`localhost`*/ /*!50003 TRIGGER before_phone_delete_dimensions
before DELETE ON phones
FOR EACH ROW
BEGIN
    DELETE FROM dimensions WHERE name = OLD.name;
END */;;
DELIMITER ;
/*!50003 SET sql_mode              = @saved_sql_mode */ ;
/*!50003 SET character_set_client  = @saved_cs_client */ ;
/*!50003 SET character_set_results = @saved_cs_results */ ;
/*!50003 SET collation_connection  = @saved_col_connection */ ;
/*!50003 SET @saved_cs_client      = @@character_set_client */ ;
/*!50003 SET @saved_cs_results     = @@character_set_results */ ;
/*!50003 SET @saved_col_connection = @@collation_connection */ ;
/*!50003 SET character_set_client  = utf8mb4 */ ;
/*!50003 SET character_set_results = utf8mb4 */ ;
/*!50003 SET collation_connection  = utf8mb4_general_ci */ ;
/*!50003 SET @saved_sql_mode       = @@sql_mode */ ;
/*!50003 SET sql_mode              = 'STRICT_TRANS_TABLES,ERROR_FOR_DIVISION_BY_ZERO,NO_AUTO_CREATE_USER,NO_ENGINE_SUBSTITUTION' */ ;
DELIMITER ;;
/*!50003 CREATE*/ /*!50017 DEFINER=`root`@`localhost`*/ /*!50003 TRIGGER before_phone_delete_resolutions
before DELETE ON phones
FOR EACH ROW
BEGIN
    DELETE FROM resolutions WHERE name = OLD.name;
END */;;
DELIMITER ;
/*!50003 SET sql_mode              = @saved_sql_mode */ ;
/*!50003 SET character_set_client  = @saved_cs_client */ ;
/*!50003 SET character_set_results = @saved_cs_results */ ;
/*!50003 SET collation_connection  = @saved_col_connection */ ;

--
-- Table structure for table `resolutions`
--

DROP TABLE IF EXISTS `resolutions`;
/*!40101 SET @saved_cs_client     = @@character_set_client */;
/*!40101 SET character_set_client = utf8 */;
CREATE TABLE `resolutions` (
  `name` varchar(255) NOT NULL,
  `height_px` int(11) DEFAULT NULL,
  `width_px` int(11) DEFAULT NULL,
  PRIMARY KEY (`name`),
  CONSTRAINT `resolutions_ibfk_1` FOREIGN KEY (`name`) REFERENCES `phones` (`name`),
  CONSTRAINT `CONSTRAINT_1` CHECK (`height_px` > 0),
  CONSTRAINT `CONSTRAINT_2` CHECK (`width_px` > 0)
) ENGINE=InnoDB DEFAULT CHARSET=latin1 COLLATE=latin1_swedish_ci;
/*!40101 SET character_set_client = @saved_cs_client */;

--
-- Dumping data for table `resolutions`
--

LOCK TABLES `resolutions` WRITE;
/*!40000 ALTER TABLE `resolutions` DISABLE KEYS */;
INSERT INTO `resolutions` VALUES
('alcatel 1 (2021)',960,480),
('alcatel 1B (2022)',1440,720),
('alcatel 1L (2021)',1560,720),
('alcatel 1S (2021)',1600,720),
('alcatel 1SE (2020)',1520,720),
('alcatel 3L (2021)',1600,720),
('alcatel Go Flip 3',320,240),
('alcatel Go Flip V',320,240),
('Allview Soul X7 Pro',2340,1080),
('Allview Soul X7 Style',1520,720),
('Apple iPhone 11',1792,828),
('Apple iPhone 11 Pro',2436,1125),
('Apple iPhone 11 Pro Max',2688,1242),
('Apple iPhone 12',2532,1170),
('Apple iPhone 12 mini',2340,1080),
('Apple iPhone 12 Pro',2532,1170),
('Apple iPhone 12 Pro Max',2778,1284),
('Apple iPhone 13',2532,1170),
('Apple iPhone 13 mini',2340,1080),
('Apple iPhone 13 Pro',2532,1170),
('Apple iPhone 13 Pro Max',2778,1284),
('Apple iPhone 14',2532,1170),
('Apple iPhone 14 Plus',2778,1284),
('Apple iPhone 14 Pro',2556,1179),
('Apple iPhone 14 Pro Max',2796,1290),
('Apple iPhone 15',2556,1179),
('Apple iPhone 15 Plus',2796,1290),
('Apple iPhone 15 Pro',2556,1179),
('Apple iPhone 15 Pro Max',2796,1290),
('Apple iPhone SE (2020)',1334,750),
('Apple iPhone SE (2022)',1334,750),
('Asus ROG Phone 3',2340,1080),
('Asus ROG Phone 3 Strix',2340,1080),
('Asus ROG Phone 5',2448,1080),
('Asus ROG Phone 5 Pro',2448,1080),
('Asus ROG Phone 5 Ultimate',2448,1080),
('Asus ROG Phone 5s',2448,1080),
('Asus ROG Phone 5s Pro',2448,1080),
('Asus ROG Phone 6',2448,1080),
('Asus ROG Phone 6 Batman Edition',2448,1080),
('Asus ROG Phone 6 Pro',2448,1080),
('Asus ROG Phone 6D',2448,1080),
('Asus ROG Phone 8',2400,1080),
('Asus ROG Phone 8 Pro',2400,1080),
('Asus Smartphone for Snapdragon Insiders',2400,1080),
('Asus Zenfone 10',2400,1080),
('Asus Zenfone 11 Ultra',2400,1080),
('Asus Zenfone 7',2400,1080),
('Asus Zenfone 7 Pro',2400,1080),
('Asus Zenfone 8 Flip',2400,1080),
('Blackview A200 Pro',2400,1080),
('Blackview A52',1600,720),
('Blackview A85',1612,720),
('Blackview Active 8 Pro',2000,1200),
('Blackview BL8800',2408,1080),
('Blackview BL8800 Pro',2408,1080),
('Blackview BV5200',1560,720),
('Blackview BV5200 Pro',1560,720),
('Blackview BV7100',2408,1080),
('Blackview BV7200',1560,720),
('Blackview BV8800',2408,1080),
('Blackview BV8900',2408,1080),
('Blackview BV9200',2408,1080),
('Blackview BV9300',2388,1080),
('Blackview N6000',1200,540),
('BLU A5L',800,480),
('BLU Bold N2',2340,1080),
('BLU C7',1600,720),
('BLU C7X',1600,720),
('BLU F91',2460,1080),
('BLU F92e',1600,720),
('BLU G50',1440,720),
('BLU G50 Plus',1520,720),
('BLU G51 Plus',1600,720),
('BLU G61',1600,720),
('BLU G71',1600,720),
('BLU G80',1600,720),
('BLU G90',1600,720),
('BLU G90 Pro',2340,1080),
('BLU G91',1600,720),
('BLU G91 Max',2460,1080),
('BLU G91 Pro',2400,1080),
('BLU G91s',2460,1080),
('BLU J6S',1560,720),
('BLU M7L',1240,600),
('BLU S91',1600,720),
('BLU Studio X10',854,480),
('BLU Studio X10+',960,480),
('BLU Studio X12',960,480),
('BLU Studio X9 HD',1280,720),
('Cat S22 Flip',640,480),
('Cat S42 H+',1440,720),
('Cat S53',1600,720),
('Cat S62',2160,1080),
('Cat S62 Pro',2160,1080),
('Coolpad Cool 10',1600,720),
('Coolpad Cool 10A',1600,720),
('Coolpad Cool 12A',1560,720),
('Coolpad Cool 20',1600,720),
('Coolpad Cool 20 Pro',2400,1080),
('Coolpad Cool 20s',2408,1080),
('Coolpad Cool 6',2340,1080),
('Coolpad CP12',1600,720),
('Coolpad CP12p',1600,720),
('Cubot KingKong 8',1612,720),
('Cubot KingKong Star',2460,1080),
('Cubot KingKong X',2408,1080),
('Cubot Max 5',2460,1080),
('Cubot Note 21',1612,720),
('Cubot Note 40',1612,720),
('Cubot Note 50',1612,720),
('Doogee Smini',1170,480),
('Doogee V20 Pro',2400,1080),
('Doogee V30',2408,1080),
('Doogee X96',1600,720),
('Energizer E242s',320,240),
('Energizer E280s',320,240),
('Energizer Hardcase H620S',1440,720),
('Fairphone 3+',2160,1080),
('Fairphone 4',2340,1080),
('Fairphone 5',2700,1224),
('Gionee G13 Pro',1600,720),
('Gionee K6',1560,720),
('Gionee M12',1600,720),
('Gionee M3',1600,720),
('Gionee M30',1440,720),
('Gionee Max',1560,720),
('Gionee Max Pro',1560,720),
('Gionee P12',1600,720),
('Gionee P15 Pro',1640,720),
('Gionee S12',1600,720),
('Google Pixel 3a',2220,1080),
('Google Pixel 3a XL',2160,1080),
('Google Pixel 4',2280,1080),
('Google Pixel 4 XL',3040,1440),
('Google Pixel 4a',2340,1080),
('Google Pixel 4a 5G',2340,1080),
('Google Pixel 5',2340,1080),
('Google Pixel 5a 5G',2400,1080),
('Google Pixel 6',2400,1080),
('Google Pixel 6 Pro',3120,1440),
('Google Pixel 6a',2400,1080),
('Google Pixel 7',2400,1080),
('Google Pixel 7 Pro',3120,1440),
('Google Pixel 7a',2400,1080),
('Google Pixel 8',2400,1080),
('Google Pixel 8 Pro',2992,1344),
('Google Pixel 8a',2400,1080),
('Google Pixel Fold',2208,1840),
('HMD 105',160,120),
('HMD 110',160,120),
('HMD T21',2000,1200),
('HMD Vibe',1480,720),
('Honor 100',2664,1200),
('Honor 100 Pro',2700,1224),
('Honor 10X Lite',2400,1080),
('Honor 200 Lite',2412,1080),
('Honor 20e',2340,1080),
('Honor 30',2400,1080),
('Honor 30 Pro',2340,1080),
('Honor 30 Pro+',2340,1080),
('Honor 30 Youth',2400,1080),
('Honor 30i',2400,1080),
('Honor 30S',2400,1080),
('Honor 50',2340,1080),
('Honor 50 Lite',2376,1080),
('Honor 50 Pro',2676,1236),
('Honor 50 SE',2388,1080),
('Honor 60',2400,1080),
('Honor 60 Pro',2652,1200),
('Honor 60 SE',2400,1080),
('Honor 70',2400,1080),
('Honor 70 Lite',1600,720),
('Honor 70 Pro',2652,1200),
('Honor 70 Pro+',2652,1200),
('Honor 80',2400,1080),
('Honor 80 GT',2400,1080),
('Honor 80 Pro',2700,1224),
('Honor 80 Pro Flat',2400,1080),
('Honor 80 SE',2400,1080),
('Honor 8A 2020',1560,720),
('Honor 8A Prime',1560,720),
('Honor 8S 2020',1520,720),
('Honor 90',2664,1200),
('Honor 90 GT',2664,1200),
('Honor 90 Lite',2388,1080),
('Honor 90 Pro',2700,1224),
('Honor 9A',1600,720),
('Honor 9C',1560,720),
('Honor 9S',1440,720),
('Honor 9X',2340,1080),
('Honor 9X Lite',2340,1080),
('Honor 9X Pro',2340,1080),
('Honor Magic V',2272,1984),
('Honor Magic V Flip',2520,1080),
('Honor Magic V2',2344,2156),
('Honor Magic V2 RSR Porsche Design',2344,2156),
('Honor Magic V3',2344,2156),
('Honor Magic Vs',2272,1984),
('Honor Magic Vs Ultimate',2272,1984),
('Honor Magic Vs2',2344,2156),
('Honor Magic Vs3',2344,2156),
('Honor Magic3',2772,1344),
('Honor Magic3 Pro',2772,1344),
('Honor Magic3 Pro+',2772,1344),
('Honor Magic4',2664,1224),
('Honor Magic4 Lite',2388,1080),
('Honor Magic4 Pro',2848,1312),
('Honor Magic4 Ultimate',2848,1312),
('Honor Magic5',2688,1224),
('Honor Magic5 Lite',2400,1080),
('Honor Magic5 Pro',2848,1312),
('Honor Magic5 Ultimate',2848,1312),
('Honor Magic6',2800,1264),
('Honor Magic6 Lite',2652,1220),
('Honor Magic6 Pro',2800,1280),
('Honor Magic6 RSR Porsche Design',2800,1280),
('Honor Magic6 Ultimate',2800,1280),
('Honor Play 20',1600,720),
('Honor Play 30',1600,720),
('Honor Play 30 Plus',1600,720),
('Honor Play 40',1612,720),
('Honor Play 40 Plus',1600,720),
('Honor Play 4T',1560,720),
('Honor Play 4T Pro',2400,1080),
('Honor Play 50 Plus',2412,1080),
('Honor Play 5T Pro',2400,1080),
('Honor Play 5T Youth',1600,720),
('Honor Play 60 Plus',1610,720),
('Honor Play 8T',2412,1080),
('Honor Play 9A',1600,720),
('Honor Play4',2400,1080),
('Honor Play4 Pro',2400,1080),
('Honor Play5 5G',2400,1080),
('Honor Play5 Youth',2376,1080),
('Honor Play6C',1600,720),
('Honor Play6T',1600,720),
('Honor Play6T Pro',2388,1080),
('Honor Play7T',1600,720),
('Honor Play7T Pro',2388,1080),
('Honor V Purse',2348,2016),
('Honor V40 5G',2676,1236),
('Honor V40 Lite',2340,1080),
('Honor V6',2000,1200),
('Honor X10 5G',2400,1080),
('Honor X10 Max 5G',2280,1080),
('Honor X20',2376,1080),
('Honor X20 SE',2400,1080),
('Honor X30',2388,1080),
('Honor X30 Max',2280,1080),
('Honor X30i',2388,1080),
('Honor X40',2400,1080),
('Honor X40 GT',2388,1080),
('Honor X40 GT Racing',2388,1080),
('Honor X40i',2388,1080),
('Honor X5',1600,720),
('Honor X50',2652,1220),
('Honor X50 GT',2652,1220),
('Honor X50i',2388,1080),
('Honor X50i+',2412,1080),
('Honor X6a',1612,720),
('Honor X7a',1600,720),
('Honor X7b',2412,1080),
('Honor X8',2388,1080),
('Honor X8 5G',1600,720),
('Honor X8a',2388,1080),
('Honor X8b',2412,1080),
('Honor X9',2388,1080),
('Honor X9 5G',2388,1080),
('Honor X9a',2400,1080),
('HTC A101 Plus',1920,1200),
('HTC Desire 19+',1520,720),
('HTC Desire 19s',1520,720),
('HTC Desire 20 Pro',2340,1080),
('HTC Desire 20+',1600,720),
('HTC Desire 21 Pro 5G',2400,1080),
('HTC Desire 22 Pro',2412,1080),
('HTC U19e',2160,1080),
('HTC U23 Pro',2400,1080),
('HTC U24 Pro',2436,1080),
('HTC Wildfire E',1440,720),
('HTC Wildfire E plus',1600,720),
('HTC Wildfire E1',1560,720),
('HTC Wildfire E1 lite',1440,720),
('HTC Wildfire E1 plus',1560,720),
('HTC Wildfire E2',1560,720),
('HTC Wildfire E2 Plus',1640,720),
('HTC Wildfire E3',1560,720),
('HTC Wildfire X',1520,720),
('Huawei Enjoy 20 5G',1600,720),
('Huawei Enjoy 20 Plus 5G',2400,1080),
('Huawei Enjoy 20 Pro',2400,1080),
('Huawei Enjoy 20 SE',2400,1080),
('Huawei Enjoy 20e',1600,720),
('Huawei Enjoy 50z',1600,720),
('Huawei Enjoy 60',1600,720),
('Huawei Enjoy 60X',2376,1080),
('Huawei Enjoy 70',1600,720),
('Huawei Enjoy 70z',1600,720),
('Huawei Enjoy Z 5G',2400,1080),
('Huawei Mate 30 Pro',2400,1176),
('Huawei Mate 30 Pro 5G',2400,1176),
('Huawei Mate 30E Pro 5G',2400,1176),
('Huawei Mate 40',2376,1080),
('Huawei Mate 40 Pro',2772,1344),
('Huawei Mate 40 Pro 4G',2772,1344),
('Huawei Mate 40 Pro+',2772,1344),
('Huawei Mate 40 RS Porsche Design',2772,1344),
('Huawei Mate 40E',2376,1080),
('Huawei Mate 40E 4G',2376,1080),
('Huawei Mate 50',2700,1224),
('Huawei Mate 50 Pro',2616,1212),
('Huawei Mate 50 RS Porsche Design',2616,1212),
('Huawei Mate 50E',2700,1224),
('Huawei Mate 60',2688,1216),
('Huawei Mate 60 Pro',2720,1260),
('Huawei Mate 60 RS Ultimate',2720,1260),
('Huawei Mate X2',2480,2200),
('Huawei Mate X2 4G',2480,2200),
('Huawei Mate X3',2496,2224),
('Huawei Mate Xs',2480,2200),
('Huawei Mate Xs 2',2480,2200),
('Huawei nova 10',2400,1080),
('Huawei nova 10 Pro',2652,1200),
('Huawei nova 10 SE',2400,1080),
('Huawei nova 10 Youth',2388,1080),
('Huawei nova 10z',2400,1080),
('Huawei nova 11',2412,1084),
('Huawei nova 11 Pro',2652,1200),
('Huawei nova 11 SE',2400,1080),
('Huawei nova 11i',2388,1080),
('Huawei nova 12',2412,1084),
('Huawei nova 12 Lite',2412,1084),
('Huawei nova 12 Pro',2776,1224),
('Huawei nova 12 Ultra',2776,1224),
('Huawei nova 5T',2340,1080),
('Huawei nova 7 5G',2400,1080),
('Huawei nova 7 Pro 5G',2340,1080),
('Huawei nova 7 SE 5G Youth',2400,1080),
('Huawei nova 7i',2310,1080),
('Huawei nova 8',2340,1080),
('Huawei nova 8 5G',2340,1080),
('Huawei nova 8 Pro 5G',2676,1236),
('Huawei nova 8 SE',2400,1080),
('Huawei nova 8 SE 4G',2400,1080),
('Huawei nova 8 SE Youth',2400,1080),
('Huawei nova 8i',2376,1080),
('Huawei nova 9 Pro',2676,1236),
('Huawei nova 9 SE',2388,1080),
('Huawei nova Y60',1600,720),
('Huawei nova Y90',2388,1080),
('Huawei nova Y91',2376,1080),
('Huawei P smart 2020',2340,1080),
('Huawei P smart 2021',2400,1080),
('Huawei P Smart S',2400,1080),
('Huawei P30',2340,1080),
('Huawei P30 lite',2312,1080),
('Huawei P30 lite New Edition',2312,1080),
('Huawei P30 Pro',2340,1080),
('Huawei P30 Pro New Edition',2340,1080),
('Huawei P40',2340,1080),
('Huawei P40 4G',2340,1080),
('Huawei P40 lite',2310,1080),
('Huawei P40 lite 5G',2400,1080),
('Huawei P40 lite E',1560,720),
('Huawei P40 Pro',2640,1200),
('Huawei P40 Pro+',2640,1200),
('Huawei P50',2700,1224),
('Huawei P50 Pocket',2790,1188),
('Huawei P50E',2700,1224),
('Huawei P60',2700,1220),
('Huawei P60 Art',2700,1220),
('Huawei P60 Pro',2700,1220),
('Huawei Pocket 2',2690,1136),
('Huawei Pocket S',2790,1188),
('Huawei Pura 70',2760,1256),
('Huawei Pura 70 Pro',2844,1260),
('Huawei Pura 70 Pro+',2844,1260),
('Huawei Pura 70 Ultra',2844,1260),
('Huawei Y5 (2019)',1520,720),
('Huawei Y5p',1440,720),
('Huawei Y6p',1600,720),
('Huawei Y7a',2400,1080),
('Huawei Y7p',1560,720),
('Huawei Y8p',2400,1080),
('Huawei Y8s',2340,1080),
('Huawei Y9 Prime (2019)',2340,1080),
('Huawei Y9a',2400,1080),
('Huawei Y9s',2340,1080),
('Infinix GT 10 Pro',2400,1080),
('Infinix Hot 10',1640,720),
('Infinix Hot 11',2408,1080),
('Infinix Hot 11 2022',2400,1080),
('Infinix Hot 11s',2480,1080),
('Infinix Hot 12',1612,720),
('Infinix Hot 12 Play',1612,720),
('Infinix Hot 12 Pro',1612,720),
('Infinix Hot 12i',1612,720),
('Infinix Hot 20',1640,720),
('Infinix Hot 20 5G',2408,1080),
('Infinix Hot 20 Play',1640,720),
('Infinix Hot 20i',1612,720),
('Infinix Hot 9 Play',1640,720),
('Infinix Hot 9 Pro',1600,720),
('Infinix Note 10 Pro',2460,1080),
('Infinix Note 11',2400,1080),
('Infinix Note 12',2400,1080),
('Infinix Note 12 (2023)',2400,1080),
('Infinix Note 12 5G',2400,1080),
('Infinix Note 12 G96',2400,1080),
('Infinix Note 12 Pro',2400,1080),
('Infinix Note 12 Pro 5G',2400,1080),
('Infinix Note 12 VIP',2400,1080),
('Infinix Note 12i',1640,720),
('Infinix Note 12i 2022',2400,1080),
('Infinix Note 30 VIP',2400,1080),
('Infinix Note 40',2436,1080),
('Infinix Note 40 5G',2436,1080),
('Infinix Note 40 Pro',2436,1080),
('Infinix Note 40 Pro 4G',2436,1080),
('Infinix Note 40 Pro+',2436,1080),
('Infinix S5 Pro',2340,1080),
('Infinix Smart 5',1600,720),
('Infinix Smart 5 (India)',1640,720),
('Infinix Smart 6 Plus (India)',1600,720),
('Infinix Smart 7',1612,720),
('Infinix Smart 7 (India)',1612,720),
('Infinix Smart 7 HD',1612,720),
('Infinix Smart 8',1612,720),
('Infinix Smart HD 2021',1560,720),
('Infinix Zero 20',2400,1080),
('Infinix Zero 30 4G',2400,1080),
('Infinix Zero 5G',2460,1080),
('Infinix Zero 5G 2023',2460,1080),
('Infinix Zero 8',2460,1080),
('Infinix Zero 8i',2460,1080),
('Infinix Zero Ultra',2400,1080),
('Infinix Zero X',2400,1080),
('Infinix Zero X Pro',2400,1080),
('itel S23+',2400,1080),
('Lava Agni 5G',2460,1080),
('Lava Blaze 2 5G',1600,720),
('Lava Blaze 2 Pro',1600,720),
('Lava Blaze 5G',1600,720),
('Lava Blaze Curve',2400,1080),
('Lava Blaze Nxt',1600,720),
('Lava Blaze Pro',1600,720),
('Lava Blaze X',2400,1080),
('Lava O2',1600,720),
('Lava X2',1600,720),
('Lava X3',1600,720),
('Lava Yuva 2',1600,720),
('Lava Yuva 2 Pro',1600,720),
('Lava Yuva 3 Pro',1600,720),
('Lava Yuva 5G',1600,720),
('Lava Yuva Pro',1600,720),
('Lava Z1',854,480),
('Lava Z2',1600,720),
('Lava Z2 Max',1640,720),
('Lava Z2s',1600,720),
('Lava Z3 Pro',1600,720),
('Lava Z4',1600,720),
('Lava Z6',1600,720),
('Lenovo A8 2020',1560,720),
('Lenovo K10 Note',2340,1080),
('Lenovo K12 (China)',1600,720),
('Lenovo K12 Pro',1640,720),
('Lenovo K13',1600,720),
('Lenovo K13 Note',1600,720),
('Lenovo Legion 2 Pro',2460,1080),
('Lenovo Legion Duel',2340,1080),
('Lenovo Legion Duel 2',2460,1080),
('Lenovo Legion Y70',2400,1080),
('Lenovo Legion Y700',2560,1600),
('Lenovo Legion Y700 (2023)',2560,1600),
('Lenovo Legion Y90',2460,1080),
('Lenovo M10 FHD REL',1920,1200),
('Lenovo M10 Plus',1920,1200),
('Lenovo Z6',2340,1080),
('Lenovo Z6 Pro',2340,1080),
('Lenovo Z6 Pro 5G',2340,1080),
('LG G8 ThinQ',3120,1440),
('LG G8S ThinQ',2248,1080),
('LG G8X ThinQ',2340,1080),
('LG K22',1520,720),
('LG K31',1520,720),
('LG K41S',1600,720),
('LG K42',1600,720),
('LG K51S',1600,720),
('LG K52',1600,720),
('LG K61',2340,1080),
('LG K62',1600,720),
('LG K92 5G',2400,1080),
('LG Q31',1520,720),
('LG Q52',1600,720),
('LG Q92 5G',2400,1080),
('LG Stylo 6',2460,1080),
('LG V50 ThinQ 5G',3120,1440),
('LG V60 ThinQ 5G',2460,1080),
('LG V60 ThinQ 5G UW',2460,1080),
('LG Velvet',2460,1080),
('LG Velvet 5G',2460,1080),
('LG W10 Alpha',1512,720),
('LG W31',1600,720),
('LG W31+',1600,720),
('LG W41',1600,900),
('LG W41 Pro',1600,900),
('LG W41+',1600,900),
('LG Wing 5G',2460,1080),
('Meizu 17',2340,1080),
('Meizu 17 Pro',2340,1080),
('Meizu 18',3200,1440),
('Meizu 18 Pro',3200,1440),
('Meizu 18s',3200,1440),
('Meizu 18s Pro',3200,1440),
('Meizu 18x',2400,1080),
('Meizu 20',2400,1080),
('Meizu 20 Classic',2400,1080),
('Meizu 20 Infinity',3192,1368),
('Meizu 20 Pro',3200,1440),
('Meizu 21',2340,1080),
('Meizu 21 Note',2780,1264),
('Meizu 21 Pro',3192,1368),
('Micromax In 1',2400,1080),
('Micromax In 1b',1600,720),
('Micromax In 2b',1600,720),
('Micromax In 2c',1600,720),
('Micromax In note 1',2400,1080),
('Micromax In note 2',2400,1080),
('Microsoft Surface Duo',2700,1800),
('Microsoft Surface Duo 2',2688,1892);
/*!40000 ALTER TABLE `resolutions` ENABLE KEYS */;
UNLOCK TABLES;

--
-- Table structure for table `users`
--

DROP TABLE IF EXISTS `users`;
/*!40101 SET @saved_cs_client     = @@character_set_client */;
/*!40101 SET character_set_client = utf8 */;
CREATE TABLE `users` (
  `id_user` int(11) NOT NULL,
  `name` varchar(255) DEFAULT NULL,
  `address` varchar(255) DEFAULT NULL,
  `total_screentime` int(11) DEFAULT NULL,
  `avg_screentime_perday` int(11) DEFAULT NULL,
  PRIMARY KEY (`id_user`),
  CONSTRAINT `CONSTRAINT_1` CHECK (`total_screentime` >= 0),
  CONSTRAINT `CONSTRAINT_2` CHECK (`avg_screentime_perday` >= 0)
) ENGINE=InnoDB DEFAULT CHARSET=latin1 COLLATE=latin1_swedish_ci;
/*!40101 SET character_set_client = @saved_cs_client */;

--
-- Dumping data for table `users`
--

LOCK TABLES `users` WRITE;
/*!40000 ALTER TABLE `users` DISABLE KEYS */;
/*!40000 ALTER TABLE `users` ENABLE KEYS */;
UNLOCK TABLES;

--
-- Table structure for table `users_phones`
--

DROP TABLE IF EXISTS `users_phones`;
/*!40101 SET @saved_cs_client     = @@character_set_client */;
/*!40101 SET character_set_client = utf8 */;
CREATE TABLE `users_phones` (
  `id_user` int(11) NOT NULL,
  `phone_name` varchar(255) NOT NULL,
  `purchase_date` date NOT NULL,
  PRIMARY KEY (`id_user`,`phone_name`),
  KEY `phone_name` (`phone_name`),
  CONSTRAINT `users_phones_ibfk_1` FOREIGN KEY (`id_user`) REFERENCES `users` (`id_user`),
  CONSTRAINT `users_phones_ibfk_2` FOREIGN KEY (`phone_name`) REFERENCES `phones` (`name`)
) ENGINE=InnoDB DEFAULT CHARSET=latin1 COLLATE=latin1_swedish_ci;
/*!40101 SET character_set_client = @saved_cs_client */;

--
-- Dumping data for table `users_phones`
--

LOCK TABLES `users_phones` WRITE;
/*!40000 ALTER TABLE `users_phones` DISABLE KEYS */;
/*!40000 ALTER TABLE `users_phones` ENABLE KEYS */;
UNLOCK TABLES;
/*!40103 SET TIME_ZONE=@OLD_TIME_ZONE */;

/*!40101 SET SQL_MODE=@OLD_SQL_MODE */;
/*!40014 SET FOREIGN_KEY_CHECKS=@OLD_FOREIGN_KEY_CHECKS */;
/*!40014 SET UNIQUE_CHECKS=@OLD_UNIQUE_CHECKS */;
/*!40101 SET CHARACTER_SET_CLIENT=@OLD_CHARACTER_SET_CLIENT */;
/*!40101 SET CHARACTER_SET_RESULTS=@OLD_CHARACTER_SET_RESULTS */;
/*!40101 SET COLLATION_CONNECTION=@OLD_COLLATION_CONNECTION */;
/*M!100616 SET NOTE_VERBOSITY=@OLD_NOTE_VERBOSITY */;

-- Dump completed on 2024-08-02 21:57:59
