[
    {
        "ingredient_name": "DILL\nNutrition\nA green herb with feathery leaves, called dill weed. The flat tan dill seed is actually the dried fruit of the herb.\nSEASON\navailable year-round\nHOW TO PREPARE\nThe flavor is destroyed in heating so add at the end of cooking. Often used in pickles and flavoring fish.\nMATCHES WELL WITH\nbeets, breads, cabbage, carrots, chicken cucumbers, cream sauces, eggs, fish, pickles, potatoes, salmon, scallops, seafood, sour cream, tomatoes, veal\nSUBSTITUTIONS\n1 tbsp dill seed = 3 heads fresh or dried dillweed",
        "description": "A green herb with feathery leaves, called dill weed. The flat tan dill seed is actually the dried fruit of the herb.",
        "how_to_select": "",
        "how_to_store": "",
        "how_to_prepare": "The flavor is destroyed in heating so add at the end of cooking. Often used in pickles and flavoring fish.",
        "matches_well_with": "beets, breads, cabbage, carrots, chicken cucumbers, cream sauces, eggs, fish, pickles, potatoes, salmon, scallops, seafood, sour cream, tomatoes, veal",
        "substitution": ""
    }
]