[
    {
        "food_name": "SHAKSHUKA BURRITO WITH ROASTED PEPPER SALSA AND TZATZIKI",
        "ingredient": "dill"
    },
    {
        "food_name": "SHAKSHUKA BURRITO WITH ROASTED PEPPER SALSA AND TZATZIKI",
        "ingredient": "parsley"
    },
    {
        "food_name": "SHAKSHUKA BURRITO WITH ROASTED PEPPER SALSA AND TZATZIKI",
        "ingredient": "scallion"
    },
    {
        "food_name": "SHAKSHUKA BURRITO WITH ROASTED PEPPER SALSA AND TZATZIKI",
        "ingredient": "mint"
    },
    {
        "food_name": "SHAKSHUKA BURRITO WITH ROASTED PEPPER SALSA AND TZATZIKI",
        "ingredient": "kosher salt"
    },
    {
        "food_name": "SHAKSHUKA BURRITO WITH ROASTED PEPPER SALSA AND TZATZIKI",
        "ingredient": "lemon"
    },
    {
        "food_name": "SHAKSHUKA BURRITO WITH ROASTED PEPPER SALSA AND TZATZIKI",
        "ingredient": "mint"
    },
    {
        "food_name": "SHAKSHUKA BURRITO WITH ROASTED PEPPER SALSA AND TZATZIKI",
        "ingredient": "dill"
    },
    {
        "food_name": "SHAKSHUKA BURRITO WITH ROASTED PEPPER SALSA AND TZATZIKI",
        "ingredient": "garlic clove"
    },
    {
        "food_name": "SHAKSHUKA BURRITO WITH ROASTED PEPPER SALSA AND TZATZIKI",
        "ingredient": "apple cider vinegar"
    },
    {
        "food_name": "SHAKSHUKA BURRITO WITH ROASTED PEPPER SALSA AND TZATZIKI",
        "ingredient": "kosher salt"
    },
    {
        "food_name": "SHAKSHUKA BURRITO WITH ROASTED PEPPER SALSA AND TZATZIKI",
        "ingredient": "ground black pepper"
    },
    {
        "food_name": "SHAKSHUKA BURRITO WITH ROASTED PEPPER SALSA AND TZATZIKI",
        "ingredient": "extra virgin olive oil"
    },
    {
        "food_name": "SHAKSHUKA BURRITO WITH ROASTED PEPPER SALSA AND TZATZIKI",
        "ingredient": "paprika"
    },
    {
        "food_name": "SHAKSHUKA BURRITO WITH ROASTED PEPPER SALSA AND TZATZIKI",
        "ingredient": "cherry tomatoes"
    },
    {
        "food_name": "SHAKSHUKA BURRITO WITH ROASTED PEPPER SALSA AND TZATZIKI",
        "ingredient": "extra virgin olive oil"
    },
    {
        "food_name": "SHAKSHUKA BURRITO WITH ROASTED PEPPER SALSA AND TZATZIKI",
        "ingredient": "kosher salt"
    },
    {
        "food_name": "SHAKSHUKA BURRITO WITH ROASTED PEPPER SALSA AND TZATZIKI",
        "ingredient": "eggplant"
    },
    {
        "food_name": "SHAKSHUKA BURRITO WITH ROASTED PEPPER SALSA AND TZATZIKI",
        "ingredient": "yellow onion"
    },
    {
        "food_name": "SHAKSHUKA BURRITO WITH ROASTED PEPPER SALSA AND TZATZIKI",
        "ingredient": "garlic cloves"
    },
    {
        "food_name": "SHAKSHUKA BURRITO WITH ROASTED PEPPER SALSA AND TZATZIKI",
        "ingredient": "paprika"
    },
    {
        "food_name": "SHAKSHUKA BURRITO WITH ROASTED PEPPER SALSA AND TZATZIKI",
        "ingredient": "cayenne pepper"
    },
    {
        "food_name": "SHAKSHUKA BURRITO WITH ROASTED PEPPER SALSA AND TZATZIKI",
        "ingredient": "cumin seed"
    },
    {
        "food_name": "SHAKSHUKA BURRITO WITH ROASTED PEPPER SALSA AND TZATZIKI",
        "ingredient": "sweet potato"
    },
    {
        "food_name": "SHAKSHUKA BURRITO WITH ROASTED PEPPER SALSA AND TZATZIKI",
        "ingredient": "zucchini"
    },
    {
        "food_name": "SHAKSHUKA BURRITO WITH ROASTED PEPPER SALSA AND TZATZIKI",
        "ingredient": "red bell pepper"
    },
    {
        "food_name": "SHAKSHUKA BURRITO WITH ROASTED PEPPER SALSA AND TZATZIKI",
        "ingredient": "whole wheat tortillas"
    },
    {
        "food_name": "SHAKSHUKA BURRITO WITH ROASTED PEPPER SALSA AND TZATZIKI",
        "ingredient": "eggs"
    },
    {
        "food_name": "SHAKSHUKA BURRITO WITH ROASTED PEPPER SALSA AND TZATZIKI",
        "ingredient": "avocados"
    }
]